season,route_id,route_name,train,direction_id,day_type_id,day_type_name,stop_time,stop_id,stopsequence,average_ons,average_offs,average_load,ObjectId
Fall 2024,CR-Middleborough,Middleborough/Lakeville Line,2,1,day_type_01,weekday,1/1/2024 4:50,Middleborough/Lakeville,1.0,71,0,71,9956
Fall 2024,CR-Middleborough,Middleborough/Lakeville Line,2,1,day_type_01,weekday,1/1/2024 5:00,Bridgewater,2.0,31,0,102,9959
Fall 2024,CR-Middleborough,Middleborough/Lakeville Line,2,1,day_type_01,weekday,1/1/2024 5:07,Campello,3.0,33,0,135,9967
Fall 2024,CR-Middleborough,Middleborough/Lakeville Line,2,1,day_type_01,weekday,1/1/2024 5:11,Brockton,4.0,50,2,183,9970
Fall 2024,CR-Middleborough,Middleborough/Lakeville Line,2,1,day_type_01,weekday,1/1/2024 5:14,Montello,5.0,50,1,232,9973
Fall 2024,CR-Middleborough,Middleborough/Lakeville Line,2,1,day_type_01,weekday,1/1/2024 5:19,Holbrook/Randolph,6.0,24,1,255,9976
Fall 2024,CR-Middleborough,Middleborough/Lakeville Line,2,1,day_type_01,weekday,1/1/2024 5:27,Braintree,7.0,18,4,269,9979
Fall 2024,CR-Middleborough,Middleborough/Lakeville Line,2,1,day_type_01,weekday,1/1/2024 5:32,Quincy Center,8.0,5,8,266,9982
Fall 2024,CR-Middleborough,Middleborough/Lakeville Line,2,1,day_type_01,weekday,1/1/2024 5:41,JFK/UMass,9.0,26,13,279,9985
Fall 2024,CR-Middleborough,Middleborough/Lakeville Line,2,1,day_type_01,weekday,1/1/2024 5:50,South Station,10.0,0,279,0,9988
Fall 2024,CR-Middleborough,Middleborough/Lakeville Line,4,1,day_type_01,weekday,1/1/2024 5:50,Middleborough/Lakeville,1.0,89,0,89,9999
Fall 2024,CR-Middleborough,Middleborough/Lakeville Line,4,1,day_type_01,weekday,1/1/2024 6:00,Bridgewater,2.0,57,1,145,10000
Fall 2024,CR-Kingston,Kingston Line,44,1,day_type_01,weekday,1/1/2024 7:39,Hanson,3.0,67,0,364,10001
Fall 2024,CR-Kingston,Kingston Line,44,1,day_type_01,weekday,1/1/2024 7:45,Whitman,4.0,65,0,429,10002
Fall 2024,CR-Kingston,Kingston Line,44,1,day_type_01,weekday,1/1/2024 7:49,Abington,5.0,115,0,544,10003
Fall 2024,CR-Kingston,Kingston Line,44,1,day_type_01,weekday,1/1/2024 7:54,South Weymouth,6.0,136,0,680,10004
Fall 2024,CR-Kingston,Kingston Line,44,1,day_type_01,weekday,1/1/2024 8:02,Braintree,7.0,67,0,747,10005
Fall 2024,CR-Kingston,Kingston Line,44,1,day_type_01,weekday,1/1/2024 8:07,Quincy Center,8.0,64,3,808,10006
Fall 2024,CR-Kingston,Kingston Line,44,1,day_type_01,weekday,1/1/2024 8:16,JFK/UMass,9.0,29,66,771,10007
Fall 2024,CR-Kingston,Kingston Line,44,1,day_type_01,weekday,1/1/2024 8:28,South Station,10.0,0,771,0,10008
Fall 2024,CR-Kingston,Kingston Line,45,0,day_type_01,weekday,1/1/2024 9:33,South Station,1.0,13,0,13,10009
Fall 2024,CR-Kingston,Kingston Line,45,0,day_type_01,weekday,1/1/2024 9:39,JFK/UMass,2.0,0,9,4,10010
Fall 2024,CR-Kingston,Kingston Line,45,0,day_type_01,weekday,1/1/2024 9:48,Quincy Center,3.0,1,0,5,10011
Fall 2024,CR-Kingston,Kingston Line,45,0,day_type_01,weekday,1/1/2024 9:53,Braintree,4.0,0,2,3,10012
Fall 2024,CR-Kingston,Kingston Line,45,0,day_type_01,weekday,1/1/2024 10:00,South Weymouth,5.0,0,0,3,10013
Fall 2024,CR-Kingston,Kingston Line,45,0,day_type_01,weekday,1/1/2024 10:05,Abington,6.0,1,1,3,10014
Fall 2024,CR-Kingston,Kingston Line,45,0,day_type_01,weekday,1/1/2024 10:09,Whitman,7.0,0,1,2,10015
Fall 2024,CR-Kingston,Kingston Line,45,0,day_type_01,weekday,1/1/2024 10:15,Hanson,8.0,0,0,2,10016
Fall 2024,CR-Kingston,Kingston Line,45,0,day_type_01,weekday,1/1/2024 10:20,Halifax,9.0,0,1,1,10017
Fall 2024,CR-Kingston,Kingston Line,45,0,day_type_01,weekday,1/1/2024 10:32,Kingston,10.0,0,1,0,10018
Fall 2024,CR-Kingston,Kingston Line,46,1,day_type_01,weekday,1/1/2024 8:37,Kingston,1.0,61,0,61,10019
Fall 2024,CR-Kingston,Kingston Line,46,1,day_type_01,weekday,1/1/2024 8:46,Halifax,2.0,13,0,74,10020
Fall 2024,CR-Middleborough,Middleborough/Lakeville Line,24,1,day_type_01,weekday,1/1/2024 18:27,Campello,3.0,3,1,22,10021
Fall 2024,CR-Kingston,Kingston Line,46,1,day_type_01,weekday,1/1/2024 8:51,Hanson,3.0,9,0,83,10022
Fall 2024,CR-Kingston,Kingston Line,46,1,day_type_01,weekday,1/1/2024 8:57,Whitman,4.0,25,0,108,10023
Fall 2024,CR-Kingston,Kingston Line,46,1,day_type_01,weekday,1/1/2024 9:01,Abington,5.0,51,0,159,10024
Fall 2024,CR-Kingston,Kingston Line,46,1,day_type_01,weekday,1/1/2024 9:06,South Weymouth,6.0,91,0,250,10025
Fall 2024,CR-Kingston,Kingston Line,46,1,day_type_01,weekday,1/1/2024 9:14,Braintree,7.0,11,0,261,10026
Fall 2024,CR-Kingston,Kingston Line,46,1,day_type_01,weekday,1/1/2024 9:19,Quincy Center,8.0,35,7,289,10027
Fall 2024,CR-Kingston,Kingston Line,46,1,day_type_01,weekday,1/1/2024 9:28,JFK/UMass,9.0,1,14,276,10028
Fall 2024,CR-Kingston,Kingston Line,46,1,day_type_01,weekday,1/1/2024 9:37,South Station,10.0,0,276,0,10029
Fall 2024,CR-Kingston,Kingston Line,47,0,day_type_01,weekday,1/1/2024 10:48,South Station,1.0,20,0,20,10030
Fall 2024,CR-Kingston,Kingston Line,47,0,day_type_01,weekday,1/1/2024 10:54,JFK/UMass,2.0,5,0,25,10031
Fall 2024,CR-Kingston,Kingston Line,47,0,day_type_01,weekday,1/1/2024 11:03,Quincy Center,3.0,1,1,25,10032
Fall 2024,CR-Kingston,Kingston Line,47,0,day_type_01,weekday,1/1/2024 11:08,Braintree,4.0,0,3,22,10033
Fall 2024,CR-Kingston,Kingston Line,47,0,day_type_01,weekday,1/1/2024 11:15,South Weymouth,5.0,0,4,18,10034
Fall 2024,CR-Kingston,Kingston Line,47,0,day_type_01,weekday,1/1/2024 11:20,Abington,6.0,0,6,12,10035
Fall 2024,CR-Kingston,Kingston Line,47,0,day_type_01,weekday,1/1/2024 11:24,Whitman,7.0,0,1,11,10036
Fall 2024,CR-Kingston,Kingston Line,47,0,day_type_01,weekday,1/1/2024 11:30,Hanson,8.0,0,4,7,10037
Fall 2024,CR-Kingston,Kingston Line,47,0,day_type_01,weekday,1/1/2024 11:35,Halifax,9.0,0,1,6,10038
Fall 2024,CR-Kingston,Kingston Line,47,0,day_type_01,weekday,1/1/2024 11:47,Kingston,10.0,0,6,0,10039
Fall 2024,CR-Kingston,Kingston Line,48,1,day_type_01,weekday,1/1/2024 9:52,Kingston,1.0,23,0,23,10040
Fall 2024,CR-Kingston,Kingston Line,48,1,day_type_01,weekday,1/1/2024 10:01,Halifax,2.0,9,0,32,10041
Fall 2024,CR-Kingston,Kingston Line,48,1,day_type_01,weekday,1/1/2024 10:06,Hanson,3.0,6,0,38,10042
Fall 2024,CR-Kingston,Kingston Line,48,1,day_type_01,weekday,1/1/2024 10:16,Whitman,4.0,12,0,50,10043
Fall 2024,CR-Kingston,Kingston Line,48,1,day_type_01,weekday,1/1/2024 10:20,Abington,5.0,13,1,62,10044
Fall 2024,CR-Kingston,Kingston Line,48,1,day_type_01,weekday,1/1/2024 10:25,South Weymouth,6.0,24,0,86,10045
Fall 2024,CR-Kingston,Kingston Line,48,1,day_type_01,weekday,1/1/2024 10:32,Braintree,7.0,10,0,96,10046
Fall 2024,CR-Kingston,Kingston Line,48,1,day_type_01,weekday,1/1/2024 10:37,Quincy Center,8.0,6,6,96,10047
Fall 2024,CR-Kingston,Kingston Line,48,1,day_type_01,weekday,1/1/2024 10:46,JFK/UMass,9.0,0,19,77,10048
Fall 2024,CR-Kingston,Kingston Line,48,1,day_type_01,weekday,1/1/2024 10:54,South Station,10.0,0,77,0,10049
Fall 2024,CR-Kingston,Kingston Line,49,0,day_type_01,weekday,1/1/2024 12:03,South Station,1.0,31,0,31,10050
Fall 2024,CR-Kingston,Kingston Line,49,0,day_type_01,weekday,1/1/2024 12:09,JFK/UMass,2.0,10,1,40,10051
Fall 2024,CR-Middleborough,Middleborough/Lakeville Line,24,1,day_type_01,weekday,1/1/2024 18:31,Brockton,4.0,10,4,28,10052
Fall 2024,CR-Middleborough,Middleborough/Lakeville Line,24,1,day_type_01,weekday,1/1/2024 18:34,Montello,5.0,6,3,31,10053
Fall 2024,CR-Middleborough,Middleborough/Lakeville Line,24,1,day_type_01,weekday,1/1/2024 18:39,Holbrook/Randolph,6.0,6,7,30,10054
Fall 2024,CR-Middleborough,Middleborough/Lakeville Line,24,1,day_type_01,weekday,1/1/2024 18:47,Braintree,7.0,4,1,33,10055
Fall 2024,CR-Middleborough,Middleborough/Lakeville Line,24,1,day_type_01,weekday,1/1/2024 18:52,Quincy Center,8.0,2,8,27,10056
Fall 2024,CR-Middleborough,Middleborough/Lakeville Line,24,1,day_type_01,weekday,1/1/2024 19:01,JFK/UMass,9.0,2,12,17,10057
Fall 2024,CR-Middleborough,Middleborough/Lakeville Line,24,1,day_type_01,weekday,1/1/2024 19:10,South Station,10.0,0,17,0,10058
Fall 2024,CR-Middleborough,Middleborough/Lakeville Line,25,0,day_type_01,weekday,1/1/2024 19:05,South Station,1.0,162,0,162,10059
Fall 2024,CR-Middleborough,Middleborough/Lakeville Line,25,0,day_type_01,weekday,1/1/2024 19:11,JFK/UMass,2.0,23,3,182,10060
Fall 2024,CR-Middleborough,Middleborough/Lakeville Line,25,0,day_type_01,weekday,1/1/2024 19:20,Quincy Center,3.0,1,15,168,10061
Fall 2024,CR-Middleborough,Middleborough/Lakeville Line,25,0,day_type_01,weekday,1/1/2024 19:25,Braintree,4.0,7,9,166,10062
Fall 2024,CR-Middleborough,Middleborough/Lakeville Line,25,0,day_type_01,weekday,1/1/2024 19:33,Holbrook/Randolph,5.0,0,13,153,10063
Fall 2024,CR-Middleborough,Middleborough/Lakeville Line,25,0,day_type_01,weekday,1/1/2024 19:38,Montello,6.0,0,40,113,10064
Fall 2024,CR-Middleborough,Middleborough/Lakeville Line,25,0,day_type_01,weekday,1/1/2024 19:41,Brockton,7.0,3,42,74,10065
Fall 2024,CR-Middleborough,Middleborough/Lakeville Line,25,0,day_type_01,weekday,1/1/2024 19:45,Campello,8.0,0,23,51,10066
Fall 2024,CR-Middleborough,Middleborough/Lakeville Line,25,0,day_type_01,weekday,1/1/2024 19:54,Bridgewater,9.0,0,18,33,10067
Fall 2024,CR-Middleborough,Middleborough/Lakeville Line,25,0,day_type_01,weekday,1/1/2024 20:06,Middleborough/Lakeville,10.0,0,33,0,10068
Fall 2024,CR-Middleborough,Middleborough/Lakeville Line,27,0,day_type_01,weekday,1/1/2024 20:35,South Station,1.0,135,0,135,10069
Fall 2024,CR-Middleborough,Middleborough/Lakeville Line,27,0,day_type_01,weekday,1/1/2024 20:41,JFK/UMass,2.0,27,3,159,10070
Fall 2024,CR-Middleborough,Middleborough/Lakeville Line,27,0,day_type_01,weekday,1/1/2024 20:50,Quincy Center,3.0,5,12,152,10071
Fall 2024,CR-Middleborough,Middleborough/Lakeville Line,27,0,day_type_01,weekday,1/1/2024 20:55,Braintree,4.0,2,3,151,10072
Fall 2024,CR-Middleborough,Middleborough/Lakeville Line,27,0,day_type_01,weekday,1/1/2024 21:03,Holbrook/Randolph,5.0,0,15,136,10073
Fall 2024,CR-Middleborough,Middleborough/Lakeville Line,27,0,day_type_01,weekday,1/1/2024 21:08,Montello,6.0,1,21,116,10074
Fall 2024,CR-Middleborough,Middleborough/Lakeville Line,27,0,day_type_01,weekday,1/1/2024 21:11,Brockton,7.0,0,40,76,10075
Fall 2024,CR-Middleborough,Middleborough/Lakeville Line,27,0,day_type_01,weekday,1/1/2024 21:15,Campello,8.0,1,23,54,10076
Fall 2024,CR-Middleborough,Middleborough/Lakeville Line,27,0,day_type_01,weekday,1/1/2024 21:24,Bridgewater,9.0,0,24,30,10077
Fall 2024,CR-Middleborough,Middleborough/Lakeville Line,27,0,day_type_01,weekday,1/1/2024 21:36,Middleborough/Lakeville,10.0,0,29,1,10078
Fall 2024,CR-Middleborough,Middleborough/Lakeville Line,28,1,day_type_01,weekday,1/1/2024 20:20,Middleborough/Lakeville,1.0,4,0,4,10079
Fall 2024,CR-Middleborough,Middleborough/Lakeville Line,28,1,day_type_01,weekday,1/1/2024 20:30,Bridgewater,2.0,7,0,11,10080
Fall 2024,CR-Middleborough,Middleborough/Lakeville Line,28,1,day_type_01,weekday,1/1/2024 20:37,Campello,3.0,1,1,11,10081
Fall 2024,CR-Middleborough,Middleborough/Lakeville Line,28,1,day_type_01,weekday,1/1/2024 20:41,Brockton,4.0,10,2,19,10082
Fall 2024,CR-Middleborough,Middleborough/Lakeville Line,28,1,day_type_01,weekday,1/1/2024 20:44,Montello,5.0,3,1,21,10083
Fall 2024,CR-Middleborough,Middleborough/Lakeville Line,28,1,day_type_01,weekday,1/1/2024 20:49,Holbrook/Randolph,6.0,0,1,20,10084
Fall 2024,CR-Middleborough,Middleborough/Lakeville Line,28,1,day_type_01,weekday,1/1/2024 20:57,Braintree,7.0,0,1,19,10085
Fall 2024,CR-Middleborough,Middleborough/Lakeville Line,28,1,day_type_01,weekday,1/1/2024 21:02,Quincy Center,8.0,2,5,16,10086
Fall 2024,CR-Middleborough,Middleborough/Lakeville Line,28,1,day_type_01,weekday,1/1/2024 21:11,JFK/UMass,9.0,0,4,12,10087
Fall 2024,CR-Middleborough,Middleborough/Lakeville Line,28,1,day_type_01,weekday,1/1/2024 21:19,South Station,10.0,0,12,0,10088
Fall 2024,CR-Middleborough,Middleborough/Lakeville Line,29,0,day_type_01,weekday,1/1/2024 22:15,South Station,1.0,66,0,66,10089
Fall 2024,CR-Middleborough,Middleborough/Lakeville Line,29,0,day_type_01,weekday,1/1/2024 22:21,JFK/UMass,2.0,5,1,70,10090
Fall 2024,CR-Middleborough,Middleborough/Lakeville Line,29,0,day_type_01,weekday,1/1/2024 22:30,Quincy Center,3.0,2,1,71,10091
Fall 2024,CR-Middleborough,Middleborough/Lakeville Line,29,0,day_type_01,weekday,1/1/2024 22:35,Braintree,4.0,6,5,72,10092
Fall 2024,CR-Middleborough,Middleborough/Lakeville Line,29,0,day_type_01,weekday,1/1/2024 22:43,Holbrook/Randolph,5.0,0,5,67,10093
Fall 2024,CR-Middleborough,Middleborough/Lakeville Line,29,0,day_type_01,weekday,1/1/2024 22:48,Montello,6.0,0,9,58,10094
Fall 2024,CR-Middleborough,Middleborough/Lakeville Line,29,0,day_type_01,weekday,1/1/2024 22:51,Brockton,7.0,1,16,43,10095
Fall 2024,CR-Middleborough,Middleborough/Lakeville Line,29,0,day_type_01,weekday,1/1/2024 22:55,Campello,8.0,0,18,25,10096
Fall 2024,CR-Middleborough,Middleborough/Lakeville Line,29,0,day_type_01,weekday,1/1/2024 23:04,Bridgewater,9.0,0,15,10,10097
Fall 2024,CR-Middleborough,Middleborough/Lakeville Line,29,0,day_type_01,weekday,1/1/2024 23:16,Middleborough/Lakeville,10.0,0,10,0,10098
Fall 2024,CR-Middleborough,Middleborough/Lakeville Line,30,1,day_type_01,weekday,1/1/2024 22:00,Middleborough/Lakeville,1.0,3,0,3,10099
Fall 2024,CR-Middleborough,Middleborough/Lakeville Line,30,1,day_type_01,weekday,1/1/2024 22:10,Bridgewater,2.0,4,0,7,10100
Fall 2024,CR-Middleborough,Middleborough/Lakeville Line,30,1,day_type_01,weekday,1/1/2024 22:17,Campello,3.0,0,0,7,10101
Fall 2024,CR-Middleborough,Middleborough/Lakeville Line,19,0,day_type_01,weekday,1/1/2024 16:20,Quincy Center,3.0,17,37,637,10102
Fall 2024,CR-Middleborough,Middleborough/Lakeville Line,14,1,day_type_01,weekday,1/1/2024 11:45,Campello,3.0,7,1,41,10103
Fall 2024,CR-Middleborough,Middleborough/Lakeville Line,4,1,day_type_01,weekday,1/1/2024 6:07,Campello,3.0,68,0,213,10104
Fall 2024,CR-Kingston,Kingston Line,49,0,day_type_01,weekday,1/1/2024 12:18,Quincy Center,3.0,4,5,39,10105
Fall 2024,CR-Middleborough,Middleborough/Lakeville Line,9,0,day_type_01,weekday,1/1/2024 10:15,Quincy Center,3.0,8,4,41,10106
Fall 2024,CR-Middleborough,Middleborough/Lakeville Line,30,1,day_type_01,weekday,1/1/2024 22:21,Brockton,4.0,5,1,11,10107
Fall 2024,CR-Middleborough,Middleborough/Lakeville Line,4,1,day_type_01,weekday,1/1/2024 6:11,Brockton,4.0,85,3,295,10108
Fall 2024,CR-Middleborough,Middleborough/Lakeville Line,19,0,day_type_01,weekday,1/1/2024 16:25,Braintree,4.0,18,35,620,10109
Fall 2024,CR-Kingston,Kingston Line,49,0,day_type_01,weekday,1/1/2024 12:23,Braintree,4.0,3,3,39,10110
Fall 2024,CR-Middleborough,Middleborough/Lakeville Line,14,1,day_type_01,weekday,1/1/2024 11:49,Brockton,4.0,23,5,59,10111
Fall 2024,CR-Middleborough,Middleborough/Lakeville Line,30,1,day_type_01,weekday,1/1/2024 22:24,Montello,5.0,2,1,12,10112
Fall 2024,CR-Middleborough,Middleborough/Lakeville Line,4,1,day_type_01,weekday,1/1/2024 6:14,Montello,5.0,100,0,395,10113
Fall 2024,CR-Middleborough,Middleborough/Lakeville Line,19,0,day_type_01,weekday,1/1/2024 16:33,Holbrook/Randolph,5.0,5,103,522,10114
Fall 2024,CR-Kingston,Kingston Line,49,0,day_type_01,weekday,1/1/2024 12:30,South Weymouth,5.0,0,6,33,10115
Fall 2024,CR-Middleborough,Middleborough/Lakeville Line,14,1,day_type_01,weekday,1/1/2024 11:52,Montello,5.0,9,2,66,10116
Fall 2024,CR-Middleborough,Middleborough/Lakeville Line,30,1,day_type_01,weekday,1/1/2024 22:29,Holbrook/Randolph,6.0,1,1,12,10117
Fall 2024,CR-Middleborough,Middleborough/Lakeville Line,9,0,day_type_01,weekday,1/1/2024 10:20,Braintree,4.0,2,1,42,10118
Fall 2024,CR-Middleborough,Middleborough/Lakeville Line,4,1,day_type_01,weekday,1/1/2024 6:19,Holbrook/Randolph,6.0,66,1,460,10119
Fall 2024,CR-Middleborough,Middleborough/Lakeville Line,19,0,day_type_01,weekday,1/1/2024 16:38,Montello,6.0,2,90,434,10120
Fall 2024,CR-Kingston,Kingston Line,49,0,day_type_01,weekday,1/1/2024 12:35,Abington,6.0,0,5,28,10121
Fall 2024,CR-Middleborough,Middleborough/Lakeville Line,14,1,day_type_01,weekday,1/1/2024 11:57,Holbrook/Randolph,6.0,8,0,74,10122
Fall 2024,CR-Middleborough,Middleborough/Lakeville Line,30,1,day_type_01,weekday,1/1/2024 22:37,Braintree,7.0,0,0,12,10123
Fall 2024,CR-Middleborough,Middleborough/Lakeville Line,30,1,day_type_01,weekday,1/1/2024 22:42,Quincy Center,8.0,1,1,12,10124
Fall 2024,CR-Middleborough,Middleborough/Lakeville Line,30,1,day_type_01,weekday,1/1/2024 22:51,JFK/UMass,9.0,0,3,9,10125
Fall 2024,CR-Middleborough,Middleborough/Lakeville Line,30,1,day_type_01,weekday,1/1/2024 22:59,South Station,10.0,0,9,0,10126
Fall 2024,CR-Middleborough,Middleborough/Lakeville Line,31,0,day_type_01,weekday,1/1/2024 23:55,South Station,1.0,71,0,71,10127
Fall 2024,CR-Middleborough,Middleborough/Lakeville Line,31,0,day_type_01,weekday,1/1/2024 0:01,JFK/UMass,2.0,6,2,75,10128
Fall 2024,CR-Middleborough,Middleborough/Lakeville Line,31,0,day_type_01,weekday,1/1/2024 0:10,Quincy Center,3.0,1,2,74,10129
Fall 2024,CR-Middleborough,Middleborough/Lakeville Line,31,0,day_type_01,weekday,1/1/2024 0:15,Braintree,4.0,2,16,60,10130
Fall 2024,CR-Middleborough,Middleborough/Lakeville Line,31,0,day_type_01,weekday,1/1/2024 0:23,Holbrook/Randolph,5.0,0,4,56,10131
Fall 2024,CR-Middleborough,Middleborough/Lakeville Line,31,0,day_type_01,weekday,1/1/2024 0:28,Montello,6.0,0,12,44,10132
Fall 2024,CR-Middleborough,Middleborough/Lakeville Line,31,0,day_type_01,weekday,1/1/2024 0:31,Brockton,7.0,0,20,24,10133
Fall 2024,CR-Middleborough,Middleborough/Lakeville Line,31,0,day_type_01,weekday,1/1/2024 0:35,Campello,8.0,0,8,16,10134
Fall 2024,CR-Middleborough,Middleborough/Lakeville Line,31,0,day_type_01,weekday,1/1/2024 0:44,Bridgewater,9.0,0,8,8,10135
Fall 2024,CR-Middleborough,Middleborough/Lakeville Line,31,0,day_type_01,weekday,1/1/2024 0:56,Middleborough/Lakeville,10.0,0,8,0,10136
Fall 2024,CR-Kingston,Kingston Line,40,1,day_type_01,weekday,1/1/2024 5:30,Kingston,1.0,108,0,108,10137
Fall 2024,CR-Kingston,Kingston Line,40,1,day_type_01,weekday,1/1/2024 5:39,Halifax,2.0,16,0,124,10138
Fall 2024,CR-Kingston,Kingston Line,40,1,day_type_01,weekday,1/1/2024 5:44,Hanson,3.0,26,0,150,10139
Fall 2024,CR-Kingston,Kingston Line,40,1,day_type_01,weekday,1/1/2024 5:50,Whitman,4.0,41,0,191,10140
Fall 2024,CR-Kingston,Kingston Line,40,1,day_type_01,weekday,1/1/2024 5:54,Abington,5.0,55,2,244,10141
Fall 2024,CR-Kingston,Kingston Line,40,1,day_type_01,weekday,1/1/2024 5:59,South Weymouth,6.0,114,0,358,10142
Fall 2024,CR-Kingston,Kingston Line,40,1,day_type_01,weekday,1/1/2024 6:07,Braintree,7.0,27,2,383,10143
Fall 2024,CR-Kingston,Kingston Line,40,1,day_type_01,weekday,1/1/2024 6:12,Quincy Center,8.0,21,2,402,10144
Fall 2024,CR-Kingston,Kingston Line,40,1,day_type_01,weekday,1/1/2024 6:21,JFK/UMass,9.0,0,35,367,10145
Fall 2024,CR-Kingston,Kingston Line,40,1,day_type_01,weekday,1/1/2024 6:30,South Station,10.0,0,367,0,10146
Fall 2024,CR-Kingston,Kingston Line,42,1,day_type_01,weekday,1/1/2024 6:30,Kingston,1.0,140,0,140,10147
Fall 2024,CR-Kingston,Kingston Line,42,1,day_type_01,weekday,1/1/2024 6:39,Halifax,2.0,42,0,182,10148
Fall 2024,CR-Kingston,Kingston Line,42,1,day_type_01,weekday,1/1/2024 6:44,Hanson,3.0,65,0,247,10149
Fall 2024,CR-Kingston,Kingston Line,42,1,day_type_01,weekday,1/1/2024 6:50,Whitman,4.0,71,0,318,10150
Fall 2024,CR-Kingston,Kingston Line,42,1,day_type_01,weekday,1/1/2024 6:54,Abington,5.0,107,0,425,10151
Fall 2024,CR-Kingston,Kingston Line,42,1,day_type_01,weekday,1/1/2024 6:59,South Weymouth,6.0,113,0,538,10152
Fall 2024,CR-Kingston,Kingston Line,42,1,day_type_01,weekday,1/1/2024 7:07,Braintree,7.0,60,1,597,10153
Fall 2024,CR-Kingston,Kingston Line,42,1,day_type_01,weekday,1/1/2024 7:12,Quincy Center,8.0,58,5,650,10154
Fall 2024,CR-Kingston,Kingston Line,42,1,day_type_01,weekday,1/1/2024 7:21,JFK/UMass,9.0,15,73,592,10155
Fall 2024,CR-Kingston,Kingston Line,42,1,day_type_01,weekday,1/1/2024 7:30,South Station,10.0,0,592,0,10156
Fall 2024,CR-Kingston,Kingston Line,43,0,day_type_01,weekday,1/1/2024 8:25,South Station,1.0,28,0,28,10157
Fall 2024,CR-Kingston,Kingston Line,43,0,day_type_01,weekday,1/1/2024 8:31,JFK/UMass,2.0,3,6,25,10158
Fall 2024,CR-Kingston,Kingston Line,43,0,day_type_01,weekday,1/1/2024 8:40,Quincy Center,3.0,3,8,20,10159
Fall 2024,CR-Kingston,Kingston Line,43,0,day_type_01,weekday,1/1/2024 8:45,Braintree,4.0,1,4,17,10160
Fall 2024,CR-Kingston,Kingston Line,43,0,day_type_01,weekday,1/1/2024 8:52,South Weymouth,5.0,0,3,14,10161
Fall 2024,CR-Kingston,Kingston Line,43,0,day_type_01,weekday,1/1/2024 9:07,Abington,6.0,0,3,11,10162
Fall 2024,CR-Kingston,Kingston Line,43,0,day_type_01,weekday,1/1/2024 9:11,Whitman,7.0,0,3,8,10163
Fall 2024,CR-Kingston,Kingston Line,43,0,day_type_01,weekday,1/1/2024 9:17,Hanson,8.0,0,0,8,10164
Fall 2024,CR-Kingston,Kingston Line,43,0,day_type_01,weekday,1/1/2024 9:22,Halifax,9.0,0,0,8,10165
Fall 2024,CR-Kingston,Kingston Line,43,0,day_type_01,weekday,1/1/2024 9:34,Kingston,10.0,0,8,0,10166
Fall 2024,CR-Kingston,Kingston Line,44,1,day_type_01,weekday,1/1/2024 7:25,Kingston,1.0,243,0,243,10167
Fall 2024,CR-Kingston,Kingston Line,44,1,day_type_01,weekday,1/1/2024 7:34,Halifax,2.0,54,0,297,10168
Fall 2024,CR-Kingston,Kingston Line,49,0,day_type_01,weekday,1/1/2024 12:39,Whitman,7.0,0,5,23,10169
Fall 2024,CR-Middleborough,Middleborough/Lakeville Line,14,1,day_type_01,weekday,1/1/2024 12:05,Braintree,7.0,11,7,78,10170
Fall 2024,CR-Middleborough,Middleborough/Lakeville Line,4,1,day_type_01,weekday,1/1/2024 6:27,Braintree,7.0,30,5,485,10171
Fall 2024,CR-Middleborough,Middleborough/Lakeville Line,19,0,day_type_01,weekday,1/1/2024 16:42,Brockton,7.0,2,103,333,10172
Fall 2024,CR-Middleborough,Middleborough/Lakeville Line,14,1,day_type_01,weekday,1/1/2024 12:10,Quincy Center,8.0,8,5,81,10173
Fall 2024,CR-Kingston,Kingston Line,49,0,day_type_01,weekday,1/1/2024 12:45,Hanson,8.0,0,5,18,10174
Fall 2024,CR-Kingston,Kingston Line,49,0,day_type_01,weekday,1/1/2024 12:50,Halifax,9.0,0,1,17,10175
Fall 2024,CR-Middleborough,Middleborough/Lakeville Line,9,0,day_type_01,weekday,1/1/2024 10:28,Holbrook/Randolph,5.0,2,1,43,10176
Fall 2024,CR-Middleborough,Middleborough/Lakeville Line,4,1,day_type_01,weekday,1/1/2024 6:32,Quincy Center,8.0,31,14,502,10177
Fall 2024,CR-Middleborough,Middleborough/Lakeville Line,19,0,day_type_01,weekday,1/1/2024 16:46,Campello,8.0,0,58,275,10178
Fall 2024,CR-Middleborough,Middleborough/Lakeville Line,14,1,day_type_01,weekday,1/1/2024 12:19,JFK/UMass,9.0,11,14,78,10179
Fall 2024,CR-Kingston,Kingston Line,49,0,day_type_01,weekday,1/1/2024 13:02,Kingston,10.0,0,16,1,10180
Fall 2024,CR-Middleborough,Middleborough/Lakeville Line,9,0,day_type_01,weekday,1/1/2024 10:33,Montello,6.0,4,4,43,10181
Fall 2024,CR-Middleborough,Middleborough/Lakeville Line,4,1,day_type_01,weekday,1/1/2024 6:41,JFK/UMass,9.0,10,66,446,10182
Fall 2024,CR-Middleborough,Middleborough/Lakeville Line,19,0,day_type_01,weekday,1/1/2024 16:55,Bridgewater,9.0,0,96,179,10183
Fall 2024,CR-Middleborough,Middleborough/Lakeville Line,14,1,day_type_01,weekday,1/1/2024 12:27,South Station,10.0,0,78,0,10184
Fall 2024,CR-Kingston,Kingston Line,50,1,day_type_01,weekday,1/1/2024 11:07,Kingston,1.0,27,0,27,10185
Fall 2024,CR-Middleborough,Middleborough/Lakeville Line,9,0,day_type_01,weekday,1/1/2024 10:36,Brockton,7.0,7,14,36,10186
Fall 2024,CR-Middleborough,Middleborough/Lakeville Line,4,1,day_type_01,weekday,1/1/2024 6:50,South Station,10.0,0,446,0,10187
Fall 2024,CR-Middleborough,Middleborough/Lakeville Line,19,0,day_type_01,weekday,1/1/2024 17:10,Middleborough/Lakeville,10.0,0,179,0,10188
Fall 2024,CR-Middleborough,Middleborough/Lakeville Line,15,0,day_type_01,weekday,1/1/2024 13:45,South Station,1.0,88,0,88,10189
Fall 2024,CR-Kingston,Kingston Line,50,1,day_type_01,weekday,1/1/2024 11:16,Halifax,2.0,3,0,30,10190
Fall 2024,CR-Middleborough,Middleborough/Lakeville Line,9,0,day_type_01,weekday,1/1/2024 10:40,Campello,8.0,0,3,33,10191
Fall 2024,CR-Middleborough,Middleborough/Lakeville Line,5,0,day_type_01,weekday,1/1/2024 7:25,South Station,1.0,63,0,63,10192
Fall 2024,CR-Middleborough,Middleborough/Lakeville Line,20,1,day_type_01,weekday,1/1/2024 15:13,Middleborough/Lakeville,1.0,7,0,7,10193
Fall 2024,CR-Middleborough,Middleborough/Lakeville Line,15,0,day_type_01,weekday,1/1/2024 13:51,JFK/UMass,2.0,31,1,118,10194
Fall 2024,CR-Middleborough,Middleborough/Lakeville Line,9,0,day_type_01,weekday,1/1/2024 10:49,Bridgewater,9.0,0,27,6,10195
Fall 2024,CR-Kingston,Kingston Line,50,1,day_type_01,weekday,1/1/2024 11:21,Hanson,3.0,3,0,33,10196
Fall 2024,CR-Middleborough,Middleborough/Lakeville Line,20,1,day_type_01,weekday,1/1/2024 15:23,Bridgewater,2.0,31,2,36,10197
Fall 2024,CR-Middleborough,Middleborough/Lakeville Line,15,0,day_type_01,weekday,1/1/2024 14:00,Quincy Center,3.0,13,6,125,10198
Fall 2024,CR-Middleborough,Middleborough/Lakeville Line,5,0,day_type_01,weekday,1/1/2024 7:31,JFK/UMass,2.0,15,5,73,10199
Fall 2024,CR-Kingston,Kingston Line,50,1,day_type_01,weekday,1/1/2024 11:31,Whitman,4.0,3,1,35,10200
Fall 2024,CR-Middleborough,Middleborough/Lakeville Line,20,1,day_type_01,weekday,1/1/2024 15:30,Campello,3.0,8,1,43,10201
Fall 2024,CR-Middleborough,Middleborough/Lakeville Line,15,0,day_type_01,weekday,1/1/2024 14:05,Braintree,4.0,6,6,125,10202
Fall 2024,CR-Middleborough,Middleborough/Lakeville Line,9,0,day_type_01,weekday,1/1/2024 11:01,Middleborough/Lakeville,10.0,0,6,0,10203
Fall 2024,CR-Middleborough,Middleborough/Lakeville Line,5,0,day_type_01,weekday,1/1/2024 7:40,Quincy Center,3.0,11,8,76,10204
Fall 2024,CR-Kingston,Kingston Line,50,1,day_type_01,weekday,1/1/2024 11:35,Abington,5.0,8,0,43,10205
Fall 2024,CR-Middleborough,Middleborough/Lakeville Line,20,1,day_type_01,weekday,1/1/2024 15:34,Brockton,4.0,13,8,48,10206
Fall 2024,CR-Middleborough,Middleborough/Lakeville Line,15,0,day_type_01,weekday,1/1/2024 14:13,Holbrook/Randolph,5.0,3,15,113,10207
Fall 2024,CR-Middleborough,Middleborough/Lakeville Line,10,1,day_type_01,weekday,1/1/2024 8:58,Middleborough/Lakeville,1.0,36,0,36,10208
Fall 2024,CR-Middleborough,Middleborough/Lakeville Line,5,0,day_type_01,weekday,1/1/2024 7:45,Braintree,4.0,10,6,80,10209
Fall 2024,CR-Kingston,Kingston Line,50,1,day_type_01,weekday,1/1/2024 11:40,South Weymouth,6.0,8,0,51,10210
Fall 2024,CR-Middleborough,Middleborough/Lakeville Line,20,1,day_type_01,weekday,1/1/2024 15:37,Montello,5.0,2,0,50,10211
Fall 2024,CR-Middleborough,Middleborough/Lakeville Line,15,0,day_type_01,weekday,1/1/2024 14:18,Montello,6.0,3,23,93,10212
Fall 2024,CR-Middleborough,Middleborough/Lakeville Line,10,1,day_type_01,weekday,1/1/2024 9:08,Bridgewater,2.0,14,2,48,10213
Fall 2024,CR-Middleborough,Middleborough/Lakeville Line,5,0,day_type_01,weekday,1/1/2024 7:53,Holbrook/Randolph,5.0,6,1,85,10214
Fall 2024,CR-Kingston,Kingston Line,50,1,day_type_01,weekday,1/1/2024 11:47,Braintree,7.0,1,1,51,10215
Fall 2024,CR-Middleborough,Middleborough/Lakeville Line,20,1,day_type_01,weekday,1/1/2024 15:42,Holbrook/Randolph,6.0,2,4,48,10216
Fall 2024,CR-Middleborough,Middleborough/Lakeville Line,15,0,day_type_01,weekday,1/1/2024 14:21,Brockton,7.0,1,35,59,10217
Fall 2024,CR-Middleborough,Middleborough/Lakeville Line,10,1,day_type_01,weekday,1/1/2024 9:15,Campello,3.0,30,1,77,10218
Fall 2024,CR-Middleborough,Middleborough/Lakeville Line,5,0,day_type_01,weekday,1/1/2024 7:58,Montello,6.0,6,11,80,10219
Fall 2024,CR-Kingston,Kingston Line,50,1,day_type_01,weekday,1/1/2024 11:52,Quincy Center,8.0,3,3,51,10220
Fall 2024,CR-Middleborough,Middleborough/Lakeville Line,20,1,day_type_01,weekday,1/1/2024 15:52,Braintree,7.0,1,7,42,10221
Fall 2024,CR-Middleborough,Middleborough/Lakeville Line,15,0,day_type_01,weekday,1/1/2024 14:25,Campello,8.0,0,19,40,10222
Fall 2024,CR-Middleborough,Middleborough/Lakeville Line,10,1,day_type_01,weekday,1/1/2024 9:19,Brockton,4.0,20,4,93,10223
Fall 2024,CR-Middleborough,Middleborough/Lakeville Line,5,0,day_type_01,weekday,1/1/2024 8:01,Brockton,7.0,9,25,64,10224
Fall 2024,CR-Kingston,Kingston Line,50,1,day_type_01,weekday,1/1/2024 12:01,JFK/UMass,9.0,5,5,51,10225
Fall 2024,CR-Middleborough,Middleborough/Lakeville Line,20,1,day_type_01,weekday,1/1/2024 15:57,Quincy Center,8.0,1,7,36,10226
Fall 2024,CR-Middleborough,Middleborough/Lakeville Line,15,0,day_type_01,weekday,1/1/2024 14:34,Bridgewater,9.0,3,24,19,10227
Fall 2024,CR-Middleborough,Middleborough/Lakeville Line,15,0,day_type_01,weekday,1/1/2024 14:48,Middleborough/Lakeville,10.0,0,17,2,10228
Fall 2024,CR-Middleborough,Middleborough/Lakeville Line,16,1,day_type_01,weekday,1/1/2024 12:43,Middleborough/Lakeville,1.0,7,0,7,10229
Fall 2024,CR-Middleborough,Middleborough/Lakeville Line,16,1,day_type_01,weekday,1/1/2024 12:53,Bridgewater,2.0,23,0,30,10230
Fall 2024,CR-Middleborough,Middleborough/Lakeville Line,16,1,day_type_01,weekday,1/1/2024 13:00,Campello,3.0,16,2,44,10231
Fall 2024,CR-Middleborough,Middleborough/Lakeville Line,16,1,day_type_01,weekday,1/1/2024 13:04,Brockton,4.0,40,6,78,10232
Fall 2024,CR-Middleborough,Middleborough/Lakeville Line,16,1,day_type_01,weekday,1/1/2024 13:07,Montello,5.0,12,1,89,10233
Fall 2024,CR-Middleborough,Middleborough/Lakeville Line,16,1,day_type_01,weekday,1/1/2024 13:12,Holbrook/Randolph,6.0,7,5,91,10234
Fall 2024,CR-Middleborough,Middleborough/Lakeville Line,16,1,day_type_01,weekday,1/1/2024 13:20,Braintree,7.0,2,3,90,10235
Fall 2024,CR-Middleborough,Middleborough/Lakeville Line,16,1,day_type_01,weekday,1/1/2024 13:25,Quincy Center,8.0,3,11,82,10236
Fall 2024,CR-Middleborough,Middleborough/Lakeville Line,16,1,day_type_01,weekday,1/1/2024 13:34,JFK/UMass,9.0,2,15,69,10237
Fall 2024,CR-Middleborough,Middleborough/Lakeville Line,16,1,day_type_01,weekday,1/1/2024 13:42,South Station,10.0,0,69,0,10238
Fall 2024,CR-Middleborough,Middleborough/Lakeville Line,17,0,day_type_01,weekday,1/1/2024 15:00,South Station,1.0,227,0,227,10239
Fall 2024,CR-Middleborough,Middleborough/Lakeville Line,17,0,day_type_01,weekday,1/1/2024 15:06,JFK/UMass,2.0,66,3,290,10240
Fall 2024,CR-Middleborough,Middleborough/Lakeville Line,17,0,day_type_01,weekday,1/1/2024 15:15,Quincy Center,3.0,24,25,289,10241
Fall 2024,CR-Middleborough,Middleborough/Lakeville Line,17,0,day_type_01,weekday,1/1/2024 15:20,Braintree,4.0,11,29,271,10242
Fall 2024,CR-Middleborough,Middleborough/Lakeville Line,17,0,day_type_01,weekday,1/1/2024 15:28,Holbrook/Randolph,5.0,1,33,239,10243
Fall 2024,CR-Middleborough,Middleborough/Lakeville Line,17,0,day_type_01,weekday,1/1/2024 15:33,Montello,6.0,0,30,209,10244
Fall 2024,CR-Middleborough,Middleborough/Lakeville Line,17,0,day_type_01,weekday,1/1/2024 15:37,Brockton,7.0,3,62,150,10245
Fall 2024,CR-Middleborough,Middleborough/Lakeville Line,17,0,day_type_01,weekday,1/1/2024 15:41,Campello,8.0,1,33,118,10246
Fall 2024,CR-Middleborough,Middleborough/Lakeville Line,17,0,day_type_01,weekday,1/1/2024 15:50,Bridgewater,9.0,5,47,76,10247
Fall 2024,CR-Middleborough,Middleborough/Lakeville Line,17,0,day_type_01,weekday,1/1/2024 16:07,Middleborough/Lakeville,10.0,0,76,0,10248
Fall 2024,CR-Middleborough,Middleborough/Lakeville Line,18,1,day_type_01,weekday,1/1/2024 13:58,Middleborough/Lakeville,1.0,15,0,15,10249
Fall 2024,CR-Middleborough,Middleborough/Lakeville Line,18,1,day_type_01,weekday,1/1/2024 14:08,Bridgewater,2.0,19,0,34,10250
Fall 2024,CR-Middleborough,Middleborough/Lakeville Line,18,1,day_type_01,weekday,1/1/2024 14:15,Campello,3.0,5,1,38,10251
Fall 2024,CR-Middleborough,Middleborough/Lakeville Line,18,1,day_type_01,weekday,1/1/2024 14:19,Brockton,4.0,17,4,51,10252
Fall 2024,CR-Middleborough,Middleborough/Lakeville Line,18,1,day_type_01,weekday,1/1/2024 14:22,Montello,5.0,5,2,54,10253
Fall 2024,CR-Middleborough,Middleborough/Lakeville Line,18,1,day_type_01,weekday,1/1/2024 14:27,Holbrook/Randolph,6.0,7,5,56,10254
Fall 2024,CR-Middleborough,Middleborough/Lakeville Line,18,1,day_type_01,weekday,1/1/2024 14:35,Braintree,7.0,0,2,54,10255
Fall 2024,CR-Middleborough,Middleborough/Lakeville Line,18,1,day_type_01,weekday,1/1/2024 14:40,Quincy Center,8.0,5,1,58,10256
Fall 2024,CR-Middleborough,Middleborough/Lakeville Line,18,1,day_type_01,weekday,1/1/2024 14:49,JFK/UMass,9.0,10,9,59,10257
Fall 2024,CR-Middleborough,Middleborough/Lakeville Line,18,1,day_type_01,weekday,1/1/2024 14:57,South Station,10.0,0,59,0,10258
Fall 2024,CR-Middleborough,Middleborough/Lakeville Line,19,0,day_type_01,weekday,1/1/2024 16:05,South Station,1.0,605,0,605,10259
Fall 2024,CR-Middleborough,Middleborough/Lakeville Line,19,0,day_type_01,weekday,1/1/2024 16:11,JFK/UMass,2.0,63,11,657,10260
Fall 2024,CR-Middleborough,Middleborough/Lakeville Line,5,0,day_type_01,weekday,1/1/2024 8:13,Campello,8.0,1,9,56,10261
Fall 2024,CR-Middleborough,Middleborough/Lakeville Line,10,1,day_type_01,weekday,1/1/2024 9:22,Montello,5.0,33,1,125,10262
Fall 2024,CR-Kingston,Kingston Line,50,1,day_type_01,weekday,1/1/2024 12:09,South Station,10.0,0,51,0,10263
Fall 2024,CR-Middleborough,Middleborough/Lakeville Line,5,0,day_type_01,weekday,1/1/2024 8:22,Bridgewater,9.0,0,44,12,10264
Fall 2024,CR-Middleborough,Middleborough/Lakeville Line,20,1,day_type_01,weekday,1/1/2024 16:06,JFK/UMass,9.0,0,2,34,10265
Fall 2024,CR-Middleborough,Middleborough/Lakeville Line,5,0,day_type_01,weekday,1/1/2024 8:35,Middleborough/Lakeville,10.0,0,12,0,10266
Fall 2024,CR-Kingston,Kingston Line,51,0,day_type_01,weekday,1/1/2024 13:18,South Station,1.0,37,0,37,10267
Fall 2024,CR-Middleborough,Middleborough/Lakeville Line,10,1,day_type_01,weekday,1/1/2024 9:27,Holbrook/Randolph,6.0,10,3,132,10268
Fall 2024,CR-Middleborough,Middleborough/Lakeville Line,20,1,day_type_01,weekday,1/1/2024 16:15,South Station,10.0,0,34,0,10269
Fall 2024,CR-Middleborough,Middleborough/Lakeville Line,6,1,day_type_01,weekday,1/1/2024 6:50,Middleborough/Lakeville,1.0,162,0,162,10270
Fall 2024,CR-Kingston,Kingston Line,51,0,day_type_01,weekday,1/1/2024 13:24,JFK/UMass,2.0,6,0,43,10271
Fall 2024,CR-Middleborough,Middleborough/Lakeville Line,10,1,day_type_01,weekday,1/1/2024 9:35,Braintree,7.0,3,8,127,10272
Fall 2024,CR-Middleborough,Middleborough/Lakeville Line,21,0,day_type_01,weekday,1/1/2024 16:55,South Station,1.0,770,0,770,10273
Fall 2024,CR-Middleborough,Middleborough/Lakeville Line,6,1,day_type_01,weekday,1/1/2024 7:00,Bridgewater,2.0,110,2,270,10274
Fall 2024,CR-Kingston,Kingston Line,51,0,day_type_01,weekday,1/1/2024 13:33,Quincy Center,3.0,6,2,47,10275
Fall 2024,CR-Middleborough,Middleborough/Lakeville Line,10,1,day_type_01,weekday,1/1/2024 9:40,Quincy Center,8.0,7,3,131,10276
Fall 2024,CR-Middleborough,Middleborough/Lakeville Line,21,0,day_type_01,weekday,1/1/2024 17:01,JFK/UMass,2.0,55,13,812,10277
Fall 2024,CR-Middleborough,Middleborough/Lakeville Line,6,1,day_type_01,weekday,1/1/2024 7:07,Campello,3.0,90,1,359,10278
Fall 2024,CR-Kingston,Kingston Line,51,0,day_type_01,weekday,1/1/2024 13:38,Braintree,4.0,2,13,36,10279
Fall 2024,CR-Middleborough,Middleborough/Lakeville Line,10,1,day_type_01,weekday,1/1/2024 9:49,JFK/UMass,9.0,1,20,112,10280
Fall 2024,CR-Middleborough,Middleborough/Lakeville Line,21,0,day_type_01,weekday,1/1/2024 17:10,Quincy Center,3.0,18,87,743,10281
Fall 2024,CR-Middleborough,Middleborough/Lakeville Line,6,1,day_type_01,weekday,1/1/2024 7:11,Brockton,4.0,99,2,456,10282
Fall 2024,CR-Kingston,Kingston Line,51,0,day_type_01,weekday,1/1/2024 13:45,South Weymouth,5.0,0,9,27,10283
Fall 2024,CR-Middleborough,Middleborough/Lakeville Line,10,1,day_type_01,weekday,1/1/2024 9:58,South Station,10.0,0,112,0,10284
Fall 2024,CR-Middleborough,Middleborough/Lakeville Line,21,0,day_type_01,weekday,1/1/2024 17:15,Braintree,4.0,11,86,668,10285
Fall 2024,CR-Middleborough,Middleborough/Lakeville Line,6,1,day_type_01,weekday,1/1/2024 7:14,Montello,5.0,122,6,572,10286
Fall 2024,CR-Kingston,Kingston Line,51,0,day_type_01,weekday,1/1/2024 13:50,Abington,6.0,0,10,17,10287
Fall 2024,CR-Middleborough,Middleborough/Lakeville Line,11,0,day_type_01,weekday,1/1/2024 11:15,South Station,1.0,19,0,19,10288
Fall 2024,CR-Middleborough,Middleborough/Lakeville Line,21,0,day_type_01,weekday,1/1/2024 17:23,Holbrook/Randolph,5.0,1,100,569,10289
Fall 2024,CR-Middleborough,Middleborough/Lakeville Line,6,1,day_type_01,weekday,1/1/2024 7:19,Holbrook/Randolph,6.0,152,3,721,10290
Fall 2024,CR-Middleborough,Middleborough/Lakeville Line,11,0,day_type_01,weekday,1/1/2024 11:21,JFK/UMass,2.0,6,0,25,10291
Fall 2024,CR-Kingston,Kingston Line,51,0,day_type_01,weekday,1/1/2024 13:54,Whitman,7.0,0,2,15,10292
Fall 2024,CR-Middleborough,Middleborough/Lakeville Line,6,1,day_type_01,weekday,1/1/2024 7:27,Braintree,7.0,103,11,813,10293
Fall 2024,CR-Middleborough,Middleborough/Lakeville Line,21,0,day_type_01,weekday,1/1/2024 17:28,Montello,6.0,1,112,458,10294
Fall 2024,CR-Kingston,Kingston Line,51,0,day_type_01,weekday,1/1/2024 14:00,Hanson,8.0,0,5,10,10295
Fall 2024,CR-Middleborough,Middleborough/Lakeville Line,6,1,day_type_01,weekday,1/1/2024 7:32,Quincy Center,8.0,83,24,872,10296
Fall 2024,CR-Middleborough,Middleborough/Lakeville Line,11,0,day_type_01,weekday,1/1/2024 11:30,Quincy Center,3.0,6,1,30,10297
Fall 2024,CR-Middleborough,Middleborough/Lakeville Line,21,0,day_type_01,weekday,1/1/2024 17:32,Brockton,7.0,0,88,370,10298
Fall 2024,CR-Kingston,Kingston Line,51,0,day_type_01,weekday,1/1/2024 14:05,Halifax,9.0,0,4,6,10299
Fall 2024,CR-Middleborough,Middleborough/Lakeville Line,6,1,day_type_01,weekday,1/1/2024 7:41,JFK/UMass,9.0,6,120,758,10300
Fall 2024,CR-Middleborough,Middleborough/Lakeville Line,11,0,day_type_01,weekday,1/1/2024 11:35,Braintree,4.0,3,2,31,10301
Fall 2024,CR-Middleborough,Middleborough/Lakeville Line,21,0,day_type_01,weekday,1/1/2024 17:36,Campello,8.0,0,98,272,10302
Fall 2024,CR-Kingston,Kingston Line,51,0,day_type_01,weekday,1/1/2024 14:17,Kingston,10.0,0,6,0,10303
Fall 2024,CR-Middleborough,Middleborough/Lakeville Line,6,1,day_type_01,weekday,1/1/2024 7:50,South Station,10.0,0,758,0,10304
Fall 2024,CR-Middleborough,Middleborough/Lakeville Line,11,0,day_type_01,weekday,1/1/2024 11:43,Holbrook/Randolph,5.0,5,4,32,10305
Fall 2024,CR-Middleborough,Middleborough/Lakeville Line,21,0,day_type_01,weekday,1/1/2024 17:45,Bridgewater,9.0,1,88,185,10306
Fall 2024,CR-Kingston,Kingston Line,52,1,day_type_01,weekday,1/1/2024 12:22,Kingston,1.0,7,0,7,10307
Fall 2024,CR-Middleborough,Middleborough/Lakeville Line,7,0,day_type_01,weekday,1/1/2024 8:45,South Station,1.0,14,0,14,10308
Fall 2024,CR-Middleborough,Middleborough/Lakeville Line,11,0,day_type_01,weekday,1/1/2024 11:48,Montello,6.0,2,4,30,10309
Fall 2024,CR-Middleborough,Middleborough/Lakeville Line,21,0,day_type_01,weekday,1/1/2024 17:58,Middleborough/Lakeville,10.0,0,185,0,10310
Fall 2024,CR-Kingston,Kingston Line,52,1,day_type_01,weekday,1/1/2024 12:31,Halifax,2.0,5,0,12,10311
Fall 2024,CR-Middleborough,Middleborough/Lakeville Line,7,0,day_type_01,weekday,1/1/2024 8:51,JFK/UMass,2.0,2,7,9,10312
Fall 2024,CR-Middleborough,Middleborough/Lakeville Line,11,0,day_type_01,weekday,1/1/2024 11:51,Brockton,7.0,4,4,30,10313
Fall 2024,CR-Middleborough,Middleborough/Lakeville Line,22,1,day_type_01,weekday,1/1/2024 16:33,Middleborough/Lakeville,1.0,25,0,25,10314
Fall 2024,CR-Kingston,Kingston Line,52,1,day_type_01,weekday,1/1/2024 12:36,Hanson,3.0,1,0,13,10315
Fall 2024,CR-Middleborough,Middleborough/Lakeville Line,7,0,day_type_01,weekday,1/1/2024 9:00,Quincy Center,3.0,7,3,13,10316
Fall 2024,CR-Middleborough,Middleborough/Lakeville Line,11,0,day_type_01,weekday,1/1/2024 11:55,Campello,8.0,0,4,26,10317
Fall 2024,CR-Middleborough,Middleborough/Lakeville Line,22,1,day_type_01,weekday,1/1/2024 16:43,Bridgewater,2.0,39,0,64,10318
Fall 2024,CR-Kingston,Kingston Line,52,1,day_type_01,weekday,1/1/2024 12:46,Whitman,4.0,3,0,16,10319
Fall 2024,CR-Middleborough,Middleborough/Lakeville Line,7,0,day_type_01,weekday,1/1/2024 9:05,Braintree,4.0,6,1,18,10320
Fall 2024,CR-Middleborough,Middleborough/Lakeville Line,11,0,day_type_01,weekday,1/1/2024 12:04,Bridgewater,9.0,0,15,11,10321
Fall 2024,CR-Middleborough,Middleborough/Lakeville Line,22,1,day_type_01,weekday,1/1/2024 16:53,Campello,3.0,11,5,70,10322
Fall 2024,CR-Middleborough,Middleborough/Lakeville Line,7,0,day_type_01,weekday,1/1/2024 9:13,Holbrook/Randolph,5.0,3,1,20,10323
Fall 2024,CR-Kingston,Kingston Line,52,1,day_type_01,weekday,1/1/2024 12:50,Abington,5.0,4,1,19,10324
Fall 2024,CR-Middleborough,Middleborough/Lakeville Line,11,0,day_type_01,weekday,1/1/2024 12:16,Middleborough/Lakeville,10.0,0,11,0,10325
Fall 2024,CR-Middleborough,Middleborough/Lakeville Line,22,1,day_type_01,weekday,1/1/2024 16:57,Brockton,4.0,17,7,80,10326
Fall 2024,CR-Middleborough,Middleborough/Lakeville Line,7,0,day_type_01,weekday,1/1/2024 9:18,Montello,6.0,7,1,26,10327
Fall 2024,CR-Kingston,Kingston Line,52,1,day_type_01,weekday,1/1/2024 12:55,South Weymouth,6.0,8,0,27,10328
Fall 2024,CR-Middleborough,Middleborough/Lakeville Line,22,1,day_type_01,weekday,1/1/2024 17:00,Montello,5.0,7,5,82,10329
Fall 2024,CR-Middleborough,Middleborough/Lakeville Line,12,1,day_type_01,weekday,1/1/2024 10:13,Middleborough/Lakeville,1.0,18,0,18,10330
Fall 2024,CR-Middleborough,Middleborough/Lakeville Line,7,0,day_type_01,weekday,1/1/2024 9:21,Brockton,7.0,1,6,21,10331
Fall 2024,CR-Kingston,Kingston Line,52,1,day_type_01,weekday,1/1/2024 13:02,Braintree,7.0,4,8,23,10332
Fall 2024,CR-Middleborough,Middleborough/Lakeville Line,22,1,day_type_01,weekday,1/1/2024 17:05,Holbrook/Randolph,6.0,3,2,83,10333
Fall 2024,CR-Middleborough,Middleborough/Lakeville Line,12,1,day_type_01,weekday,1/1/2024 10:23,Bridgewater,2.0,16,4,30,10334
Fall 2024,CR-Middleborough,Middleborough/Lakeville Line,7,0,day_type_01,weekday,1/1/2024 9:25,Campello,8.0,3,6,18,10335
Fall 2024,CR-Kingston,Kingston Line,52,1,day_type_01,weekday,1/1/2024 13:07,Quincy Center,8.0,0,5,18,10336
Fall 2024,CR-Middleborough,Middleborough/Lakeville Line,22,1,day_type_01,weekday,1/1/2024 17:13,Braintree,7.0,7,5,85,10337
Fall 2024,CR-Middleborough,Middleborough/Lakeville Line,12,1,day_type_01,weekday,1/1/2024 10:30,Campello,3.0,8,3,35,10338
Fall 2024,CR-Middleborough,Middleborough/Lakeville Line,7,0,day_type_01,weekday,1/1/2024 9:34,Bridgewater,9.0,0,16,2,10339
Fall 2024,CR-Kingston,Kingston Line,52,1,day_type_01,weekday,1/1/2024 13:16,JFK/UMass,9.0,6,2,22,10340
Fall 2024,CR-Middleborough,Middleborough/Lakeville Line,22,1,day_type_01,weekday,1/1/2024 17:20,Quincy Center,8.0,3,13,75,10341
Fall 2024,CR-Middleborough,Middleborough/Lakeville Line,12,1,day_type_01,weekday,1/1/2024 10:34,Brockton,4.0,34,3,66,10342
Fall 2024,CR-Middleborough,Middleborough/Lakeville Line,7,0,day_type_01,weekday,1/1/2024 9:47,Middleborough/Lakeville,10.0,0,2,0,10343
Fall 2024,CR-Kingston,Kingston Line,52,1,day_type_01,weekday,1/1/2024 13:24,South Station,10.0,0,22,0,10344
Fall 2024,CR-Middleborough,Middleborough/Lakeville Line,22,1,day_type_01,weekday,1/1/2024 17:30,JFK/UMass,9.0,5,7,73,10345
Fall 2024,CR-Middleborough,Middleborough/Lakeville Line,12,1,day_type_01,weekday,1/1/2024 10:37,Montello,5.0,16,0,82,10346
Fall 2024,CR-Middleborough,Middleborough/Lakeville Line,8,1,day_type_01,weekday,1/1/2024 7:50,Middleborough/Lakeville,1.0,181,0,181,10347
Fall 2024,CR-Kingston,Kingston Line,53,0,day_type_01,weekday,1/1/2024 14:33,South Station,1.0,167,0,167,10348
Fall 2024,CR-Middleborough,Middleborough/Lakeville Line,22,1,day_type_01,weekday,1/1/2024 17:39,South Station,10.0,0,72,1,10349
Fall 2024,CR-Middleborough,Middleborough/Lakeville Line,12,1,day_type_01,weekday,1/1/2024 10:42,Holbrook/Randolph,6.0,7,1,88,10350
Fall 2024,CR-Middleborough,Middleborough/Lakeville Line,8,1,day_type_01,weekday,1/1/2024 8:00,Bridgewater,2.0,124,3,302,10351
Fall 2024,CR-Kingston,Kingston Line,53,0,day_type_01,weekday,1/1/2024 14:39,JFK/UMass,2.0,31,3,195,10352
Fall 2024,CR-Middleborough,Middleborough/Lakeville Line,23,0,day_type_01,weekday,1/1/2024 17:55,South Station,1.0,306,0,306,10353
Fall 2024,CR-Middleborough,Middleborough/Lakeville Line,8,1,day_type_01,weekday,1/1/2024 8:07,Campello,3.0,71,1,372,10354
Fall 2024,CR-Middleborough,Middleborough/Lakeville Line,12,1,day_type_01,weekday,1/1/2024 10:50,Braintree,7.0,1,4,85,10355
Fall 2024,CR-Middleborough,Middleborough/Lakeville Line,8,1,day_type_01,weekday,1/1/2024 8:11,Brockton,4.0,101,0,473,10356
Fall 2024,CR-Middleborough,Middleborough/Lakeville Line,23,0,day_type_01,weekday,1/1/2024 18:01,JFK/UMass,2.0,43,5,344,10357
Fall 2024,CR-Middleborough,Middleborough/Lakeville Line,12,1,day_type_01,weekday,1/1/2024 10:55,Quincy Center,8.0,14,10,89,10358
Fall 2024,CR-Middleborough,Middleborough/Lakeville Line,8,1,day_type_01,weekday,1/1/2024 8:14,Montello,5.0,73,0,546,10359
Fall 2024,CR-Kingston,Kingston Line,53,0,day_type_01,weekday,1/1/2024 14:48,Quincy Center,3.0,1,20,176,10360
Fall 2024,CR-Middleborough,Middleborough/Lakeville Line,12,1,day_type_01,weekday,1/1/2024 11:04,JFK/UMass,9.0,1,25,65,10361
Fall 2024,CR-Middleborough,Middleborough/Lakeville Line,8,1,day_type_01,weekday,1/1/2024 8:19,Holbrook/Randolph,6.0,84,1,629,10362
Fall 2024,CR-Middleborough,Middleborough/Lakeville Line,23,0,day_type_01,weekday,1/1/2024 18:10,Quincy Center,3.0,1,26,319,10363
Fall 2024,CR-Kingston,Kingston Line,53,0,day_type_01,weekday,1/1/2024 14:53,Braintree,4.0,3,28,151,10364
Fall 2024,CR-Middleborough,Middleborough/Lakeville Line,12,1,day_type_01,weekday,1/1/2024 11:13,South Station,10.0,0,65,0,10365
Fall 2024,CR-Middleborough,Middleborough/Lakeville Line,8,1,day_type_01,weekday,1/1/2024 8:27,Braintree,7.0,46,3,672,10366
Fall 2024,CR-Middleborough,Middleborough/Lakeville Line,23,0,day_type_01,weekday,1/1/2024 18:15,Braintree,4.0,1,14,306,10367
Fall 2024,CR-Kingston,Kingston Line,53,0,day_type_01,weekday,1/1/2024 15:00,South Weymouth,5.0,0,27,124,10368
Fall 2024,CR-Middleborough,Middleborough/Lakeville Line,13,0,day_type_01,weekday,1/1/2024 12:30,South Station,1.0,39,0,39,10369
Fall 2024,CR-Middleborough,Middleborough/Lakeville Line,8,1,day_type_01,weekday,1/1/2024 8:32,Quincy Center,8.0,57,7,722,10370
Fall 2024,CR-Middleborough,Middleborough/Lakeville Line,23,0,day_type_01,weekday,1/1/2024 18:23,Holbrook/Randolph,5.0,0,45,261,10371
Fall 2024,CR-Kingston,Kingston Line,53,0,day_type_01,weekday,1/1/2024 15:05,Abington,6.0,0,33,91,10372
Fall 2024,CR-Middleborough,Middleborough/Lakeville Line,13,0,day_type_01,weekday,1/1/2024 12:36,JFK/UMass,2.0,19,6,52,10373
Fall 2024,CR-Middleborough,Middleborough/Lakeville Line,8,1,day_type_01,weekday,1/1/2024 8:41,JFK/UMass,9.0,9,67,664,10374
Fall 2024,CR-Middleborough,Middleborough/Lakeville Line,23,0,day_type_01,weekday,1/1/2024 18:28,Montello,6.0,0,56,205,10375
Fall 2024,CR-Kingston,Kingston Line,53,0,day_type_01,weekday,1/1/2024 15:09,Whitman,7.0,0,15,76,10376
Fall 2024,CR-Middleborough,Middleborough/Lakeville Line,13,0,day_type_01,weekday,1/1/2024 12:45,Quincy Center,3.0,8,11,49,10377
Fall 2024,CR-Middleborough,Middleborough/Lakeville Line,8,1,day_type_01,weekday,1/1/2024 8:50,South Station,10.0,0,664,0,10378
Fall 2024,CR-Middleborough,Middleborough/Lakeville Line,23,0,day_type_01,weekday,1/1/2024 18:32,Brockton,7.0,0,29,176,10379
Fall 2024,CR-Kingston,Kingston Line,53,0,day_type_01,weekday,1/1/2024 15:15,Hanson,8.0,0,15,61,10380
Fall 2024,CR-Middleborough,Middleborough/Lakeville Line,13,0,day_type_01,weekday,1/1/2024 12:50,Braintree,4.0,5,3,51,10381
Fall 2024,CR-Middleborough,Middleborough/Lakeville Line,9,0,day_type_01,weekday,1/1/2024 10:00,South Station,1.0,37,0,37,10382
Fall 2024,CR-Middleborough,Middleborough/Lakeville Line,23,0,day_type_01,weekday,1/1/2024 18:36,Campello,8.0,0,56,120,10383
Fall 2024,CR-Kingston,Kingston Line,53,0,day_type_01,weekday,1/1/2024 15:20,Halifax,9.0,0,14,47,10384
Fall 2024,CR-Middleborough,Middleborough/Lakeville Line,9,0,day_type_01,weekday,1/1/2024 10:06,JFK/UMass,2.0,6,6,37,10385
Fall 2024,CR-Middleborough,Middleborough/Lakeville Line,13,0,day_type_01,weekday,1/1/2024 12:58,Holbrook/Randolph,5.0,3,11,43,10386
Fall 2024,CR-Middleborough,Middleborough/Lakeville Line,23,0,day_type_01,weekday,1/1/2024 18:45,Bridgewater,9.0,1,47,74,10387
Fall 2024,CR-Kingston,Kingston Line,53,0,day_type_01,weekday,1/1/2024 15:33,Kingston,10.0,0,47,0,10388
Fall 2024,CR-Middleborough,Middleborough/Lakeville Line,13,0,day_type_01,weekday,1/1/2024 13:03,Montello,6.0,1,11,33,10389
Fall 2024,CR-Middleborough,Middleborough/Lakeville Line,23,0,day_type_01,weekday,1/1/2024 18:58,Middleborough/Lakeville,10.0,0,74,0,10390
Fall 2024,CR-Kingston,Kingston Line,54,1,day_type_01,weekday,1/1/2024 13:37,Kingston,1.0,8,0,8,10391
Fall 2024,CR-Middleborough,Middleborough/Lakeville Line,13,0,day_type_01,weekday,1/1/2024 13:06,Brockton,7.0,5,10,28,10392
Fall 2024,CR-Middleborough,Middleborough/Lakeville Line,24,1,day_type_01,weekday,1/1/2024 18:10,Middleborough/Lakeville,1.0,2,0,2,10393
Fall 2024,CR-Kingston,Kingston Line,54,1,day_type_01,weekday,1/1/2024 13:46,Halifax,2.0,3,0,11,10394
Fall 2024,CR-Middleborough,Middleborough/Lakeville Line,13,0,day_type_01,weekday,1/1/2024 13:10,Campello,8.0,0,12,16,10395
Fall 2024,CR-Middleborough,Middleborough/Lakeville Line,24,1,day_type_01,weekday,1/1/2024 18:20,Bridgewater,2.0,22,4,20,10396
Fall 2024,CR-Middleborough,Middleborough/Lakeville Line,13,0,day_type_01,weekday,1/1/2024 13:19,Bridgewater,9.0,5,11,10,10397
Fall 2024,CR-Middleborough,Middleborough/Lakeville Line,13,0,day_type_01,weekday,1/1/2024 13:33,Middleborough/Lakeville,10.0,0,10,0,10398
Fall 2024,CR-Middleborough,Middleborough/Lakeville Line,14,1,day_type_01,weekday,1/1/2024 11:28,Middleborough/Lakeville,1.0,18,0,18,10399
Fall 2024,CR-Middleborough,Middleborough/Lakeville Line,14,1,day_type_01,weekday,1/1/2024 11:38,Bridgewater,2.0,17,0,35,10400
Fall 2024,CR-Kingston,Kingston Line,59,0,day_type_01,weekday,1/1/2024 17:48,Quincy Center,3.0,11,82,874,10401
Fall 2024,CR-Kingston,Kingston Line,59,0,day_type_01,weekday,1/1/2024 17:53,Braintree,4.0,6,110,770,10402
Fall 2024,CR-Kingston,Kingston Line,59,0,day_type_01,weekday,1/1/2024 18:00,South Weymouth,5.0,0,214,556,10403
Fall 2024,CR-Kingston,Kingston Line,59,0,day_type_01,weekday,1/1/2024 18:05,Abington,6.0,0,162,394,10404
Fall 2024,CR-Kingston,Kingston Line,59,0,day_type_01,weekday,1/1/2024 18:09,Whitman,7.0,0,77,317,10405
Fall 2024,CR-Kingston,Kingston Line,59,0,day_type_01,weekday,1/1/2024 18:15,Hanson,8.0,0,82,235,10406
Fall 2024,CR-Kingston,Kingston Line,59,0,day_type_01,weekday,1/1/2024 18:20,Halifax,9.0,0,56,179,10407
Fall 2024,CR-Kingston,Kingston Line,59,0,day_type_01,weekday,1/1/2024 18:33,Kingston,10.0,0,179,0,10408
Fall 2024,CR-Kingston,Kingston Line,60,1,day_type_01,weekday,1/1/2024 18:22,Kingston,1.0,2,0,2,10409
Fall 2024,CR-Kingston,Kingston Line,60,1,day_type_01,weekday,1/1/2024 18:37,Halifax,2.0,0,0,2,10410
Fall 2024,CR-Kingston,Kingston Line,60,1,day_type_01,weekday,1/1/2024 18:42,Hanson,3.0,1,0,3,10411
Fall 2024,CR-Kingston,Kingston Line,60,1,day_type_01,weekday,1/1/2024 18:47,Whitman,4.0,4,1,6,10412
Fall 2024,CR-Kingston,Kingston Line,60,1,day_type_01,weekday,1/1/2024 18:51,Abington,5.0,5,0,11,10413
Fall 2024,CR-Kingston,Kingston Line,60,1,day_type_01,weekday,1/1/2024 18:56,South Weymouth,6.0,0,1,10,10414
Fall 2024,CR-Greenbush,Greenbush Line,87,0,day_type_01,weekday,1/1/2024 17:05,North Scituate,9.0,0,47,99,10415
Fall 2024,CR-Greenbush,Greenbush Line,72,1,day_type_01,weekday,1/1/2024 7:01,JFK/UMass,9.0,4,112,351,10416
Fall 2024,CR-Kingston,Kingston Line,65,0,day_type_01,weekday,1/1/2024 22:10,Quincy Center,3.0,1,2,33,10417
Fall 2024,CR-Kingston,Kingston Line,60,1,day_type_01,weekday,1/1/2024 19:05,Braintree,7.0,0,6,4,10418
Fall 2024,CR-Kingston,Kingston Line,60,1,day_type_01,weekday,1/1/2024 19:10,Quincy Center,8.0,0,2,2,10419
Fall 2024,CR-Kingston,Kingston Line,60,1,day_type_01,weekday,1/1/2024 19:21,JFK/UMass,9.0,6,1,7,10420
Fall 2024,CR-Kingston,Kingston Line,60,1,day_type_01,weekday,1/1/2024 19:29,South Station,10.0,0,7,0,10421
Fall 2024,CR-Kingston,Kingston Line,61,0,day_type_01,weekday,1/1/2024 18:45,South Station,1.0,184,0,184,10422
Fall 2024,CR-Kingston,Kingston Line,61,0,day_type_01,weekday,1/1/2024 18:51,JFK/UMass,2.0,19,3,200,10423
Fall 2024,CR-Kingston,Kingston Line,61,0,day_type_01,weekday,1/1/2024 19:00,Quincy Center,3.0,0,32,168,10424
Fall 2024,CR-Kingston,Kingston Line,61,0,day_type_01,weekday,1/1/2024 19:05,Braintree,4.0,0,20,148,10425
Fall 2024,CR-Kingston,Kingston Line,61,0,day_type_01,weekday,1/1/2024 19:12,South Weymouth,5.0,0,43,105,10426
Fall 2024,CR-Kingston,Kingston Line,61,0,day_type_01,weekday,1/1/2024 19:17,Abington,6.0,0,26,79,10427
Fall 2024,CR-Kingston,Kingston Line,61,0,day_type_01,weekday,1/1/2024 19:21,Whitman,7.0,1,18,62,10428
Fall 2024,CR-Kingston,Kingston Line,61,0,day_type_01,weekday,1/1/2024 19:27,Hanson,8.0,0,11,51,10429
Fall 2024,CR-Kingston,Kingston Line,61,0,day_type_01,weekday,1/1/2024 19:32,Halifax,9.0,0,17,34,10430
Fall 2024,CR-Kingston,Kingston Line,61,0,day_type_01,weekday,1/1/2024 19:45,Kingston,10.0,0,34,0,10431
Fall 2024,CR-Kingston,Kingston Line,62,1,day_type_01,weekday,1/1/2024 20:02,Kingston,1.0,10,0,10,10432
Fall 2024,CR-Kingston,Kingston Line,62,1,day_type_01,weekday,1/1/2024 20:11,Halifax,2.0,0,0,10,10433
Fall 2024,CR-Kingston,Kingston Line,62,1,day_type_01,weekday,1/1/2024 20:16,Hanson,3.0,0,0,10,10434
Fall 2024,CR-Kingston,Kingston Line,62,1,day_type_01,weekday,1/1/2024 20:21,Whitman,4.0,2,0,12,10435
Fall 2024,CR-Kingston,Kingston Line,62,1,day_type_01,weekday,1/1/2024 20:25,Abington,5.0,2,2,12,10436
Fall 2024,CR-Kingston,Kingston Line,62,1,day_type_01,weekday,1/1/2024 20:30,South Weymouth,6.0,1,1,12,10437
Fall 2024,CR-Kingston,Kingston Line,62,1,day_type_01,weekday,1/1/2024 20:37,Braintree,7.0,1,1,12,10438
Fall 2024,CR-Kingston,Kingston Line,62,1,day_type_01,weekday,1/1/2024 20:42,Quincy Center,8.0,3,3,12,10439
Fall 2024,CR-Kingston,Kingston Line,62,1,day_type_01,weekday,1/1/2024 20:51,JFK/UMass,9.0,0,0,12,10440
Fall 2024,CR-Kingston,Kingston Line,62,1,day_type_01,weekday,1/1/2024 20:59,South Station,10.0,0,12,0,10441
Fall 2024,CR-Kingston,Kingston Line,63,0,day_type_01,weekday,1/1/2024 20:15,South Station,1.0,94,0,94,10442
Fall 2024,CR-Kingston,Kingston Line,63,0,day_type_01,weekday,1/1/2024 20:21,JFK/UMass,2.0,6,2,98,10443
Fall 2024,CR-Kingston,Kingston Line,63,0,day_type_01,weekday,1/1/2024 20:30,Quincy Center,3.0,4,20,82,10444
Fall 2024,CR-Kingston,Kingston Line,63,0,day_type_01,weekday,1/1/2024 20:35,Braintree,4.0,10,14,78,10445
Fall 2024,CR-Kingston,Kingston Line,63,0,day_type_01,weekday,1/1/2024 20:42,South Weymouth,5.0,0,24,54,10446
Fall 2024,CR-Kingston,Kingston Line,63,0,day_type_01,weekday,1/1/2024 20:47,Abington,6.0,0,8,46,10447
Fall 2024,CR-Kingston,Kingston Line,63,0,day_type_01,weekday,1/1/2024 20:51,Whitman,7.0,0,17,29,10448
Fall 2024,CR-Kingston,Kingston Line,63,0,day_type_01,weekday,1/1/2024 20:56,Hanson,8.0,0,8,21,10449
Fall 2024,CR-Kingston,Kingston Line,63,0,day_type_01,weekday,1/1/2024 21:01,Halifax,9.0,0,3,18,10450
Fall 2024,CR-Kingston,Kingston Line,63,0,day_type_01,weekday,1/1/2024 21:14,Kingston,10.0,0,18,0,10451
Fall 2024,CR-Greenbush,Greenbush Line,92,1,day_type_01,weekday,1/1/2024 20:32,JFK/UMass,9.0,0,1,6,10452
Fall 2024,CR-Greenbush,Greenbush Line,77,0,day_type_01,weekday,1/1/2024 11:20,North Scituate,9.0,0,0,1,10453
Fall 2024,CR-Kingston,Kingston Line,65,0,day_type_01,weekday,1/1/2024 21:55,South Station,1.0,28,0,28,10454
Fall 2024,CR-Kingston,Kingston Line,65,0,day_type_01,weekday,1/1/2024 22:01,JFK/UMass,2.0,7,1,34,10455
Fall 2024,CR-Greenbush,Greenbush Line,82,1,day_type_01,weekday,1/1/2024 12:46,JFK/UMass,9.0,3,4,31,10456
Fall 2024,CR-Greenbush,Greenbush Line,82,1,day_type_01,weekday,1/1/2024 12:54,South Station,10.0,0,31,0,10457
Fall 2024,CR-Greenbush,Greenbush Line,83,0,day_type_01,weekday,1/1/2024 14:15,South Station,1.0,91,0,91,10458
Fall 2024,CR-Greenbush,Greenbush Line,77,0,day_type_01,weekday,1/1/2024 11:32,Greenbush,10.0,0,1,0,10459
Fall 2024,CR-Greenbush,Greenbush Line,72,1,day_type_01,weekday,1/1/2024 7:10,South Station,10.0,0,351,0,10460
Fall 2024,CR-Greenbush,Greenbush Line,78,1,day_type_01,weekday,1/1/2024 9:25,Greenbush,1.0,18,0,18,10461
Fall 2024,CR-Greenbush,Greenbush Line,73,0,day_type_01,weekday,1/1/2024 8:00,South Station,1.0,22,0,22,10462
Fall 2024,CR-Kingston,Kingston Line,65,0,day_type_01,weekday,1/1/2024 22:15,Braintree,4.0,0,1,32,10463
Fall 2024,CR-Greenbush,Greenbush Line,83,0,day_type_01,weekday,1/1/2024 14:21,JFK/UMass,2.0,10,2,99,10464
Fall 2024,CR-Greenbush,Greenbush Line,87,0,day_type_01,weekday,1/1/2024 17:18,Greenbush,10.0,0,99,0,10465
Fall 2024,CR-Kingston,Kingston Line,65,0,day_type_01,weekday,1/1/2024 22:22,South Weymouth,5.0,0,6,26,10466
Fall 2024,CR-Greenbush,Greenbush Line,83,0,day_type_01,weekday,1/1/2024 14:30,Quincy Center,3.0,1,11,89,10467
Fall 2024,CR-Greenbush,Greenbush Line,83,0,day_type_01,weekday,1/1/2024 14:40,Weymouth Landing/East Braintree,4.0,0,15,74,10468
Fall 2024,CR-Greenbush,Greenbush Line,92,1,day_type_01,weekday,1/1/2024 20:40,South Station,10.0,0,6,0,10469
Fall 2024,CR-Kingston,Kingston Line,65,0,day_type_01,weekday,1/1/2024 22:27,Abington,6.0,0,10,16,10470
Fall 2024,CR-Greenbush,Greenbush Line,88,1,day_type_01,weekday,1/1/2024 15:42,Greenbush,1.0,7,0,7,10471
Fall 2024,CR-Greenbush,Greenbush Line,83,0,day_type_01,weekday,1/1/2024 14:45,East Weymouth,5.0,0,21,53,10472
Fall 2024,CR-Greenbush,Greenbush Line,73,0,day_type_01,weekday,1/1/2024 8:06,JFK/UMass,2.0,4,18,8,10473
Fall 2024,CR-Greenbush,Greenbush Line,78,1,day_type_01,weekday,1/1/2024 9:32,North Scituate,2.0,8,0,26,10474
Fall 2024,CR-Greenbush,Greenbush Line,93,0,day_type_01,weekday,1/1/2024 20:55,South Station,1.0,48,0,48,10475
Fall 2024,CR-Kingston,Kingston Line,65,0,day_type_01,weekday,1/1/2024 22:31,Whitman,7.0,0,4,12,10476
Fall 2024,CR-Greenbush,Greenbush Line,88,1,day_type_01,weekday,1/1/2024 15:49,North Scituate,2.0,6,0,13,10477
Fall 2024,CR-Greenbush,Greenbush Line,83,0,day_type_01,weekday,1/1/2024 14:50,West Hingham,6.0,0,8,45,10478
Fall 2024,CR-Greenbush,Greenbush Line,73,0,day_type_01,weekday,1/1/2024 8:15,Quincy Center,3.0,2,3,7,10479
Fall 2024,CR-Greenbush,Greenbush Line,78,1,day_type_01,weekday,1/1/2024 9:38,Cohasset,3.0,14,0,40,10480
Fall 2024,CR-Greenbush,Greenbush Line,93,0,day_type_01,weekday,1/1/2024 21:01,JFK/UMass,2.0,3,3,48,10481
Fall 2024,CR-Kingston,Kingston Line,65,0,day_type_01,weekday,1/1/2024 22:36,Hanson,8.0,0,2,10,10482
Fall 2024,CR-Greenbush,Greenbush Line,88,1,day_type_01,weekday,1/1/2024 16:01,Cohasset,3.0,2,0,15,10483
Fall 2024,CR-Greenbush,Greenbush Line,83,0,day_type_01,weekday,1/1/2024 14:54,Nantasket Junction,7.0,0,5,40,10484
Fall 2024,CR-Greenbush,Greenbush Line,73,0,day_type_01,weekday,1/1/2024 8:24,Weymouth Landing/East Braintree,4.0,1,1,7,10485
Fall 2024,CR-Greenbush,Greenbush Line,78,1,day_type_01,weekday,1/1/2024 9:41,Nantasket Junction,4.0,6,0,46,10486
Fall 2024,CR-Greenbush,Greenbush Line,93,0,day_type_01,weekday,1/1/2024 21:10,Quincy Center,3.0,0,6,42,10487
Fall 2024,CR-Kingston,Kingston Line,65,0,day_type_01,weekday,1/1/2024 22:41,Halifax,9.0,0,3,7,10488
Fall 2024,CR-Greenbush,Greenbush Line,88,1,day_type_01,weekday,1/1/2024 16:04,Nantasket Junction,4.0,3,0,18,10489
Fall 2024,CR-Greenbush,Greenbush Line,83,0,day_type_01,weekday,1/1/2024 14:57,Cohasset,8.0,0,7,33,10490
Fall 2024,CR-Greenbush,Greenbush Line,73,0,day_type_01,weekday,1/1/2024 8:29,East Weymouth,5.0,0,3,4,10491
Fall 2024,CR-Greenbush,Greenbush Line,78,1,day_type_01,weekday,1/1/2024 9:46,West Hingham,5.0,9,0,55,10492
Fall 2024,CR-Greenbush,Greenbush Line,93,0,day_type_01,weekday,1/1/2024 21:20,Weymouth Landing/East Braintree,4.0,0,11,31,10493
Fall 2024,CR-Kingston,Kingston Line,65,0,day_type_01,weekday,1/1/2024 22:54,Kingston,10.0,0,6,1,10494
Fall 2024,CR-Greenbush,Greenbush Line,88,1,day_type_01,weekday,1/1/2024 16:09,West Hingham,5.0,1,0,19,10495
Fall 2024,CR-Greenbush,Greenbush Line,83,0,day_type_01,weekday,1/1/2024 15:05,North Scituate,9.0,0,6,27,10496
Fall 2024,CR-Greenbush,Greenbush Line,83,0,day_type_01,weekday,1/1/2024 15:17,Greenbush,10.0,0,25,2,10497
Fall 2024,CR-Greenbush,Greenbush Line,84,1,day_type_01,weekday,1/1/2024 13:05,Greenbush,1.0,2,0,2,10498
Fall 2024,CR-Greenbush,Greenbush Line,84,1,day_type_01,weekday,1/1/2024 13:12,North Scituate,2.0,0,0,2,10499
Fall 2024,CR-Greenbush,Greenbush Line,84,1,day_type_01,weekday,1/1/2024 13:18,Cohasset,3.0,3,0,5,10500
Fall 2024,CR-Greenbush,Greenbush Line,84,1,day_type_01,weekday,1/1/2024 13:21,Nantasket Junction,4.0,4,0,9,10501
Fall 2024,CR-Greenbush,Greenbush Line,84,1,day_type_01,weekday,1/1/2024 13:26,West Hingham,5.0,0,1,8,10502
Fall 2024,CR-Greenbush,Greenbush Line,84,1,day_type_01,weekday,1/1/2024 13:36,East Weymouth,6.0,4,0,12,10503
Fall 2024,CR-Greenbush,Greenbush Line,84,1,day_type_01,weekday,1/1/2024 13:42,Weymouth Landing/East Braintree,7.0,2,0,14,10504
Fall 2024,CR-Greenbush,Greenbush Line,84,1,day_type_01,weekday,1/1/2024 13:52,Quincy Center,8.0,3,0,17,10505
Fall 2024,CR-Greenbush,Greenbush Line,84,1,day_type_01,weekday,1/1/2024 14:01,JFK/UMass,9.0,10,2,25,10506
Fall 2024,CR-Greenbush,Greenbush Line,84,1,day_type_01,weekday,1/1/2024 14:09,South Station,10.0,0,25,0,10507
Fall 2024,CR-Greenbush,Greenbush Line,85,0,day_type_01,weekday,1/1/2024 15:15,South Station,1.0,143,0,143,10508
Fall 2024,CR-Greenbush,Greenbush Line,85,0,day_type_01,weekday,1/1/2024 15:21,JFK/UMass,2.0,102,0,245,10509
Fall 2024,CR-Greenbush,Greenbush Line,85,0,day_type_01,weekday,1/1/2024 15:30,Quincy Center,3.0,2,18,229,10510
Fall 2024,CR-Greenbush,Greenbush Line,85,0,day_type_01,weekday,1/1/2024 15:40,Weymouth Landing/East Braintree,4.0,0,57,172,10511
Fall 2024,CR-Greenbush,Greenbush Line,85,0,day_type_01,weekday,1/1/2024 15:45,East Weymouth,5.0,0,35,137,10512
Fall 2024,CR-Greenbush,Greenbush Line,85,0,day_type_01,weekday,1/1/2024 15:50,West Hingham,6.0,0,31,106,10513
Fall 2024,CR-Greenbush,Greenbush Line,85,0,day_type_01,weekday,1/1/2024 15:54,Nantasket Junction,7.0,0,22,84,10514
Fall 2024,CR-Greenbush,Greenbush Line,85,0,day_type_01,weekday,1/1/2024 15:57,Cohasset,8.0,0,32,52,10515
Fall 2024,CR-Greenbush,Greenbush Line,85,0,day_type_01,weekday,1/1/2024 16:05,North Scituate,9.0,0,22,30,10516
Fall 2024,CR-Greenbush,Greenbush Line,85,0,day_type_01,weekday,1/1/2024 16:18,Greenbush,10.0,0,30,0,10517
Fall 2024,CR-Greenbush,Greenbush Line,86,1,day_type_01,weekday,1/1/2024 14:20,Greenbush,1.0,4,0,4,10518
Fall 2024,CR-Greenbush,Greenbush Line,86,1,day_type_01,weekday,1/1/2024 14:27,North Scituate,2.0,7,0,11,10519
Fall 2024,CR-Greenbush,Greenbush Line,86,1,day_type_01,weekday,1/1/2024 14:33,Cohasset,3.0,2,0,13,10520
Fall 2024,CR-Greenbush,Greenbush Line,86,1,day_type_01,weekday,1/1/2024 14:36,Nantasket Junction,4.0,2,0,15,10521
Fall 2024,CR-Greenbush,Greenbush Line,86,1,day_type_01,weekday,1/1/2024 14:41,West Hingham,5.0,7,0,22,10522
Fall 2024,CR-Greenbush,Greenbush Line,86,1,day_type_01,weekday,1/1/2024 14:51,East Weymouth,6.0,8,0,30,10523
Fall 2024,CR-Greenbush,Greenbush Line,86,1,day_type_01,weekday,1/1/2024 14:57,Weymouth Landing/East Braintree,7.0,8,0,38,10524
Fall 2024,CR-Greenbush,Greenbush Line,86,1,day_type_01,weekday,1/1/2024 15:07,Quincy Center,8.0,3,5,36,10525
Fall 2024,CR-Greenbush,Greenbush Line,86,1,day_type_01,weekday,1/1/2024 15:16,JFK/UMass,9.0,7,3,40,10526
Fall 2024,CR-Greenbush,Greenbush Line,86,1,day_type_01,weekday,1/1/2024 15:24,South Station,10.0,0,40,0,10527
Fall 2024,CR-Greenbush,Greenbush Line,87,0,day_type_01,weekday,1/1/2024 16:15,South Station,1.0,450,0,450,10528
Fall 2024,CR-Greenbush,Greenbush Line,87,0,day_type_01,weekday,1/1/2024 16:21,JFK/UMass,2.0,61,8,503,10529
Fall 2024,CR-Greenbush,Greenbush Line,87,0,day_type_01,weekday,1/1/2024 16:30,Quincy Center,3.0,9,27,485,10530
Fall 2024,CR-Greenbush,Greenbush Line,87,0,day_type_01,weekday,1/1/2024 16:40,Weymouth Landing/East Braintree,4.0,1,137,349,10531
Fall 2024,CR-Greenbush,Greenbush Line,87,0,day_type_01,weekday,1/1/2024 16:45,East Weymouth,5.0,0,80,269,10532
Fall 2024,CR-Greenbush,Greenbush Line,87,0,day_type_01,weekday,1/1/2024 16:50,West Hingham,6.0,0,61,208,10533
Fall 2024,CR-Greenbush,Greenbush Line,87,0,day_type_01,weekday,1/1/2024 16:54,Nantasket Junction,7.0,2,20,190,10534
Fall 2024,CR-Greenbush,Greenbush Line,87,0,day_type_01,weekday,1/1/2024 16:57,Cohasset,8.0,0,44,146,10535
Fall 2024,CR-Kingston,Kingston Line,66,1,day_type_01,weekday,1/1/2024 23:10,Kingston,1.0,1,0,1,10536
Fall 2024,CR-Greenbush,Greenbush Line,73,0,day_type_01,weekday,1/1/2024 8:36,West Hingham,6.0,0,1,3,10537
Fall 2024,CR-Greenbush,Greenbush Line,93,0,day_type_01,weekday,1/1/2024 21:25,East Weymouth,5.0,0,8,23,10538
Fall 2024,CR-Greenbush,Greenbush Line,88,1,day_type_01,weekday,1/1/2024 16:14,East Weymouth,6.0,5,0,24,10539
Fall 2024,CR-Kingston,Kingston Line,66,1,day_type_01,weekday,1/1/2024 23:19,Halifax,2.0,0,0,1,10540
Fall 2024,CR-Greenbush,Greenbush Line,73,0,day_type_01,weekday,1/1/2024 8:40,Nantasket Junction,7.0,0,0,3,10541
Fall 2024,CR-Greenbush,Greenbush Line,88,1,day_type_01,weekday,1/1/2024 16:20,Weymouth Landing/East Braintree,7.0,8,0,32,10542
Fall 2024,CR-Greenbush,Greenbush Line,88,1,day_type_01,weekday,1/1/2024 16:39,Quincy Center,8.0,8,2,38,10543
Fall 2024,CR-Kingston,Kingston Line,66,1,day_type_01,weekday,1/1/2024 23:24,Hanson,3.0,0,0,1,10544
Fall 2024,CR-Greenbush,Greenbush Line,78,1,day_type_01,weekday,1/1/2024 9:51,East Weymouth,6.0,10,0,65,10545
Fall 2024,CR-Greenbush,Greenbush Line,88,1,day_type_01,weekday,1/1/2024 16:48,JFK/UMass,9.0,5,5,38,10546
Fall 2024,CR-Greenbush,Greenbush Line,73,0,day_type_01,weekday,1/1/2024 8:43,Cohasset,8.0,0,0,3,10547
Fall 2024,CR-Kingston,Kingston Line,66,1,day_type_01,weekday,1/1/2024 23:29,Whitman,4.0,0,0,1,10548
Fall 2024,CR-Greenbush,Greenbush Line,78,1,day_type_01,weekday,1/1/2024 9:57,Weymouth Landing/East Braintree,7.0,9,1,73,10549
Fall 2024,CR-Greenbush,Greenbush Line,93,0,day_type_01,weekday,1/1/2024 21:30,West Hingham,6.0,0,3,20,10550
Fall 2024,CR-Greenbush,Greenbush Line,88,1,day_type_01,weekday,1/1/2024 16:56,South Station,10.0,0,38,0,10551
Fall 2024,CR-Greenbush,Greenbush Line,73,0,day_type_01,weekday,1/1/2024 8:51,North Scituate,9.0,0,3,0,10552
Fall 2024,CR-Kingston,Kingston Line,66,1,day_type_01,weekday,1/1/2024 23:33,Abington,5.0,0,0,1,10553
Fall 2024,CR-Greenbush,Greenbush Line,78,1,day_type_01,weekday,1/1/2024 10:07,Quincy Center,8.0,10,1,82,10554
Fall 2024,CR-Greenbush,Greenbush Line,93,0,day_type_01,weekday,1/1/2024 21:34,Nantasket Junction,7.0,0,0,20,10555
Fall 2024,CR-Greenbush,Greenbush Line,89,0,day_type_01,weekday,1/1/2024 17:15,South Station,1.0,515,0,515,10556
Fall 2024,CR-Greenbush,Greenbush Line,73,0,day_type_01,weekday,1/1/2024 9:04,Greenbush,10.0,0,0,0,10557
Fall 2024,CR-Kingston,Kingston Line,66,1,day_type_01,weekday,1/1/2024 23:38,South Weymouth,6.0,1,0,2,10558
Fall 2024,CR-Greenbush,Greenbush Line,78,1,day_type_01,weekday,1/1/2024 10:16,JFK/UMass,9.0,0,11,71,10559
Fall 2024,CR-Greenbush,Greenbush Line,93,0,day_type_01,weekday,1/1/2024 21:37,Cohasset,8.0,0,4,16,10560
Fall 2024,CR-Greenbush,Greenbush Line,89,0,day_type_01,weekday,1/1/2024 17:21,JFK/UMass,2.0,56,26,545,10561
Fall 2024,CR-Greenbush,Greenbush Line,74,1,day_type_01,weekday,1/1/2024 7:07,Greenbush,1.0,186,0,186,10562
Fall 2024,CR-Kingston,Kingston Line,66,1,day_type_01,weekday,1/1/2024 23:48,Braintree,7.0,0,2,0,10563
Fall 2024,CR-Greenbush,Greenbush Line,78,1,day_type_01,weekday,1/1/2024 10:24,South Station,10.0,0,72,-1,10564
Fall 2024,CR-Greenbush,Greenbush Line,93,0,day_type_01,weekday,1/1/2024 21:45,North Scituate,9.0,0,6,10,10565
Fall 2024,CR-Greenbush,Greenbush Line,89,0,day_type_01,weekday,1/1/2024 17:30,Quincy Center,3.0,11,101,455,10566
Fall 2024,CR-Greenbush,Greenbush Line,74,1,day_type_01,weekday,1/1/2024 7:14,North Scituate,2.0,44,0,230,10567
Fall 2024,CR-Kingston,Kingston Line,67,0,day_type_01,weekday,1/1/2024 0:20,Braintree,1.0,4,0,4,10568
Fall 2024,CR-Greenbush,Greenbush Line,79,0,day_type_01,weekday,1/1/2024 11:45,South Station,1.0,34,0,34,10569
Fall 2024,CR-Greenbush,Greenbush Line,93,0,day_type_01,weekday,1/1/2024 21:56,Greenbush,10.0,0,9,1,10570
Fall 2024,CR-Greenbush,Greenbush Line,94,1,day_type_01,weekday,1/1/2024 22:15,Greenbush,1.0,1,0,1,10571
Fall 2024,CR-Greenbush,Greenbush Line,94,1,day_type_01,weekday,1/1/2024 22:22,North Scituate,2.0,0,0,1,10572
Fall 2024,CR-Greenbush,Greenbush Line,94,1,day_type_01,weekday,1/1/2024 22:28,Cohasset,3.0,0,0,1,10573
Fall 2024,CR-Greenbush,Greenbush Line,94,1,day_type_01,weekday,1/1/2024 22:31,Nantasket Junction,4.0,2,0,3,10574
Fall 2024,CR-Greenbush,Greenbush Line,94,1,day_type_01,weekday,1/1/2024 22:36,West Hingham,5.0,0,0,3,10575
Fall 2024,CR-Greenbush,Greenbush Line,94,1,day_type_01,weekday,1/1/2024 22:41,East Weymouth,6.0,0,0,3,10576
Fall 2024,CR-Greenbush,Greenbush Line,94,1,day_type_01,weekday,1/1/2024 22:47,Weymouth Landing/East Braintree,7.0,1,0,4,10577
Fall 2024,CR-Greenbush,Greenbush Line,94,1,day_type_01,weekday,1/1/2024 22:57,Quincy Center,8.0,0,0,4,10578
Fall 2024,CR-Greenbush,Greenbush Line,94,1,day_type_01,weekday,1/1/2024 23:06,JFK/UMass,9.0,0,0,4,10579
Fall 2024,CR-Greenbush,Greenbush Line,94,1,day_type_01,weekday,1/1/2024 23:13,South Station,10.0,0,4,0,10580
Fall 2024,CR-Greenbush,Greenbush Line,95,0,day_type_01,weekday,1/1/2024 23:20,South Station,1.0,16,0,16,10581
Fall 2024,CR-Greenbush,Greenbush Line,95,0,day_type_01,weekday,1/1/2024 23:26,JFK/UMass,2.0,1,0,17,10582
Fall 2024,CR-Greenbush,Greenbush Line,95,0,day_type_01,weekday,1/1/2024 23:33,Quincy Center,3.0,2,4,15,10583
Fall 2024,CR-Greenbush,Greenbush Line,95,0,day_type_01,weekday,1/1/2024 23:43,Weymouth Landing/East Braintree,4.0,0,4,11,10584
Fall 2024,CR-Greenbush,Greenbush Line,95,0,day_type_01,weekday,1/1/2024 23:48,East Weymouth,5.0,0,4,7,10585
Fall 2024,CR-Greenbush,Greenbush Line,95,0,day_type_01,weekday,1/1/2024 23:53,West Hingham,6.0,0,2,5,10586
Fall 2024,CR-Greenbush,Greenbush Line,95,0,day_type_01,weekday,1/1/2024 23:57,Nantasket Junction,7.0,0,0,5,10587
Fall 2024,CR-Greenbush,Greenbush Line,95,0,day_type_01,weekday,1/1/2024,Cohasset,8.0,0,1,4,10588
Fall 2024,CR-Greenbush,Greenbush Line,95,0,day_type_01,weekday,1/1/2024 0:08,North Scituate,9.0,0,2,2,10589
Fall 2024,CR-Greenbush,Greenbush Line,95,0,day_type_01,weekday,1/1/2024 0:19,Greenbush,10.0,0,0,2,10590
Fall 2024,CR-Newburyport,Newburyport/Rockport Line,100,1,day_type_01,weekday,1/1/2024 5:06,Rockport,1.0,6,0,6,10591
Fall 2024,CR-Newburyport,Newburyport/Rockport Line,100,1,day_type_01,weekday,1/1/2024 5:13,Gloucester,2.0,12,0,18,10592
Fall 2024,CR-Newburyport,Newburyport/Rockport Line,100,1,day_type_01,weekday,1/1/2024 5:19,West Gloucester,3.0,1,0,19,10593
Fall 2024,CR-Newburyport,Newburyport/Rockport Line,100,1,day_type_01,weekday,1/1/2024 5:26,Manchester,4.0,10,0,29,10594
Fall 2024,CR-Newburyport,Newburyport/Rockport Line,100,1,day_type_01,weekday,1/1/2024 5:32,Beverly Farms,5.0,8,0,37,10595
Fall 2024,CR-Newburyport,Newburyport/Rockport Line,100,1,day_type_01,weekday,1/1/2024 5:38,Montserrat,6.0,3,1,39,10596
Fall 2024,CR-Newburyport,Newburyport/Rockport Line,100,1,day_type_01,weekday,1/1/2024 5:43,Beverly,7.0,39,1,77,10597
Fall 2024,CR-Newburyport,Newburyport/Rockport Line,100,1,day_type_01,weekday,1/1/2024 5:47,Salem,8.0,62,3,136,10598
Fall 2024,CR-Newburyport,Newburyport/Rockport Line,100,1,day_type_01,weekday,1/1/2024 5:54,Swampscott,9.0,50,2,184,10599
Fall 2024,CR-Newburyport,Newburyport/Rockport Line,100,1,day_type_01,weekday,1/1/2024 5:57,Lynn,10.0,16,2,198,10600
Fall 2024,CR-Newburyport,Newburyport/Rockport Line,100,1,day_type_01,weekday,1/1/2024 6:00,River Works,11.0,0,4,194,10601
Fall 2024,CR-Newburyport,Newburyport/Rockport Line,100,1,day_type_01,weekday,1/1/2024 6:07,Chelsea,12.0,5,6,193,10602
Fall 2024,CR-Newburyport,Newburyport/Rockport Line,100,1,day_type_01,weekday,1/1/2024 6:25,North Station,13.0,0,193,0,10603
Fall 2024,CR-Newburyport,Newburyport/Rockport Line,101,0,day_type_01,weekday,1/1/2024 6:35,North Station,1.0,28,0,28,10604
Fall 2024,CR-Newburyport,Newburyport/Rockport Line,101,0,day_type_01,weekday,1/1/2024 6:46,Chelsea,2.0,8,1,35,10605
Fall 2024,CR-Newburyport,Newburyport/Rockport Line,101,0,day_type_01,weekday,1/1/2024 6:53,River Works,3.0,0,2,33,10606
Fall 2024,CR-Newburyport,Newburyport/Rockport Line,101,0,day_type_01,weekday,1/1/2024 6:56,Lynn,4.0,12,4,41,10607
Fall 2024,CR-Newburyport,Newburyport/Rockport Line,101,0,day_type_01,weekday,1/1/2024 6:59,Swampscott,5.0,5,2,44,10608
Fall 2024,CR-Kingston,Kingston Line,67,0,day_type_01,weekday,1/1/2024 0:26,South Weymouth,2.0,0,0,4,10609
Fall 2024,CR-Greenbush,Greenbush Line,89,0,day_type_01,weekday,1/1/2024 17:40,Weymouth Landing/East Braintree,4.0,0,138,317,10610
Fall 2024,CR-Greenbush,Greenbush Line,79,0,day_type_01,weekday,1/1/2024 11:51,JFK/UMass,2.0,4,2,36,10611
Fall 2024,CR-Kingston,Kingston Line,67,0,day_type_01,weekday,1/1/2024 0:31,Abington,3.0,0,1,3,10612
Fall 2024,CR-Greenbush,Greenbush Line,89,0,day_type_01,weekday,1/1/2024 17:45,East Weymouth,5.0,0,89,228,10613
Fall 2024,CR-Greenbush,Greenbush Line,74,1,day_type_01,weekday,1/1/2024 7:20,Cohasset,3.0,47,0,277,10614
Fall 2024,CR-Greenbush,Greenbush Line,79,0,day_type_01,weekday,1/1/2024 12:00,Quincy Center,3.0,2,3,35,10615
Fall 2024,CR-Greenbush,Greenbush Line,89,0,day_type_01,weekday,1/1/2024 17:50,West Hingham,6.0,0,47,181,10616
Fall 2024,CR-Kingston,Kingston Line,67,0,day_type_01,weekday,1/1/2024 0:35,Whitman,4.0,0,1,2,10617
Fall 2024,CR-Greenbush,Greenbush Line,74,1,day_type_01,weekday,1/1/2024 7:23,Nantasket Junction,4.0,39,0,316,10618
Fall 2024,CR-Greenbush,Greenbush Line,79,0,day_type_01,weekday,1/1/2024 12:10,Weymouth Landing/East Braintree,4.0,1,13,23,10619
Fall 2024,CR-Greenbush,Greenbush Line,89,0,day_type_01,weekday,1/1/2024 17:54,Nantasket Junction,7.0,0,31,150,10620
Fall 2024,CR-Kingston,Kingston Line,67,0,day_type_01,weekday,1/1/2024 0:40,Hanson,5.0,0,1,1,10621
Fall 2024,CR-Greenbush,Greenbush Line,74,1,day_type_01,weekday,1/1/2024 7:28,West Hingham,5.0,59,0,375,10622
Fall 2024,CR-Greenbush,Greenbush Line,79,0,day_type_01,weekday,1/1/2024 12:15,East Weymouth,5.0,1,3,21,10623
Fall 2024,CR-Greenbush,Greenbush Line,89,0,day_type_01,weekday,1/1/2024 17:57,Cohasset,8.0,0,44,106,10624
Fall 2024,CR-Kingston,Kingston Line,67,0,day_type_01,weekday,1/1/2024 0:45,Halifax,6.0,0,0,1,10625
Fall 2024,CR-Greenbush,Greenbush Line,74,1,day_type_01,weekday,1/1/2024 7:33,East Weymouth,6.0,105,0,480,10626
Fall 2024,CR-Greenbush,Greenbush Line,79,0,day_type_01,weekday,1/1/2024 12:20,West Hingham,6.0,0,3,18,10627
Fall 2024,CR-Greenbush,Greenbush Line,89,0,day_type_01,weekday,1/1/2024 18:05,North Scituate,9.0,0,52,54,10628
Fall 2024,CR-Kingston,Kingston Line,67,0,day_type_01,weekday,1/1/2024 0:58,Kingston,7.0,0,1,0,10629
Fall 2024,CR-Greenbush,Greenbush Line,74,1,day_type_01,weekday,1/1/2024 7:39,Weymouth Landing/East Braintree,7.0,148,1,627,10630
Fall 2024,CR-Greenbush,Greenbush Line,79,0,day_type_01,weekday,1/1/2024 12:24,Nantasket Junction,7.0,0,2,16,10631
Fall 2024,CR-Greenbush,Greenbush Line,89,0,day_type_01,weekday,1/1/2024 18:18,Greenbush,10.0,0,54,0,10632
Fall 2024,CR-Greenbush,Greenbush Line,70,1,day_type_01,weekday,1/1/2024 5:05,Greenbush,1.0,16,0,16,10633
Fall 2024,CR-Greenbush,Greenbush Line,74,1,day_type_01,weekday,1/1/2024 7:50,Quincy Center,8.0,61,4,684,10634
Fall 2024,CR-Greenbush,Greenbush Line,79,0,day_type_01,weekday,1/1/2024 12:27,Cohasset,8.0,0,3,13,10635
Fall 2024,CR-Greenbush,Greenbush Line,90,1,day_type_01,weekday,1/1/2024 17:42,Greenbush,1.0,6,0,6,10636
Fall 2024,CR-Greenbush,Greenbush Line,70,1,day_type_01,weekday,1/1/2024 5:12,North Scituate,2.0,7,0,23,10637
Fall 2024,CR-Greenbush,Greenbush Line,74,1,day_type_01,weekday,1/1/2024 7:59,JFK/UMass,9.0,6,140,550,10638
Fall 2024,CR-Greenbush,Greenbush Line,79,0,day_type_01,weekday,1/1/2024 12:35,North Scituate,9.0,0,8,5,10639
Fall 2024,CR-Greenbush,Greenbush Line,90,1,day_type_01,weekday,1/1/2024 17:49,North Scituate,2.0,2,0,8,10640
Fall 2024,CR-Greenbush,Greenbush Line,74,1,day_type_01,weekday,1/1/2024 8:09,South Station,10.0,0,550,0,10641
Fall 2024,CR-Greenbush,Greenbush Line,70,1,day_type_01,weekday,1/1/2024 5:18,Cohasset,3.0,4,0,27,10642
Fall 2024,CR-Greenbush,Greenbush Line,79,0,day_type_01,weekday,1/1/2024 12:47,Greenbush,10.0,0,5,0,10643
Fall 2024,CR-Greenbush,Greenbush Line,90,1,day_type_01,weekday,1/1/2024 18:01,Cohasset,3.0,1,0,9,10644
Fall 2024,CR-Greenbush,Greenbush Line,75,0,day_type_01,weekday,1/1/2024 9:12,South Station,1.0,12,0,12,10645
Fall 2024,CR-Greenbush,Greenbush Line,70,1,day_type_01,weekday,1/1/2024 5:21,Nantasket Junction,4.0,2,0,29,10646
Fall 2024,CR-Greenbush,Greenbush Line,80,1,day_type_01,weekday,1/1/2024 10:35,Greenbush,1.0,15,0,15,10647
Fall 2024,CR-Greenbush,Greenbush Line,90,1,day_type_01,weekday,1/1/2024 18:04,Nantasket Junction,4.0,0,1,8,10648
Fall 2024,CR-Greenbush,Greenbush Line,75,0,day_type_01,weekday,1/1/2024 9:18,JFK/UMass,2.0,1,2,11,10649
Fall 2024,CR-Greenbush,Greenbush Line,70,1,day_type_01,weekday,1/1/2024 5:26,West Hingham,5.0,9,0,38,10650
Fall 2024,CR-Greenbush,Greenbush Line,80,1,day_type_01,weekday,1/1/2024 10:42,North Scituate,2.0,5,3,17,10651
Fall 2024,CR-Greenbush,Greenbush Line,90,1,day_type_01,weekday,1/1/2024 18:09,West Hingham,5.0,2,0,10,10652
Fall 2024,CR-Greenbush,Greenbush Line,75,0,day_type_01,weekday,1/1/2024 9:27,Quincy Center,3.0,1,4,8,10653
Fall 2024,CR-Greenbush,Greenbush Line,70,1,day_type_01,weekday,1/1/2024 5:31,East Weymouth,6.0,15,0,53,10654
Fall 2024,CR-Greenbush,Greenbush Line,80,1,day_type_01,weekday,1/1/2024 10:48,Cohasset,3.0,3,0,20,10655
Fall 2024,CR-Greenbush,Greenbush Line,90,1,day_type_01,weekday,1/1/2024 18:14,East Weymouth,6.0,1,0,11,10656
Fall 2024,CR-Greenbush,Greenbush Line,75,0,day_type_01,weekday,1/1/2024 9:37,Weymouth Landing/East Braintree,4.0,0,2,6,10657
Fall 2024,CR-Greenbush,Greenbush Line,70,1,day_type_01,weekday,1/1/2024 5:37,Weymouth Landing/East Braintree,7.0,12,0,65,10658
Fall 2024,CR-Greenbush,Greenbush Line,80,1,day_type_01,weekday,1/1/2024 10:51,Nantasket Junction,4.0,6,0,26,10659
Fall 2024,CR-Greenbush,Greenbush Line,90,1,day_type_01,weekday,1/1/2024 18:20,Weymouth Landing/East Braintree,7.0,0,1,10,10660
Fall 2024,CR-Greenbush,Greenbush Line,75,0,day_type_01,weekday,1/1/2024 9:42,East Weymouth,5.0,0,1,5,10661
Fall 2024,CR-Greenbush,Greenbush Line,70,1,day_type_01,weekday,1/1/2024 5:47,Quincy Center,8.0,12,1,76,10662
Fall 2024,CR-Greenbush,Greenbush Line,80,1,day_type_01,weekday,1/1/2024 10:56,West Hingham,5.0,3,0,29,10663
Fall 2024,CR-Greenbush,Greenbush Line,90,1,day_type_01,weekday,1/1/2024 18:30,Quincy Center,8.0,3,1,12,10664
Fall 2024,CR-Greenbush,Greenbush Line,75,0,day_type_01,weekday,1/1/2024 9:51,West Hingham,6.0,0,1,4,10665
Fall 2024,CR-Greenbush,Greenbush Line,70,1,day_type_01,weekday,1/1/2024 5:56,JFK/UMass,9.0,4,6,74,10666
Fall 2024,CR-Greenbush,Greenbush Line,80,1,day_type_01,weekday,1/1/2024 11:06,East Weymouth,6.0,8,0,37,10667
Fall 2024,CR-Greenbush,Greenbush Line,90,1,day_type_01,weekday,1/1/2024 18:39,JFK/UMass,9.0,5,1,16,10668
Fall 2024,CR-Greenbush,Greenbush Line,75,0,day_type_01,weekday,1/1/2024 9:55,Nantasket Junction,7.0,0,0,4,10669
Fall 2024,CR-Greenbush,Greenbush Line,70,1,day_type_01,weekday,1/1/2024 6:04,South Station,10.0,0,74,0,10670
Fall 2024,CR-Greenbush,Greenbush Line,80,1,day_type_01,weekday,1/1/2024 11:12,Weymouth Landing/East Braintree,7.0,7,2,42,10671
Fall 2024,CR-Greenbush,Greenbush Line,90,1,day_type_01,weekday,1/1/2024 18:47,South Station,10.0,0,18,-2,10672
Fall 2024,CR-Greenbush,Greenbush Line,75,0,day_type_01,weekday,1/1/2024 9:58,Cohasset,8.0,0,1,3,10673
Fall 2024,CR-Greenbush,Greenbush Line,71,0,day_type_01,weekday,1/1/2024 6:25,South Station,1.0,4,0,4,10674
Fall 2024,CR-Greenbush,Greenbush Line,91,0,day_type_01,weekday,1/1/2024 18:23,South Station,1.0,130,0,130,10675
Fall 2024,CR-Greenbush,Greenbush Line,80,1,day_type_01,weekday,1/1/2024 11:22,Quincy Center,8.0,3,3,42,10676
Fall 2024,CR-Greenbush,Greenbush Line,80,1,day_type_01,weekday,1/1/2024 11:31,JFK/UMass,9.0,1,5,38,10677
Fall 2024,CR-Greenbush,Greenbush Line,91,0,day_type_01,weekday,1/1/2024 18:29,JFK/UMass,2.0,22,4,148,10678
Fall 2024,CR-Greenbush,Greenbush Line,80,1,day_type_01,weekday,1/1/2024 11:39,South Station,10.0,0,38,0,10679
Fall 2024,CR-Greenbush,Greenbush Line,75,0,day_type_01,weekday,1/1/2024 10:06,North Scituate,9.0,0,1,2,10680
Fall 2024,CR-Greenbush,Greenbush Line,91,0,day_type_01,weekday,1/1/2024 18:38,Quincy Center,3.0,1,43,106,10681
Fall 2024,CR-Greenbush,Greenbush Line,81,0,day_type_01,weekday,1/1/2024 13:00,South Station,1.0,42,0,42,10682
Fall 2024,CR-Greenbush,Greenbush Line,71,0,day_type_01,weekday,1/1/2024 6:31,JFK/UMass,2.0,3,2,5,10683
Fall 2024,CR-Greenbush,Greenbush Line,91,0,day_type_01,weekday,1/1/2024 18:48,Weymouth Landing/East Braintree,4.0,0,21,85,10684
Fall 2024,CR-Greenbush,Greenbush Line,71,0,day_type_01,weekday,1/1/2024 6:40,Quincy Center,3.0,3,2,6,10685
Fall 2024,CR-Greenbush,Greenbush Line,81,0,day_type_01,weekday,1/1/2024 13:06,JFK/UMass,2.0,9,2,49,10686
Fall 2024,CR-Greenbush,Greenbush Line,75,0,day_type_01,weekday,1/1/2024 10:18,Greenbush,10.0,0,2,0,10687
Fall 2024,CR-Greenbush,Greenbush Line,91,0,day_type_01,weekday,1/1/2024 18:53,East Weymouth,5.0,0,24,61,10688
Fall 2024,CR-Greenbush,Greenbush Line,71,0,day_type_01,weekday,1/1/2024 6:50,Weymouth Landing/East Braintree,4.0,1,2,5,10689
Fall 2024,CR-Greenbush,Greenbush Line,81,0,day_type_01,weekday,1/1/2024 13:15,Quincy Center,3.0,0,5,44,10690
Fall 2024,CR-Greenbush,Greenbush Line,76,1,day_type_01,weekday,1/1/2024 8:10,Greenbush,1.0,59,0,59,10691
Fall 2024,CR-Greenbush,Greenbush Line,91,0,day_type_01,weekday,1/1/2024 18:58,West Hingham,6.0,0,13,48,10692
Fall 2024,CR-Greenbush,Greenbush Line,71,0,day_type_01,weekday,1/1/2024 6:55,East Weymouth,5.0,0,0,5,10693
Fall 2024,CR-Greenbush,Greenbush Line,81,0,day_type_01,weekday,1/1/2024 13:25,Weymouth Landing/East Braintree,4.0,2,11,35,10694
Fall 2024,CR-Greenbush,Greenbush Line,76,1,day_type_01,weekday,1/1/2024 8:17,North Scituate,2.0,34,0,93,10695
Fall 2024,CR-Greenbush,Greenbush Line,91,0,day_type_01,weekday,1/1/2024 19:02,Nantasket Junction,7.0,0,5,43,10696
Fall 2024,CR-Greenbush,Greenbush Line,71,0,day_type_01,weekday,1/1/2024 7:00,West Hingham,6.0,0,1,4,10697
Fall 2024,CR-Greenbush,Greenbush Line,81,0,day_type_01,weekday,1/1/2024 13:30,East Weymouth,5.0,0,9,26,10698
Fall 2024,CR-Greenbush,Greenbush Line,76,1,day_type_01,weekday,1/1/2024 8:23,Cohasset,3.0,31,0,124,10699
Fall 2024,CR-Greenbush,Greenbush Line,91,0,day_type_01,weekday,1/1/2024 19:05,Cohasset,8.0,0,8,35,10700
Fall 2024,CR-Greenbush,Greenbush Line,71,0,day_type_01,weekday,1/1/2024 7:04,Nantasket Junction,7.0,1,0,5,10701
Fall 2024,CR-Greenbush,Greenbush Line,81,0,day_type_01,weekday,1/1/2024 13:35,West Hingham,6.0,0,10,16,10702
Fall 2024,CR-Greenbush,Greenbush Line,76,1,day_type_01,weekday,1/1/2024 8:26,Nantasket Junction,4.0,27,0,151,10703
Fall 2024,CR-Greenbush,Greenbush Line,91,0,day_type_01,weekday,1/1/2024 19:13,North Scituate,9.0,0,13,22,10704
Fall 2024,CR-Greenbush,Greenbush Line,71,0,day_type_01,weekday,1/1/2024 7:07,Cohasset,8.0,0,1,4,10705
Fall 2024,CR-Greenbush,Greenbush Line,81,0,day_type_01,weekday,1/1/2024 13:39,Nantasket Junction,7.0,0,1,15,10706
Fall 2024,CR-Greenbush,Greenbush Line,76,1,day_type_01,weekday,1/1/2024 8:31,West Hingham,5.0,23,0,174,10707
Fall 2024,CR-Greenbush,Greenbush Line,91,0,day_type_01,weekday,1/1/2024 19:26,Greenbush,10.0,0,22,0,10708
Fall 2024,CR-Greenbush,Greenbush Line,92,1,day_type_01,weekday,1/1/2024 19:41,Greenbush,1.0,4,0,4,10709
Fall 2024,CR-Greenbush,Greenbush Line,92,1,day_type_01,weekday,1/1/2024 19:48,North Scituate,2.0,0,0,4,10710
Fall 2024,CR-Greenbush,Greenbush Line,92,1,day_type_01,weekday,1/1/2024 19:54,Cohasset,3.0,0,2,2,10711
Fall 2024,CR-Greenbush,Greenbush Line,92,1,day_type_01,weekday,1/1/2024 19:57,Nantasket Junction,4.0,2,0,4,10712
Fall 2024,CR-Greenbush,Greenbush Line,92,1,day_type_01,weekday,1/1/2024 20:02,West Hingham,5.0,3,0,7,10713
Fall 2024,CR-Greenbush,Greenbush Line,92,1,day_type_01,weekday,1/1/2024 20:07,East Weymouth,6.0,0,0,7,10714
Fall 2024,CR-Greenbush,Greenbush Line,92,1,day_type_01,weekday,1/1/2024 20:13,Weymouth Landing/East Braintree,7.0,1,0,8,10715
Fall 2024,CR-Greenbush,Greenbush Line,92,1,day_type_01,weekday,1/1/2024 20:23,Quincy Center,8.0,0,1,7,10716
Fall 2024,CR-Greenbush,Greenbush Line,81,0,day_type_01,weekday,1/1/2024 13:42,Cohasset,8.0,0,4,11,10717
Fall 2024,CR-Greenbush,Greenbush Line,76,1,day_type_01,weekday,1/1/2024 8:36,East Weymouth,6.0,59,0,233,10718
Fall 2024,CR-Greenbush,Greenbush Line,71,0,day_type_01,weekday,1/1/2024 7:21,North Scituate,9.0,0,0,4,10719
Fall 2024,CR-Greenbush,Greenbush Line,81,0,day_type_01,weekday,1/1/2024 13:50,North Scituate,9.0,0,3,8,10720
Fall 2024,CR-Greenbush,Greenbush Line,76,1,day_type_01,weekday,1/1/2024 8:42,Weymouth Landing/East Braintree,7.0,64,1,296,10721
Fall 2024,CR-Greenbush,Greenbush Line,71,0,day_type_01,weekday,1/1/2024 7:34,Greenbush,10.0,0,4,0,10722
Fall 2024,CR-Greenbush,Greenbush Line,81,0,day_type_01,weekday,1/1/2024 14:02,Greenbush,10.0,0,8,0,10723
Fall 2024,CR-Greenbush,Greenbush Line,76,1,day_type_01,weekday,1/1/2024 8:52,Quincy Center,8.0,39,1,334,10724
Fall 2024,CR-Greenbush,Greenbush Line,72,1,day_type_01,weekday,1/1/2024 6:10,Greenbush,1.0,103,0,103,10725
Fall 2024,CR-Greenbush,Greenbush Line,82,1,day_type_01,weekday,1/1/2024 11:50,Greenbush,1.0,4,0,4,10726
Fall 2024,CR-Greenbush,Greenbush Line,76,1,day_type_01,weekday,1/1/2024 9:01,JFK/UMass,9.0,5,24,315,10727
Fall 2024,CR-Greenbush,Greenbush Line,72,1,day_type_01,weekday,1/1/2024 6:17,North Scituate,2.0,35,0,138,10728
Fall 2024,CR-Greenbush,Greenbush Line,82,1,day_type_01,weekday,1/1/2024 11:57,North Scituate,2.0,5,0,9,10729
Fall 2024,CR-Greenbush,Greenbush Line,76,1,day_type_01,weekday,1/1/2024 9:10,South Station,10.0,0,315,0,10730
Fall 2024,CR-Greenbush,Greenbush Line,72,1,day_type_01,weekday,1/1/2024 6:23,Cohasset,3.0,23,0,161,10731
Fall 2024,CR-Greenbush,Greenbush Line,82,1,day_type_01,weekday,1/1/2024 12:03,Cohasset,3.0,3,0,12,10732
Fall 2024,CR-Greenbush,Greenbush Line,77,0,day_type_01,weekday,1/1/2024 10:30,South Station,1.0,6,0,6,10733
Fall 2024,CR-Greenbush,Greenbush Line,72,1,day_type_01,weekday,1/1/2024 6:26,Nantasket Junction,4.0,20,0,181,10734
Fall 2024,CR-Greenbush,Greenbush Line,82,1,day_type_01,weekday,1/1/2024 12:06,Nantasket Junction,4.0,4,0,16,10735
Fall 2024,CR-Greenbush,Greenbush Line,77,0,day_type_01,weekday,1/1/2024 10:36,JFK/UMass,2.0,0,1,5,10736
Fall 2024,CR-Greenbush,Greenbush Line,72,1,day_type_01,weekday,1/1/2024 6:31,West Hingham,5.0,50,0,231,10737
Fall 2024,CR-Greenbush,Greenbush Line,82,1,day_type_01,weekday,1/1/2024 12:11,West Hingham,5.0,1,0,17,10738
Fall 2024,CR-Greenbush,Greenbush Line,77,0,day_type_01,weekday,1/1/2024 10:45,Quincy Center,3.0,0,0,5,10739
Fall 2024,CR-Greenbush,Greenbush Line,72,1,day_type_01,weekday,1/1/2024 6:36,East Weymouth,6.0,100,0,331,10740
Fall 2024,CR-Greenbush,Greenbush Line,82,1,day_type_01,weekday,1/1/2024 12:21,East Weymouth,6.0,4,0,21,10741
Fall 2024,CR-Greenbush,Greenbush Line,77,0,day_type_01,weekday,1/1/2024 10:55,Weymouth Landing/East Braintree,4.0,0,1,4,10742
Fall 2024,CR-Greenbush,Greenbush Line,72,1,day_type_01,weekday,1/1/2024 6:42,Weymouth Landing/East Braintree,7.0,93,1,423,10743
Fall 2024,CR-Greenbush,Greenbush Line,77,0,day_type_01,weekday,1/1/2024 11:00,East Weymouth,5.0,0,1,3,10744
Fall 2024,CR-Greenbush,Greenbush Line,82,1,day_type_01,weekday,1/1/2024 12:27,Weymouth Landing/East Braintree,7.0,5,0,26,10745
Fall 2024,CR-Greenbush,Greenbush Line,77,0,day_type_01,weekday,1/1/2024 11:05,West Hingham,6.0,0,0,3,10746
Fall 2024,CR-Greenbush,Greenbush Line,82,1,day_type_01,weekday,1/1/2024 12:37,Quincy Center,8.0,6,0,32,10747
Fall 2024,CR-Greenbush,Greenbush Line,77,0,day_type_01,weekday,1/1/2024 11:09,Nantasket Junction,7.0,0,1,2,10748
Fall 2024,CR-Greenbush,Greenbush Line,72,1,day_type_01,weekday,1/1/2024 6:52,Quincy Center,8.0,38,2,459,10749
Fall 2024,CR-Greenbush,Greenbush Line,77,0,day_type_01,weekday,1/1/2024 11:12,Cohasset,8.0,0,1,1,10750
Fall 2024,CR-Kingston,Kingston Line,54,1,day_type_01,weekday,1/1/2024 13:51,Hanson,3.0,1,0,12,10751
Fall 2024,CR-Kingston,Kingston Line,54,1,day_type_01,weekday,1/1/2024 14:01,Whitman,4.0,4,0,16,10752
Fall 2024,CR-Kingston,Kingston Line,54,1,day_type_01,weekday,1/1/2024 14:05,Abington,5.0,3,0,19,10753
Fall 2024,CR-Kingston,Kingston Line,54,1,day_type_01,weekday,1/1/2024 14:10,South Weymouth,6.0,3,0,22,10754
Fall 2024,CR-Kingston,Kingston Line,54,1,day_type_01,weekday,1/1/2024 14:17,Braintree,7.0,5,1,26,10755
Fall 2024,CR-Kingston,Kingston Line,54,1,day_type_01,weekday,1/1/2024 14:22,Quincy Center,8.0,2,4,24,10756
Fall 2024,CR-Kingston,Kingston Line,54,1,day_type_01,weekday,1/1/2024 14:31,JFK/UMass,9.0,7,3,28,10757
Fall 2024,CR-Kingston,Kingston Line,54,1,day_type_01,weekday,1/1/2024 14:39,South Station,10.0,0,28,0,10758
Fall 2024,CR-Kingston,Kingston Line,55,0,day_type_01,weekday,1/1/2024 15:33,South Station,1.0,413,0,413,10759
Fall 2024,CR-Kingston,Kingston Line,55,0,day_type_01,weekday,1/1/2024 15:39,JFK/UMass,2.0,80,4,489,10760
Fall 2024,CR-Kingston,Kingston Line,55,0,day_type_01,weekday,1/1/2024 15:48,Quincy Center,3.0,4,31,462,10761
Fall 2024,CR-Kingston,Kingston Line,55,0,day_type_01,weekday,1/1/2024 15:53,Braintree,4.0,0,43,419,10762
Fall 2024,CR-Kingston,Kingston Line,55,0,day_type_01,weekday,1/1/2024 16:00,South Weymouth,5.0,0,95,324,10763
Fall 2024,CR-Kingston,Kingston Line,55,0,day_type_01,weekday,1/1/2024 16:05,Abington,6.0,0,64,260,10764
Fall 2024,CR-Kingston,Kingston Line,55,0,day_type_01,weekday,1/1/2024 16:09,Whitman,7.0,1,70,191,10765
Fall 2024,CR-Kingston,Kingston Line,55,0,day_type_01,weekday,1/1/2024 16:15,Hanson,8.0,0,39,152,10766
Fall 2024,CR-Kingston,Kingston Line,55,0,day_type_01,weekday,1/1/2024 16:20,Halifax,9.0,0,51,101,10767
Fall 2024,CR-Kingston,Kingston Line,55,0,day_type_01,weekday,1/1/2024 16:33,Kingston,10.0,0,101,0,10768
Fall 2024,CR-Kingston,Kingston Line,56,1,day_type_01,weekday,1/1/2024 14:52,Kingston,1.0,0,0,0,10769
Fall 2024,CR-Kingston,Kingston Line,56,1,day_type_01,weekday,1/1/2024 15:01,Halifax,2.0,1,0,1,10770
Fall 2024,CR-Kingston,Kingston Line,56,1,day_type_01,weekday,1/1/2024 15:06,Hanson,3.0,1,0,2,10771
Fall 2024,CR-Kingston,Kingston Line,56,1,day_type_01,weekday,1/1/2024 15:16,Whitman,4.0,2,0,4,10772
Fall 2024,CR-Kingston,Kingston Line,56,1,day_type_01,weekday,1/1/2024 15:20,Abington,5.0,8,0,12,10773
Fall 2024,CR-Kingston,Kingston Line,56,1,day_type_01,weekday,1/1/2024 15:25,South Weymouth,6.0,4,0,16,10774
Fall 2024,CR-Kingston,Kingston Line,56,1,day_type_01,weekday,1/1/2024 15:32,Braintree,7.0,3,4,15,10775
Fall 2024,CR-Kingston,Kingston Line,56,1,day_type_01,weekday,1/1/2024 15:39,Quincy Center,8.0,6,2,19,10776
Fall 2024,CR-Kingston,Kingston Line,56,1,day_type_01,weekday,1/1/2024 15:48,JFK/UMass,9.0,3,8,14,10777
Fall 2024,CR-Kingston,Kingston Line,56,1,day_type_01,weekday,1/1/2024 15:57,South Station,10.0,0,14,0,10778
Fall 2024,CR-Kingston,Kingston Line,57,0,day_type_01,weekday,1/1/2024 16:33,South Station,1.0,528,0,528,10779
Fall 2024,CR-Kingston,Kingston Line,57,0,day_type_01,weekday,1/1/2024 16:39,JFK/UMass,2.0,23,5,546,10780
Fall 2024,CR-Kingston,Kingston Line,57,0,day_type_01,weekday,1/1/2024 16:48,Quincy Center,3.0,1,35,512,10781
Fall 2024,CR-Kingston,Kingston Line,57,0,day_type_01,weekday,1/1/2024 16:53,Braintree,4.0,2,37,477,10782
Fall 2024,CR-Kingston,Kingston Line,57,0,day_type_01,weekday,1/1/2024 17:00,South Weymouth,5.0,2,105,374,10783
Fall 2024,CR-Kingston,Kingston Line,57,0,day_type_01,weekday,1/1/2024 17:05,Abington,6.0,0,95,279,10784
Fall 2024,CR-Kingston,Kingston Line,57,0,day_type_01,weekday,1/1/2024 17:09,Whitman,7.0,0,71,208,10785
Fall 2024,CR-Kingston,Kingston Line,57,0,day_type_01,weekday,1/1/2024 17:15,Hanson,8.0,0,55,153,10786
Fall 2024,CR-Kingston,Kingston Line,57,0,day_type_01,weekday,1/1/2024 17:20,Halifax,9.0,0,45,108,10787
Fall 2024,CR-Kingston,Kingston Line,57,0,day_type_01,weekday,1/1/2024 17:33,Kingston,10.0,0,108,0,10788
Fall 2024,CR-Kingston,Kingston Line,58,1,day_type_01,weekday,1/1/2024 16:07,Kingston,1.0,4,0,4,10789
Fall 2024,CR-Kingston,Kingston Line,58,1,day_type_01,weekday,1/1/2024 16:17,Halifax,2.0,0,0,4,10790
Fall 2024,CR-Kingston,Kingston Line,58,1,day_type_01,weekday,1/1/2024 16:26,Hanson,3.0,2,0,6,10791
Fall 2024,CR-Kingston,Kingston Line,58,1,day_type_01,weekday,1/1/2024 16:31,Whitman,4.0,5,0,11,10792
Fall 2024,CR-Kingston,Kingston Line,58,1,day_type_01,weekday,1/1/2024 16:35,Abington,5.0,4,0,15,10793
Fall 2024,CR-Kingston,Kingston Line,58,1,day_type_01,weekday,1/1/2024 16:40,South Weymouth,6.0,10,0,25,10794
Fall 2024,CR-Kingston,Kingston Line,58,1,day_type_01,weekday,1/1/2024 16:52,Braintree,7.0,2,2,25,10795
Fall 2024,CR-Kingston,Kingston Line,58,1,day_type_01,weekday,1/1/2024 16:59,Quincy Center,8.0,2,3,24,10796
Fall 2024,CR-Kingston,Kingston Line,58,1,day_type_01,weekday,1/1/2024 17:10,JFK/UMass,9.0,8,4,28,10797
Fall 2024,CR-Kingston,Kingston Line,58,1,day_type_01,weekday,1/1/2024 17:18,South Station,10.0,0,30,-2,10798
Fall 2024,CR-Kingston,Kingston Line,59,0,day_type_01,weekday,1/1/2024 17:33,South Station,1.0,897,0,897,10799
Fall 2024,CR-Kingston,Kingston Line,59,0,day_type_01,weekday,1/1/2024 17:39,JFK/UMass,2.0,49,1,945,10800
Fall 2024,CR-Newburyport,Newburyport/Rockport Line,117,0,day_type_01,weekday,1/1/2024 17:29,Swampscott,5.0,1,102,434,10801
Fall 2024,CR-Newburyport,Newburyport/Rockport Line,117,0,day_type_01,weekday,1/1/2024 17:36,Salem,6.0,14,172,276,10802
Fall 2024,CR-Newburyport,Newburyport/Rockport Line,117,0,day_type_01,weekday,1/1/2024 17:41,Beverly,7.0,4,124,156,10803
Fall 2024,CR-Newburyport,Newburyport/Rockport Line,117,0,day_type_01,weekday,1/1/2024 17:45,Montserrat,8.0,0,52,104,10804
Fall 2024,CR-Newburyport,Newburyport/Rockport Line,117,0,day_type_01,weekday,1/1/2024 17:52,Beverly Farms,9.0,0,17,87,10805
Fall 2024,CR-Newburyport,Newburyport/Rockport Line,117,0,day_type_01,weekday,1/1/2024 17:58,Manchester,10.0,0,31,56,10806
Fall 2024,CR-Newburyport,Newburyport/Rockport Line,117,0,day_type_01,weekday,1/1/2024 18:04,West Gloucester,11.0,1,4,53,10807
Fall 2024,CR-Newburyport,Newburyport/Rockport Line,117,0,day_type_01,weekday,1/1/2024 18:12,Gloucester,12.0,2,34,21,10808
Fall 2024,CR-Newburyport,Newburyport/Rockport Line,117,0,day_type_01,weekday,1/1/2024 18:27,Rockport,13.0,0,21,0,10809
Fall 2024,CR-Newburyport,Newburyport/Rockport Line,141,0,day_type_01,weekday,1/1/2024 5:56,Lynn,4.0,10,4,27,10810
Fall 2024,CR-Newburyport,Newburyport/Rockport Line,113,0,day_type_01,weekday,1/1/2024 15:40,Beverly,7.0,4,45,56,10811
Fall 2024,CR-Newburyport,Newburyport/Rockport Line,105,0,day_type_01,weekday,1/1/2024 9:28,Swampscott,4.0,7,4,30,10812
Fall 2024,CR-Newburyport,Newburyport/Rockport Line,125,0,day_type_01,weekday,1/1/2024 23:14,Swampscott,5.0,0,8,63,10813
Fall 2024,CR-Newburyport,Newburyport/Rockport Line,118,1,day_type_01,weekday,1/1/2024 16:37,Rockport,1.0,19,0,19,10814
Fall 2024,CR-Newburyport,Newburyport/Rockport Line,118,1,day_type_01,weekday,1/1/2024 16:44,Gloucester,2.0,49,1,67,10815
Fall 2024,CR-Newburyport,Newburyport/Rockport Line,118,1,day_type_01,weekday,1/1/2024 16:50,West Gloucester,3.0,6,0,73,10816
Fall 2024,CR-Newburyport,Newburyport/Rockport Line,118,1,day_type_01,weekday,1/1/2024 16:57,Manchester,4.0,8,2,79,10817
Fall 2024,CR-Newburyport,Newburyport/Rockport Line,118,1,day_type_01,weekday,1/1/2024 17:03,Beverly Farms,5.0,7,0,86,10818
Fall 2024,CR-Newburyport,Newburyport/Rockport Line,118,1,day_type_01,weekday,1/1/2024 17:09,Montserrat,6.0,44,0,130,10819
Fall 2024,CR-Newburyport,Newburyport/Rockport Line,118,1,day_type_01,weekday,1/1/2024 17:14,Beverly,7.0,125,8,247,10820
Fall 2024,CR-Newburyport,Newburyport/Rockport Line,118,1,day_type_01,weekday,1/1/2024 17:18,Salem,8.0,117,121,243,10821
Fall 2024,CR-Newburyport,Newburyport/Rockport Line,118,1,day_type_01,weekday,1/1/2024 17:25,Swampscott,9.0,33,9,267,10822
Fall 2024,CR-Newburyport,Newburyport/Rockport Line,118,1,day_type_01,weekday,1/1/2024 17:28,Lynn,10.0,11,16,262,10823
Fall 2024,CR-Newburyport,Newburyport/Rockport Line,118,1,day_type_01,weekday,1/1/2024 17:31,River Works,11.0,6,0,268,10824
Fall 2024,CR-Newburyport,Newburyport/Rockport Line,118,1,day_type_01,weekday,1/1/2024 17:38,Chelsea,12.0,5,7,266,10825
Fall 2024,CR-Newburyport,Newburyport/Rockport Line,118,1,day_type_01,weekday,1/1/2024 17:56,North Station,13.0,0,266,0,10826
Fall 2024,CR-Newburyport,Newburyport/Rockport Line,119,0,day_type_01,weekday,1/1/2024 18:05,North Station,1.0,290,0,290,10827
Fall 2024,CR-Newburyport,Newburyport/Rockport Line,119,0,day_type_01,weekday,1/1/2024 18:16,Chelsea,2.0,5,11,284,10828
Fall 2024,CR-Newburyport,Newburyport/Rockport Line,119,0,day_type_01,weekday,1/1/2024 18:25,Lynn,3.0,0,0,284,10829
Fall 2024,CR-Newburyport,Newburyport/Rockport Line,121,0,day_type_01,weekday,1/1/2024 19:36,Lynn,4.0,0,0,76,10830
Fall 2024,CR-Newburyport,Newburyport/Rockport Line,119,0,day_type_01,weekday,1/1/2024 18:28,Swampscott,4.0,0,57,227,10831
Fall 2024,CR-Newburyport,Newburyport/Rockport Line,119,0,day_type_01,weekday,1/1/2024 18:35,Salem,5.0,2,80,149,10832
Fall 2024,CR-Newburyport,Newburyport/Rockport Line,119,0,day_type_01,weekday,1/1/2024 18:39,Beverly,6.0,0,64,85,10833
Fall 2024,CR-Newburyport,Newburyport/Rockport Line,119,0,day_type_01,weekday,1/1/2024 18:43,Montserrat,7.0,0,20,65,10834
Fall 2024,CR-Newburyport,Newburyport/Rockport Line,119,0,day_type_01,weekday,1/1/2024 18:50,Beverly Farms,8.0,0,13,52,10835
Fall 2024,CR-Newburyport,Newburyport/Rockport Line,119,0,day_type_01,weekday,1/1/2024 18:56,Manchester,9.0,1,11,42,10836
Fall 2024,CR-Newburyport,Newburyport/Rockport Line,119,0,day_type_01,weekday,1/1/2024 19:02,West Gloucester,10.0,0,5,37,10837
Fall 2024,CR-Newburyport,Newburyport/Rockport Line,119,0,day_type_01,weekday,1/1/2024 19:10,Gloucester,11.0,0,11,26,10838
Fall 2024,CR-Newburyport,Newburyport/Rockport Line,109,0,day_type_01,weekday,1/1/2024 12:39,Beverly,6.0,4,15,43,10839
Fall 2024,CR-Newburyport,Newburyport/Rockport Line,119,0,day_type_01,weekday,1/1/2024 19:25,Rockport,12.0,0,26,0,10840
Fall 2024,CR-Newburyport,Newburyport/Rockport Line,120,1,day_type_01,weekday,1/1/2024 17:48,Rockport,1.0,6,0,6,10841
Fall 2024,CR-Newburyport,Newburyport/Rockport Line,120,1,day_type_01,weekday,1/1/2024 17:55,Gloucester,2.0,16,0,22,10842
Fall 2024,CR-Newburyport,Newburyport/Rockport Line,120,1,day_type_01,weekday,1/1/2024 18:01,West Gloucester,3.0,0,0,22,10843
Fall 2024,CR-Newburyport,Newburyport/Rockport Line,120,1,day_type_01,weekday,1/1/2024 18:08,Manchester,4.0,2,3,21,10844
Fall 2024,CR-Newburyport,Newburyport/Rockport Line,120,1,day_type_01,weekday,1/1/2024 18:14,Beverly Farms,5.0,3,1,23,10845
Fall 2024,CR-Newburyport,Newburyport/Rockport Line,120,1,day_type_01,weekday,1/1/2024 18:20,Montserrat,6.0,7,0,30,10846
Fall 2024,CR-Newburyport,Newburyport/Rockport Line,120,1,day_type_01,weekday,1/1/2024 18:25,Beverly,7.0,24,0,54,10847
Fall 2024,CR-Newburyport,Newburyport/Rockport Line,120,1,day_type_01,weekday,1/1/2024 18:29,Salem,8.0,51,16,89,10848
Fall 2024,CR-Newburyport,Newburyport/Rockport Line,120,1,day_type_01,weekday,1/1/2024 18:36,Swampscott,9.0,14,4,99,10849
Fall 2024,CR-Newburyport,Newburyport/Rockport Line,120,1,day_type_01,weekday,1/1/2024 18:39,Lynn,10.0,1,6,94,10850
Fall 2024,CR-Newburyport,Newburyport/Rockport Line,120,1,day_type_01,weekday,1/1/2024 18:42,River Works,11.0,0,0,94,10851
Fall 2024,CR-Newburyport,Newburyport/Rockport Line,120,1,day_type_01,weekday,1/1/2024 18:49,Chelsea,12.0,1,5,90,10852
Fall 2024,CR-Newburyport,Newburyport/Rockport Line,120,1,day_type_01,weekday,1/1/2024 19:07,North Station,13.0,0,90,0,10853
Fall 2024,CR-Newburyport,Newburyport/Rockport Line,121,0,day_type_01,weekday,1/1/2024 19:15,North Station,1.0,82,0,82,10854
Fall 2024,CR-Newburyport,Newburyport/Rockport Line,121,0,day_type_01,weekday,1/1/2024 19:26,Chelsea,2.0,0,6,76,10855
Fall 2024,CR-Newburyport,Newburyport/Rockport Line,121,0,day_type_01,weekday,1/1/2024 19:33,River Works,3.0,0,0,76,10856
Fall 2024,CR-Newburyport,Newburyport/Rockport Line,101,0,day_type_01,weekday,1/1/2024 7:06,Salem,6.0,7,6,45,10857
Fall 2024,CR-Newburyport,Newburyport/Rockport Line,101,0,day_type_01,weekday,1/1/2024 7:10,Beverly,7.0,2,9,38,10858
Fall 2024,CR-Newburyport,Newburyport/Rockport Line,101,0,day_type_01,weekday,1/1/2024 7:14,Montserrat,8.0,1,7,32,10859
Fall 2024,CR-Newburyport,Newburyport/Rockport Line,105,0,day_type_01,weekday,1/1/2024 9:35,Salem,5.0,7,17,20,10860
Fall 2024,CR-Newburyport,Newburyport/Rockport Line,113,0,day_type_01,weekday,1/1/2024 15:44,Montserrat,8.0,0,12,44,10861
Fall 2024,CR-Newburyport,Newburyport/Rockport Line,105,0,day_type_01,weekday,1/1/2024 9:39,Beverly,6.0,7,5,22,10862
Fall 2024,CR-Newburyport,Newburyport/Rockport Line,125,0,day_type_01,weekday,1/1/2024 23:21,Salem,6.0,1,27,37,10863
Fall 2024,CR-Newburyport,Newburyport/Rockport Line,101,0,day_type_01,weekday,1/1/2024 7:20,Beverly Farms,9.0,0,5,27,10864
Fall 2024,CR-Newburyport,Newburyport/Rockport Line,141,0,day_type_01,weekday,1/1/2024 5:59,Swampscott,5.0,1,0,28,10865
Fall 2024,CR-Newburyport,Newburyport/Rockport Line,121,0,day_type_01,weekday,1/1/2024 19:39,Swampscott,5.0,0,13,63,10866
Fall 2024,CR-Newburyport,Newburyport/Rockport Line,125,0,day_type_01,weekday,1/1/2024 23:25,Beverly,7.0,0,21,16,10867
Fall 2024,CR-Newburyport,Newburyport/Rockport Line,109,0,day_type_01,weekday,1/1/2024 12:43,Montserrat,7.0,0,9,34,10868
Fall 2024,CR-Newburyport,Newburyport/Rockport Line,141,0,day_type_01,weekday,1/1/2024 6:06,Salem,6.0,8,6,30,10869
Fall 2024,CR-Newburyport,Newburyport/Rockport Line,101,0,day_type_01,weekday,1/1/2024 7:26,Manchester,10.0,1,6,22,10870
Fall 2024,CR-Newburyport,Newburyport/Rockport Line,113,0,day_type_01,weekday,1/1/2024 15:50,Beverly Farms,9.0,2,4,42,10871
Fall 2024,CR-Newburyport,Newburyport/Rockport Line,125,0,day_type_01,weekday,1/1/2024 23:29,Montserrat,8.0,1,4,13,10872
Fall 2024,CR-Newburyport,Newburyport/Rockport Line,109,0,day_type_01,weekday,1/1/2024 12:49,Beverly Farms,8.0,0,0,34,10873
Fall 2024,CR-Newburyport,Newburyport/Rockport Line,121,0,day_type_01,weekday,1/1/2024 19:46,Salem,6.0,1,37,27,10874
Fall 2024,CR-Newburyport,Newburyport/Rockport Line,141,0,day_type_01,weekday,1/1/2024 6:10,Beverly,7.0,1,8,23,10875
Fall 2024,CR-Newburyport,Newburyport/Rockport Line,105,0,day_type_01,weekday,1/1/2024 9:43,Montserrat,7.0,1,2,21,10876
Fall 2024,CR-Newburyport,Newburyport/Rockport Line,101,0,day_type_01,weekday,1/1/2024 7:32,West Gloucester,11.0,0,1,21,10877
Fall 2024,CR-Newburyport,Newburyport/Rockport Line,113,0,day_type_01,weekday,1/1/2024 15:56,Manchester,10.0,1,10,33,10878
Fall 2024,CR-Newburyport,Newburyport/Rockport Line,125,0,day_type_01,weekday,1/1/2024 23:35,Beverly Farms,9.0,0,1,12,10879
Fall 2024,CR-Newburyport,Newburyport/Rockport Line,109,0,day_type_01,weekday,1/1/2024 12:55,Manchester,9.0,3,2,35,10880
Fall 2024,CR-Newburyport,Newburyport/Rockport Line,121,0,day_type_01,weekday,1/1/2024 19:50,Beverly,7.0,0,18,9,10881
Fall 2024,CR-Newburyport,Newburyport/Rockport Line,141,0,day_type_01,weekday,1/1/2024 6:14,North Beverly,8.0,0,4,19,10882
Fall 2024,CR-Newburyport,Newburyport/Rockport Line,105,0,day_type_01,weekday,1/1/2024 9:49,Beverly Farms,8.0,1,1,21,10883
Fall 2024,CR-Newburyport,Newburyport/Rockport Line,101,0,day_type_01,weekday,1/1/2024 7:38,Gloucester,12.0,0,21,0,10884
Fall 2024,CR-Newburyport,Newburyport/Rockport Line,113,0,day_type_01,weekday,1/1/2024 16:02,West Gloucester,11.0,0,1,32,10885
Fall 2024,CR-Newburyport,Newburyport/Rockport Line,125,0,day_type_01,weekday,1/1/2024 23:41,Manchester,10.0,1,0,13,10886
Fall 2024,CR-Newburyport,Newburyport/Rockport Line,125,0,day_type_01,weekday,1/1/2024 23:47,West Gloucester,11.0,0,1,12,10887
Fall 2024,CR-Newburyport,Newburyport/Rockport Line,125,0,day_type_01,weekday,1/1/2024 23:54,Gloucester,12.0,0,12,0,10888
Fall 2024,CR-Newburyport,Newburyport/Rockport Line,125,0,day_type_01,weekday,1/1/2024 0:08,Rockport,13.0,0,0,0,10889
Fall 2024,CR-Newburyport,Newburyport/Rockport Line,126,1,day_type_01,weekday,1/1/2024 22:25,Rockport,1.0,1,0,1,10890
Fall 2024,CR-Newburyport,Newburyport/Rockport Line,126,1,day_type_01,weekday,1/1/2024 22:32,Gloucester,2.0,5,0,6,10891
Fall 2024,CR-Newburyport,Newburyport/Rockport Line,126,1,day_type_01,weekday,1/1/2024 22:38,West Gloucester,3.0,0,0,6,10892
Fall 2024,CR-Newburyport,Newburyport/Rockport Line,126,1,day_type_01,weekday,1/1/2024 22:45,Manchester,4.0,0,0,6,10893
Fall 2024,CR-Newburyport,Newburyport/Rockport Line,126,1,day_type_01,weekday,1/1/2024 22:51,Beverly Farms,5.0,0,0,6,10894
Fall 2024,CR-Newburyport,Newburyport/Rockport Line,126,1,day_type_01,weekday,1/1/2024 22:57,Montserrat,6.0,2,0,8,10895
Fall 2024,CR-Newburyport,Newburyport/Rockport Line,126,1,day_type_01,weekday,1/1/2024 23:02,Beverly,7.0,9,0,17,10896
Fall 2024,CR-Newburyport,Newburyport/Rockport Line,126,1,day_type_01,weekday,1/1/2024 23:06,Salem,8.0,5,4,18,10897
Fall 2024,CR-Newburyport,Newburyport/Rockport Line,126,1,day_type_01,weekday,1/1/2024 23:13,Swampscott,9.0,2,1,19,10898
Fall 2024,CR-Newburyport,Newburyport/Rockport Line,126,1,day_type_01,weekday,1/1/2024 23:16,Lynn,10.0,0,5,14,10899
Fall 2024,CR-Newburyport,Newburyport/Rockport Line,126,1,day_type_01,weekday,1/1/2024 23:19,River Works,11.0,0,0,14,10900
Fall 2024,CR-Newburyport,Newburyport/Rockport Line,126,1,day_type_01,weekday,1/1/2024 23:24,Chelsea,12.0,0,6,8,10901
Fall 2024,CR-Newburyport,Newburyport/Rockport Line,126,1,day_type_01,weekday,1/1/2024 23:44,North Station,13.0,0,8,0,10902
Fall 2024,CR-Newburyport,Newburyport/Rockport Line,127,0,day_type_01,weekday,1/1/2024 23:50,North Station,1.0,19,0,19,10903
Fall 2024,CR-Newburyport,Newburyport/Rockport Line,127,0,day_type_01,weekday,1/1/2024 0:01,Chelsea,2.0,1,0,20,10904
Fall 2024,CR-Newburyport,Newburyport/Rockport Line,127,0,day_type_01,weekday,1/1/2024 0:08,River Works,3.0,0,0,20,10905
Fall 2024,CR-Newburyport,Newburyport/Rockport Line,127,0,day_type_01,weekday,1/1/2024 0:11,Lynn,4.0,2,2,20,10906
Fall 2024,CR-Newburyport,Newburyport/Rockport Line,127,0,day_type_01,weekday,1/1/2024 0:14,Swampscott,5.0,0,2,18,10907
Fall 2024,CR-Newburyport,Newburyport/Rockport Line,127,0,day_type_01,weekday,1/1/2024 0:21,Salem,6.0,2,8,12,10908
Fall 2024,CR-Newburyport,Newburyport/Rockport Line,127,0,day_type_01,weekday,1/1/2024 0:25,Beverly,7.0,1,5,8,10909
Fall 2024,CR-Newburyport,Newburyport/Rockport Line,127,0,day_type_01,weekday,1/1/2024 0:29,Montserrat,8.0,0,2,6,10910
Fall 2024,CR-Newburyport,Newburyport/Rockport Line,127,0,day_type_01,weekday,1/1/2024 0:35,Beverly Farms,9.0,0,1,5,10911
Fall 2024,CR-Newburyport,Newburyport/Rockport Line,127,0,day_type_01,weekday,1/1/2024 0:41,Manchester,10.0,0,1,4,10912
Fall 2024,CR-Newburyport,Newburyport/Rockport Line,127,0,day_type_01,weekday,1/1/2024 0:47,West Gloucester,11.0,0,1,3,10913
Fall 2024,CR-Newburyport,Newburyport/Rockport Line,127,0,day_type_01,weekday,1/1/2024 0:54,Gloucester,12.0,0,1,2,10914
Fall 2024,CR-Newburyport,Newburyport/Rockport Line,127,0,day_type_01,weekday,1/1/2024 1:08,Rockport,13.0,0,2,0,10915
Fall 2024,CR-Newburyport,Newburyport/Rockport Line,140,1,day_type_01,weekday,1/1/2024 4:49,Newburyport,1.0,7,0,7,10916
Fall 2024,CR-Newburyport,Newburyport/Rockport Line,140,1,day_type_01,weekday,1/1/2024 4:54,Rowley,2.0,2,0,9,10917
Fall 2024,CR-Newburyport,Newburyport/Rockport Line,140,1,day_type_01,weekday,1/1/2024 5:00,Ipswich,3.0,5,0,14,10918
Fall 2024,CR-Newburyport,Newburyport/Rockport Line,140,1,day_type_01,weekday,1/1/2024 5:06,Hamilton/Wenham,4.0,5,0,19,10919
Fall 2024,CR-Newburyport,Newburyport/Rockport Line,140,1,day_type_01,weekday,1/1/2024 5:10,North Beverly,5.0,4,0,23,10920
Fall 2024,CR-Newburyport,Newburyport/Rockport Line,140,1,day_type_01,weekday,1/1/2024 5:15,Beverly,6.0,18,0,41,10921
Fall 2024,CR-Newburyport,Newburyport/Rockport Line,140,1,day_type_01,weekday,1/1/2024 5:19,Salem,7.0,46,1,86,10922
Fall 2024,CR-Newburyport,Newburyport/Rockport Line,140,1,day_type_01,weekday,1/1/2024 5:26,Swampscott,8.0,33,0,119,10923
Fall 2024,CR-Newburyport,Newburyport/Rockport Line,140,1,day_type_01,weekday,1/1/2024 5:29,Lynn,9.0,12,1,130,10924
Fall 2024,CR-Newburyport,Newburyport/Rockport Line,140,1,day_type_01,weekday,1/1/2024 5:32,River Works,10.0,0,2,128,10925
Fall 2024,CR-Newburyport,Newburyport/Rockport Line,140,1,day_type_01,weekday,1/1/2024 5:39,Chelsea,11.0,0,6,122,10926
Fall 2024,CR-Newburyport,Newburyport/Rockport Line,140,1,day_type_01,weekday,1/1/2024 5:56,North Station,12.0,0,122,0,10927
Fall 2024,CR-Newburyport,Newburyport/Rockport Line,141,0,day_type_01,weekday,1/1/2024 5:35,North Station,1.0,16,0,16,10928
Fall 2024,CR-Newburyport,Newburyport/Rockport Line,141,0,day_type_01,weekday,1/1/2024 5:46,Chelsea,2.0,5,0,21,10929
Fall 2024,CR-Newburyport,Newburyport/Rockport Line,141,0,day_type_01,weekday,1/1/2024 5:53,River Works,3.0,0,0,21,10930
Fall 2024,CR-Newburyport,Newburyport/Rockport Line,105,0,day_type_01,weekday,1/1/2024 9:55,Manchester,9.0,1,5,17,10931
Fall 2024,CR-Newburyport,Newburyport/Rockport Line,101,0,day_type_01,weekday,1/1/2024 7:50,Rockport,13.0,0,0,0,10932
Fall 2024,CR-Newburyport,Newburyport/Rockport Line,141,0,day_type_01,weekday,1/1/2024 6:18,Hamilton/Wenham,9.0,0,0,19,10933
Fall 2024,CR-Newburyport,Newburyport/Rockport Line,109,0,day_type_01,weekday,1/1/2024 13:01,West Gloucester,10.0,0,1,34,10934
Fall 2024,CR-Newburyport,Newburyport/Rockport Line,113,0,day_type_01,weekday,1/1/2024 16:09,Gloucester,12.0,1,24,9,10935
Fall 2024,CR-Newburyport,Newburyport/Rockport Line,102,1,day_type_01,weekday,1/1/2024 6:13,Rockport,1.0,28,0,28,10936
Fall 2024,CR-Newburyport,Newburyport/Rockport Line,141,0,day_type_01,weekday,1/1/2024 6:24,Ipswich,10.0,0,5,14,10937
Fall 2024,CR-Newburyport,Newburyport/Rockport Line,105,0,day_type_01,weekday,1/1/2024 10:01,West Gloucester,10.0,0,0,17,10938
Fall 2024,CR-Newburyport,Newburyport/Rockport Line,102,1,day_type_01,weekday,1/1/2024 6:20,Gloucester,2.0,27,1,54,10939
Fall 2024,CR-Newburyport,Newburyport/Rockport Line,121,0,day_type_01,weekday,1/1/2024 19:54,Montserrat,8.0,0,3,6,10940
Fall 2024,CR-Newburyport,Newburyport/Rockport Line,105,0,day_type_01,weekday,1/1/2024 10:08,Gloucester,11.0,0,11,6,10941
Fall 2024,CR-Newburyport,Newburyport/Rockport Line,102,1,day_type_01,weekday,1/1/2024 6:26,West Gloucester,3.0,10,0,64,10942
Fall 2024,CR-Newburyport,Newburyport/Rockport Line,141,0,day_type_01,weekday,1/1/2024 6:30,Rowley,11.0,0,3,11,10943
Fall 2024,CR-Newburyport,Newburyport/Rockport Line,113,0,day_type_01,weekday,1/1/2024 16:22,Rockport,13.0,0,9,0,10944
Fall 2024,CR-Newburyport,Newburyport/Rockport Line,121,0,day_type_01,weekday,1/1/2024 20:00,Beverly Farms,9.0,0,1,5,10945
Fall 2024,CR-Newburyport,Newburyport/Rockport Line,109,0,day_type_01,weekday,1/1/2024 13:08,Gloucester,11.0,1,30,5,10946
Fall 2024,CR-Newburyport,Newburyport/Rockport Line,105,0,day_type_01,weekday,1/1/2024 10:21,Rockport,12.0,0,6,0,10947
Fall 2024,CR-Newburyport,Newburyport/Rockport Line,102,1,day_type_01,weekday,1/1/2024 6:33,Manchester,4.0,30,0,94,10948
Fall 2024,CR-Newburyport,Newburyport/Rockport Line,141,0,day_type_01,weekday,1/1/2024 6:41,Newburyport,12.0,0,12,-1,10949
Fall 2024,CR-Newburyport,Newburyport/Rockport Line,114,1,day_type_01,weekday,1/1/2024 13:43,Rockport,1.0,6,0,6,10950
Fall 2024,CR-Newburyport,Newburyport/Rockport Line,121,0,day_type_01,weekday,1/1/2024 20:06,Manchester,10.0,0,4,1,10951
Fall 2024,CR-Newburyport,Newburyport/Rockport Line,109,0,day_type_01,weekday,1/1/2024 13:21,Rockport,12.0,0,5,0,10952
Fall 2024,CR-Newburyport,Newburyport/Rockport Line,106,1,day_type_01,weekday,1/1/2024 8:13,Rockport,1.0,8,0,8,10953
Fall 2024,CR-Newburyport,Newburyport/Rockport Line,102,1,day_type_01,weekday,1/1/2024 6:39,Beverly Farms,5.0,14,2,106,10954
Fall 2024,CR-Newburyport,Newburyport/Rockport Line,142,1,day_type_01,weekday,1/1/2024 5:54,Newburyport,1.0,25,0,25,10955
Fall 2024,CR-Newburyport,Newburyport/Rockport Line,142,1,day_type_01,weekday,1/1/2024 5:59,Rowley,2.0,4,0,29,10956
Fall 2024,CR-Newburyport,Newburyport/Rockport Line,142,1,day_type_01,weekday,1/1/2024 6:05,Ipswich,3.0,29,0,58,10957
Fall 2024,CR-Newburyport,Newburyport/Rockport Line,142,1,day_type_01,weekday,1/1/2024 6:11,Hamilton/Wenham,4.0,22,0,80,10958
Fall 2024,CR-Newburyport,Newburyport/Rockport Line,142,1,day_type_01,weekday,1/1/2024 6:15,North Beverly,5.0,19,0,99,10959
Fall 2024,CR-Newburyport,Newburyport/Rockport Line,142,1,day_type_01,weekday,1/1/2024 6:20,Beverly,6.0,59,0,158,10960
Fall 2024,CR-Newburyport,Newburyport/Rockport Line,142,1,day_type_01,weekday,1/1/2024 6:24,Salem,7.0,72,4,226,10961
Fall 2024,CR-Newburyport,Newburyport/Rockport Line,142,1,day_type_01,weekday,1/1/2024 6:31,Swampscott,8.0,55,1,280,10962
Fall 2024,CR-Newburyport,Newburyport/Rockport Line,142,1,day_type_01,weekday,1/1/2024 6:34,Lynn,9.0,9,6,283,10963
Fall 2024,CR-Newburyport,Newburyport/Rockport Line,142,1,day_type_01,weekday,1/1/2024 6:37,River Works,10.0,0,5,278,10964
Fall 2024,CR-Newburyport,Newburyport/Rockport Line,142,1,day_type_01,weekday,1/1/2024 6:44,Chelsea,11.0,4,13,269,10965
Fall 2024,CR-Newburyport,Newburyport/Rockport Line,142,1,day_type_01,weekday,1/1/2024 7:05,North Station,12.0,0,269,0,10966
Fall 2024,CR-Newburyport,Newburyport/Rockport Line,143,0,day_type_01,weekday,1/1/2024 7:07,North Station,1.0,31,0,31,10967
Fall 2024,CR-Newburyport,Newburyport/Rockport Line,143,0,day_type_01,weekday,1/1/2024 7:18,Chelsea,2.0,3,4,30,10968
Fall 2024,CR-Newburyport,Newburyport/Rockport Line,143,0,day_type_01,weekday,1/1/2024 7:25,River Works,3.0,0,5,25,10969
Fall 2024,CR-Newburyport,Newburyport/Rockport Line,143,0,day_type_01,weekday,1/1/2024 7:28,Lynn,4.0,11,1,35,10970
Fall 2024,CR-Newburyport,Newburyport/Rockport Line,143,0,day_type_01,weekday,1/1/2024 7:31,Swampscott,5.0,7,0,42,10971
Fall 2024,CR-Newburyport,Newburyport/Rockport Line,143,0,day_type_01,weekday,1/1/2024 7:38,Salem,6.0,9,7,44,10972
Fall 2024,CR-Newburyport,Newburyport/Rockport Line,143,0,day_type_01,weekday,1/1/2024 7:42,Beverly,7.0,2,9,37,10973
Fall 2024,CR-Newburyport,Newburyport/Rockport Line,143,0,day_type_01,weekday,1/1/2024 7:46,North Beverly,8.0,0,5,32,10974
Fall 2024,CR-Newburyport,Newburyport/Rockport Line,143,0,day_type_01,weekday,1/1/2024 7:50,Hamilton/Wenham,9.0,0,8,24,10975
Fall 2024,CR-Newburyport,Newburyport/Rockport Line,143,0,day_type_01,weekday,1/1/2024 8:09,Ipswich,10.0,0,3,21,10976
Fall 2024,CR-Newburyport,Newburyport/Rockport Line,143,0,day_type_01,weekday,1/1/2024 8:15,Rowley,11.0,0,3,18,10977
Fall 2024,CR-Newburyport,Newburyport/Rockport Line,143,0,day_type_01,weekday,1/1/2024 8:27,Newburyport,12.0,0,18,0,10978
Fall 2024,CR-Newburyport,Newburyport/Rockport Line,144,1,day_type_01,weekday,1/1/2024 6:54,Newburyport,1.0,72,0,72,10979
Fall 2024,CR-Newburyport,Newburyport/Rockport Line,144,1,day_type_01,weekday,1/1/2024 6:59,Rowley,2.0,22,0,94,10980
Fall 2024,CR-Newburyport,Newburyport/Rockport Line,144,1,day_type_01,weekday,1/1/2024 7:05,Ipswich,3.0,61,0,155,10981
Fall 2024,CR-Newburyport,Newburyport/Rockport Line,144,1,day_type_01,weekday,1/1/2024 7:11,Hamilton/Wenham,4.0,42,4,193,10982
Fall 2024,CR-Newburyport,Newburyport/Rockport Line,144,1,day_type_01,weekday,1/1/2024 7:15,North Beverly,5.0,57,1,249,10983
Fall 2024,CR-Newburyport,Newburyport/Rockport Line,144,1,day_type_01,weekday,1/1/2024 7:20,Beverly,6.0,0,0,249,10984
Fall 2024,CR-Newburyport,Newburyport/Rockport Line,144,1,day_type_01,weekday,1/1/2024 7:24,Salem,7.0,157,9,397,10985
Fall 2024,CR-Newburyport,Newburyport/Rockport Line,144,1,day_type_01,weekday,1/1/2024 7:31,Swampscott,8.0,65,0,462,10986
Fall 2024,CR-Newburyport,Newburyport/Rockport Line,144,1,day_type_01,weekday,1/1/2024 7:34,Lynn,9.0,42,14,490,10987
Fall 2024,CR-Newburyport,Newburyport/Rockport Line,144,1,day_type_01,weekday,1/1/2024 7:44,Chelsea,10.0,19,7,502,10988
Fall 2024,CR-Newburyport,Newburyport/Rockport Line,144,1,day_type_01,weekday,1/1/2024 8:04,North Station,11.0,0,502,0,10989
Fall 2024,CR-Newburyport,Newburyport/Rockport Line,145,0,day_type_01,weekday,1/1/2024 8:35,North Station,1.0,53,0,53,10990
Fall 2024,CR-Newburyport,Newburyport/Rockport Line,145,0,day_type_01,weekday,1/1/2024 8:46,Chelsea,2.0,9,0,62,10991
Fall 2024,CR-Newburyport,Newburyport/Rockport Line,145,0,day_type_01,weekday,1/1/2024 8:55,Lynn,3.0,21,5,78,10992
Fall 2024,CR-Newburyport,Newburyport/Rockport Line,145,0,day_type_01,weekday,1/1/2024 8:58,Swampscott,4.0,6,4,80,10993
Fall 2024,CR-Newburyport,Newburyport/Rockport Line,145,0,day_type_01,weekday,1/1/2024 9:05,Salem,5.0,9,43,46,10994
Fall 2024,CR-Newburyport,Newburyport/Rockport Line,145,0,day_type_01,weekday,1/1/2024 9:09,Beverly,6.0,3,15,34,10995
Fall 2024,CR-Newburyport,Newburyport/Rockport Line,110,1,day_type_01,weekday,1/1/2024 10:43,Rockport,1.0,28,0,28,10996
Fall 2024,CR-Newburyport,Newburyport/Rockport Line,102,1,day_type_01,weekday,1/1/2024 6:45,Montserrat,6.0,41,1,146,10997
Fall 2024,CR-Newburyport,Newburyport/Rockport Line,106,1,day_type_01,weekday,1/1/2024 8:20,Gloucester,2.0,25,0,33,10998
Fall 2024,CR-Newburyport,Newburyport/Rockport Line,110,1,day_type_01,weekday,1/1/2024 10:50,Gloucester,2.0,1,0,29,10999
Fall 2024,CR-Newburyport,Newburyport/Rockport Line,114,1,day_type_01,weekday,1/1/2024 13:50,Gloucester,2.0,21,0,27,11000
Fall 2024,CR-Newburyport,Newburyport/Rockport Line,102,1,day_type_01,weekday,1/1/2024 6:50,Beverly,7.0,114,3,257,11001
Fall 2024,CR-Newburyport,Newburyport/Rockport Line,106,1,day_type_01,weekday,1/1/2024 8:26,West Gloucester,3.0,7,0,40,11002
Fall 2024,CR-Newburyport,Newburyport/Rockport Line,110,1,day_type_01,weekday,1/1/2024 10:56,West Gloucester,3.0,0,0,29,11003
Fall 2024,CR-Newburyport,Newburyport/Rockport Line,102,1,day_type_01,weekday,1/1/2024 6:54,Salem,8.0,111,1,367,11004
Fall 2024,CR-Newburyport,Newburyport/Rockport Line,114,1,day_type_01,weekday,1/1/2024 13:56,West Gloucester,3.0,0,0,27,11005
Fall 2024,CR-Newburyport,Newburyport/Rockport Line,110,1,day_type_01,weekday,1/1/2024 11:03,Manchester,4.0,7,0,36,11006
Fall 2024,CR-Newburyport,Newburyport/Rockport Line,121,0,day_type_01,weekday,1/1/2024 20:12,West Gloucester,11.0,0,0,1,11007
Fall 2024,CR-Newburyport,Newburyport/Rockport Line,106,1,day_type_01,weekday,1/1/2024 8:33,Manchester,4.0,7,0,47,11008
Fall 2024,CR-Newburyport,Newburyport/Rockport Line,102,1,day_type_01,weekday,1/1/2024 7:01,Swampscott,9.0,92,0,459,11009
Fall 2024,CR-Newburyport,Newburyport/Rockport Line,110,1,day_type_01,weekday,1/1/2024 11:09,Beverly Farms,5.0,5,1,40,11010
Fall 2024,CR-Newburyport,Newburyport/Rockport Line,114,1,day_type_01,weekday,1/1/2024 14:03,Manchester,4.0,4,0,31,11011
Fall 2024,CR-Newburyport,Newburyport/Rockport Line,121,0,day_type_01,weekday,1/1/2024 20:19,Gloucester,12.0,0,1,0,11012
Fall 2024,CR-Newburyport,Newburyport/Rockport Line,106,1,day_type_01,weekday,1/1/2024 8:39,Beverly Farms,5.0,5,0,52,11013
Fall 2024,CR-Newburyport,Newburyport/Rockport Line,102,1,day_type_01,weekday,1/1/2024 7:04,Lynn,10.0,21,7,473,11014
Fall 2024,CR-Newburyport,Newburyport/Rockport Line,110,1,day_type_01,weekday,1/1/2024 11:15,Montserrat,6.0,3,2,41,11015
Fall 2024,CR-Newburyport,Newburyport/Rockport Line,114,1,day_type_01,weekday,1/1/2024 14:09,Beverly Farms,5.0,6,0,37,11016
Fall 2024,CR-Newburyport,Newburyport/Rockport Line,121,0,day_type_01,weekday,1/1/2024 20:32,Rockport,13.0,0,0,0,11017
Fall 2024,CR-Newburyport,Newburyport/Rockport Line,106,1,day_type_01,weekday,1/1/2024 8:45,Montserrat,6.0,11,1,62,11018
Fall 2024,CR-Newburyport,Newburyport/Rockport Line,102,1,day_type_01,weekday,1/1/2024 7:07,River Works,11.0,0,6,467,11019
Fall 2024,CR-Newburyport,Newburyport/Rockport Line,110,1,day_type_01,weekday,1/1/2024 11:20,Beverly,7.0,9,6,44,11020
Fall 2024,CR-Newburyport,Newburyport/Rockport Line,114,1,day_type_01,weekday,1/1/2024 14:15,Montserrat,6.0,2,1,38,11021
Fall 2024,CR-Newburyport,Newburyport/Rockport Line,122,1,day_type_01,weekday,1/1/2024 19:48,Rockport,1.0,3,0,3,11022
Fall 2024,CR-Newburyport,Newburyport/Rockport Line,122,1,day_type_01,weekday,1/1/2024 19:55,Gloucester,2.0,9,1,11,11023
Fall 2024,CR-Newburyport,Newburyport/Rockport Line,110,1,day_type_01,weekday,1/1/2024 11:24,Salem,8.0,13,11,46,11024
Fall 2024,CR-Newburyport,Newburyport/Rockport Line,122,1,day_type_01,weekday,1/1/2024 20:01,West Gloucester,3.0,0,0,11,11025
Fall 2024,CR-Newburyport,Newburyport/Rockport Line,106,1,day_type_01,weekday,1/1/2024 8:50,Beverly,7.0,23,1,84,11026
Fall 2024,CR-Newburyport,Newburyport/Rockport Line,102,1,day_type_01,weekday,1/1/2024 7:14,Chelsea,12.0,10,3,474,11027
Fall 2024,CR-Newburyport,Newburyport/Rockport Line,114,1,day_type_01,weekday,1/1/2024 14:20,Beverly,7.0,54,7,85,11028
Fall 2024,CR-Newburyport,Newburyport/Rockport Line,106,1,day_type_01,weekday,1/1/2024 8:54,Salem,8.0,39,10,113,11029
Fall 2024,CR-Newburyport,Newburyport/Rockport Line,102,1,day_type_01,weekday,1/1/2024 7:36,North Station,13.0,0,474,0,11030
Fall 2024,CR-Newburyport,Newburyport/Rockport Line,122,1,day_type_01,weekday,1/1/2024 20:08,Manchester,4.0,1,1,11,11031
Fall 2024,CR-Newburyport,Newburyport/Rockport Line,114,1,day_type_01,weekday,1/1/2024 14:24,Salem,8.0,49,20,114,11032
Fall 2024,CR-Newburyport,Newburyport/Rockport Line,110,1,day_type_01,weekday,1/1/2024 11:31,Swampscott,9.0,6,0,52,11033
Fall 2024,CR-Newburyport,Newburyport/Rockport Line,106,1,day_type_01,weekday,1/1/2024 9:01,Swampscott,9.0,20,0,133,11034
Fall 2024,CR-Newburyport,Newburyport/Rockport Line,103,0,day_type_01,weekday,1/1/2024 7:38,North Station,1.0,80,0,80,11035
Fall 2024,CR-Newburyport,Newburyport/Rockport Line,122,1,day_type_01,weekday,1/1/2024 20:14,Beverly Farms,5.0,1,0,12,11036
Fall 2024,CR-Newburyport,Newburyport/Rockport Line,114,1,day_type_01,weekday,1/1/2024 14:31,Swampscott,9.0,8,2,120,11037
Fall 2024,CR-Newburyport,Newburyport/Rockport Line,110,1,day_type_01,weekday,1/1/2024 11:34,Lynn,10.0,5,2,55,11038
Fall 2024,CR-Newburyport,Newburyport/Rockport Line,106,1,day_type_01,weekday,1/1/2024 9:04,Lynn,10.0,8,4,137,11039
Fall 2024,CR-Newburyport,Newburyport/Rockport Line,103,0,day_type_01,weekday,1/1/2024 7:49,Chelsea,2.0,10,5,85,11040
Fall 2024,CR-Newburyport,Newburyport/Rockport Line,122,1,day_type_01,weekday,1/1/2024 20:20,Montserrat,6.0,1,0,13,11041
Fall 2024,CR-Newburyport,Newburyport/Rockport Line,114,1,day_type_01,weekday,1/1/2024 14:34,Lynn,10.0,15,9,126,11042
Fall 2024,CR-Newburyport,Newburyport/Rockport Line,110,1,day_type_01,weekday,1/1/2024 11:43,Chelsea,11.0,7,2,60,11043
Fall 2024,CR-Newburyport,Newburyport/Rockport Line,106,1,day_type_01,weekday,1/1/2024 9:14,Chelsea,11.0,15,4,148,11044
Fall 2024,CR-Newburyport,Newburyport/Rockport Line,103,0,day_type_01,weekday,1/1/2024 7:56,River Works,3.0,0,6,79,11045
Fall 2024,CR-Newburyport,Newburyport/Rockport Line,122,1,day_type_01,weekday,1/1/2024 20:25,Beverly,7.0,7,3,17,11046
Fall 2024,CR-Newburyport,Newburyport/Rockport Line,114,1,day_type_01,weekday,1/1/2024 14:37,River Works,11.0,0,2,124,11047
Fall 2024,CR-Newburyport,Newburyport/Rockport Line,110,1,day_type_01,weekday,1/1/2024 12:01,North Station,12.0,0,60,0,11048
Fall 2024,CR-Newburyport,Newburyport/Rockport Line,106,1,day_type_01,weekday,1/1/2024 9:34,North Station,12.0,0,148,0,11049
Fall 2024,CR-Newburyport,Newburyport/Rockport Line,103,0,day_type_01,weekday,1/1/2024 7:59,Lynn,4.0,10,15,74,11050
Fall 2024,CR-Newburyport,Newburyport/Rockport Line,122,1,day_type_01,weekday,1/1/2024 20:29,Salem,8.0,20,3,34,11051
Fall 2024,CR-Newburyport,Newburyport/Rockport Line,114,1,day_type_01,weekday,1/1/2024 14:44,Chelsea,12.0,15,6,133,11052
Fall 2024,CR-Newburyport,Newburyport/Rockport Line,111,0,day_type_01,weekday,1/1/2024 13:35,North Station,1.0,58,0,58,11053
Fall 2024,CR-Newburyport,Newburyport/Rockport Line,107,0,day_type_01,weekday,1/1/2024 10:35,North Station,1.0,47,0,47,11054
Fall 2024,CR-Newburyport,Newburyport/Rockport Line,103,0,day_type_01,weekday,1/1/2024 8:02,Swampscott,5.0,8,3,79,11055
Fall 2024,CR-Newburyport,Newburyport/Rockport Line,103,0,day_type_01,weekday,1/1/2024 8:09,Salem,6.0,4,41,42,11056
Fall 2024,CR-Newburyport,Newburyport/Rockport Line,103,0,day_type_01,weekday,1/1/2024 8:13,Beverly,7.0,10,20,32,11057
Fall 2024,CR-Newburyport,Newburyport/Rockport Line,103,0,day_type_01,weekday,1/1/2024 8:17,Montserrat,8.0,1,9,24,11058
Fall 2024,CR-Newburyport,Newburyport/Rockport Line,103,0,day_type_01,weekday,1/1/2024 8:23,Beverly Farms,9.0,2,4,22,11059
Fall 2024,CR-Newburyport,Newburyport/Rockport Line,103,0,day_type_01,weekday,1/1/2024 8:29,Manchester,10.0,2,5,19,11060
Fall 2024,CR-Newburyport,Newburyport/Rockport Line,103,0,day_type_01,weekday,1/1/2024 8:35,West Gloucester,11.0,0,2,17,11061
Fall 2024,CR-Newburyport,Newburyport/Rockport Line,103,0,day_type_01,weekday,1/1/2024 8:41,Gloucester,12.0,2,17,2,11062
Fall 2024,CR-Newburyport,Newburyport/Rockport Line,103,0,day_type_01,weekday,1/1/2024 8:53,Rockport,13.0,0,2,0,11063
Fall 2024,CR-Newburyport,Newburyport/Rockport Line,104,1,day_type_01,weekday,1/1/2024 7:13,Rockport,1.0,17,0,17,11064
Fall 2024,CR-Newburyport,Newburyport/Rockport Line,104,1,day_type_01,weekday,1/1/2024 7:20,Gloucester,2.0,39,1,55,11065
Fall 2024,CR-Newburyport,Newburyport/Rockport Line,104,1,day_type_01,weekday,1/1/2024 7:26,West Gloucester,3.0,2,1,56,11066
Fall 2024,CR-Newburyport,Newburyport/Rockport Line,104,1,day_type_01,weekday,1/1/2024 7:33,Manchester,4.0,27,2,81,11067
Fall 2024,CR-Newburyport,Newburyport/Rockport Line,104,1,day_type_01,weekday,1/1/2024 7:39,Beverly Farms,5.0,17,1,97,11068
Fall 2024,CR-Newburyport,Newburyport/Rockport Line,104,1,day_type_01,weekday,1/1/2024 7:45,Montserrat,6.0,48,1,144,11069
Fall 2024,CR-Newburyport,Newburyport/Rockport Line,104,1,day_type_01,weekday,1/1/2024 7:50,Beverly,7.0,121,2,263,11070
Fall 2024,CR-Newburyport,Newburyport/Rockport Line,104,1,day_type_01,weekday,1/1/2024 7:54,Salem,8.0,163,14,412,11071
Fall 2024,CR-Newburyport,Newburyport/Rockport Line,104,1,day_type_01,weekday,1/1/2024 8:01,Swampscott,9.0,79,2,489,11072
Fall 2024,CR-Newburyport,Newburyport/Rockport Line,104,1,day_type_01,weekday,1/1/2024 8:04,Lynn,10.0,16,3,502,11073
Fall 2024,CR-Newburyport,Newburyport/Rockport Line,104,1,day_type_01,weekday,1/1/2024 8:07,River Works,11.0,0,2,500,11074
Fall 2024,CR-Newburyport,Newburyport/Rockport Line,104,1,day_type_01,weekday,1/1/2024 8:14,Chelsea,12.0,22,5,517,11075
Fall 2024,CR-Newburyport,Newburyport/Rockport Line,104,1,day_type_01,weekday,1/1/2024 8:36,North Station,13.0,0,517,0,11076
Fall 2024,CR-Newburyport,Newburyport/Rockport Line,105,0,day_type_01,weekday,1/1/2024 9:05,North Station,1.0,26,0,26,11077
Fall 2024,CR-Newburyport,Newburyport/Rockport Line,105,0,day_type_01,weekday,1/1/2024 9:16,Chelsea,2.0,5,2,29,11078
Fall 2024,CR-Newburyport,Newburyport/Rockport Line,105,0,day_type_01,weekday,1/1/2024 9:25,Lynn,3.0,3,5,27,11079
Fall 2024,CR-Newburyport,Newburyport/Rockport Line,122,1,day_type_01,weekday,1/1/2024 20:36,Swampscott,9.0,0,1,33,11080
Fall 2024,CR-Newburyport,Newburyport/Rockport Line,114,1,day_type_01,weekday,1/1/2024 15:02,North Station,13.0,0,133,0,11081
Fall 2024,CR-Newburyport,Newburyport/Rockport Line,107,0,day_type_01,weekday,1/1/2024 10:46,Chelsea,2.0,4,0,51,11082
Fall 2024,CR-Newburyport,Newburyport/Rockport Line,122,1,day_type_01,weekday,1/1/2024 20:39,Lynn,10.0,3,5,31,11083
Fall 2024,CR-Newburyport,Newburyport/Rockport Line,111,0,day_type_01,weekday,1/1/2024 13:46,Chelsea,2.0,6,1,63,11084
Fall 2024,CR-Newburyport,Newburyport/Rockport Line,115,0,day_type_01,weekday,1/1/2024 16:05,North Station,1.0,301,0,301,11085
Fall 2024,CR-Newburyport,Newburyport/Rockport Line,107,0,day_type_01,weekday,1/1/2024 10:55,Lynn,3.0,4,3,52,11086
Fall 2024,CR-Newburyport,Newburyport/Rockport Line,122,1,day_type_01,weekday,1/1/2024 20:47,Chelsea,11.0,1,4,28,11087
Fall 2024,CR-Newburyport,Newburyport/Rockport Line,111,0,day_type_01,weekday,1/1/2024 13:53,River Works,3.0,1,0,64,11088
Fall 2024,CR-Newburyport,Newburyport/Rockport Line,122,1,day_type_01,weekday,1/1/2024 21:04,North Station,12.0,0,28,0,11089
Fall 2024,CR-Newburyport,Newburyport/Rockport Line,107,0,day_type_01,weekday,1/1/2024 10:58,Swampscott,4.0,2,4,50,11090
Fall 2024,CR-Newburyport,Newburyport/Rockport Line,115,0,day_type_01,weekday,1/1/2024 16:16,Chelsea,2.0,4,9,296,11091
Fall 2024,CR-Newburyport,Newburyport/Rockport Line,107,0,day_type_01,weekday,1/1/2024 11:05,Salem,5.0,7,28,29,11092
Fall 2024,CR-Newburyport,Newburyport/Rockport Line,115,0,day_type_01,weekday,1/1/2024 16:23,River Works,3.0,2,0,298,11093
Fall 2024,CR-Newburyport,Newburyport/Rockport Line,107,0,day_type_01,weekday,1/1/2024 11:09,North Beverly,6.0,3,11,21,11094
Fall 2024,CR-Newburyport,Newburyport/Rockport Line,123,0,day_type_01,weekday,1/1/2024 20:55,North Station,1.0,159,0,159,11095
Fall 2024,CR-Newburyport,Newburyport/Rockport Line,111,0,day_type_01,weekday,1/1/2024 13:56,Lynn,4.0,15,6,73,11096
Fall 2024,CR-Newburyport,Newburyport/Rockport Line,115,0,day_type_01,weekday,1/1/2024 16:26,Lynn,4.0,8,25,281,11097
Fall 2024,CR-Newburyport,Newburyport/Rockport Line,107,0,day_type_01,weekday,1/1/2024 11:13,Montserrat,7.0,0,1,20,11098
Fall 2024,CR-Newburyport,Newburyport/Rockport Line,123,0,day_type_01,weekday,1/1/2024 21:06,Chelsea,2.0,4,1,162,11099
Fall 2024,CR-Newburyport,Newburyport/Rockport Line,111,0,day_type_01,weekday,1/1/2024 13:59,Swampscott,5.0,5,6,72,11100
Fall 2024,CR-Newburyport,Newburyport/Rockport Line,115,0,day_type_01,weekday,1/1/2024 16:29,Swampscott,5.0,2,40,243,11101
Fall 2024,CR-Newburyport,Newburyport/Rockport Line,107,0,day_type_01,weekday,1/1/2024 11:19,Beverly Farms,8.0,2,2,20,11102
Fall 2024,CR-Newburyport,Newburyport/Rockport Line,123,0,day_type_01,weekday,1/1/2024 21:15,Lynn,3.0,2,18,146,11103
Fall 2024,CR-Newburyport,Newburyport/Rockport Line,111,0,day_type_01,weekday,1/1/2024 14:06,Salem,6.0,4,8,68,11104
Fall 2024,CR-Newburyport,Newburyport/Rockport Line,115,0,day_type_01,weekday,1/1/2024 16:36,Salem,6.0,19,117,145,11105
Fall 2024,CR-Newburyport,Newburyport/Rockport Line,107,0,day_type_01,weekday,1/1/2024 11:25,Manchester,9.0,0,3,17,11106
Fall 2024,CR-Newburyport,Newburyport/Rockport Line,123,0,day_type_01,weekday,1/1/2024 21:18,Swampscott,4.0,2,26,122,11107
Fall 2024,CR-Newburyport,Newburyport/Rockport Line,111,0,day_type_01,weekday,1/1/2024 14:10,Beverly,7.0,1,19,50,11108
Fall 2024,CR-Newburyport,Newburyport/Rockport Line,115,0,day_type_01,weekday,1/1/2024 16:40,Beverly,7.0,5,59,91,11109
Fall 2024,CR-Newburyport,Newburyport/Rockport Line,107,0,day_type_01,weekday,1/1/2024 11:31,West Gloucester,10.0,0,0,17,11110
Fall 2024,CR-Newburyport,Newburyport/Rockport Line,123,0,day_type_01,weekday,1/1/2024 21:25,Salem,5.0,22,60,84,11111
Fall 2024,CR-Newburyport,Newburyport/Rockport Line,111,0,day_type_01,weekday,1/1/2024 14:14,Montserrat,8.0,3,12,41,11112
Fall 2024,CR-Newburyport,Newburyport/Rockport Line,115,0,day_type_01,weekday,1/1/2024 16:44,Montserrat,8.0,1,17,75,11113
Fall 2024,CR-Newburyport,Newburyport/Rockport Line,107,0,day_type_01,weekday,1/1/2024 11:38,Gloucester,11.0,0,11,6,11114
Fall 2024,CR-Newburyport,Newburyport/Rockport Line,123,0,day_type_01,weekday,1/1/2024 21:29,Beverly,6.0,4,38,50,11115
Fall 2024,CR-Newburyport,Newburyport/Rockport Line,111,0,day_type_01,weekday,1/1/2024 14:20,Beverly Farms,9.0,0,2,39,11116
Fall 2024,CR-Newburyport,Newburyport/Rockport Line,115,0,day_type_01,weekday,1/1/2024 16:51,Beverly Farms,9.0,0,4,71,11117
Fall 2024,CR-Newburyport,Newburyport/Rockport Line,107,0,day_type_01,weekday,1/1/2024 11:51,Rockport,12.0,0,6,0,11118
Fall 2024,CR-Newburyport,Newburyport/Rockport Line,123,0,day_type_01,weekday,1/1/2024 21:33,Montserrat,7.0,1,3,48,11119
Fall 2024,CR-Newburyport,Newburyport/Rockport Line,111,0,day_type_01,weekday,1/1/2024 14:26,Manchester,10.0,1,8,32,11120
Fall 2024,CR-Newburyport,Newburyport/Rockport Line,123,0,day_type_01,weekday,1/1/2024 21:39,Beverly Farms,8.0,0,1,47,11121
Fall 2024,CR-Newburyport,Newburyport/Rockport Line,108,1,day_type_01,weekday,1/1/2024 9:13,Rockport,1.0,10,0,10,11122
Fall 2024,CR-Newburyport,Newburyport/Rockport Line,115,0,day_type_01,weekday,1/1/2024 16:57,Manchester,10.0,1,14,58,11123
Fall 2024,CR-Newburyport,Newburyport/Rockport Line,108,1,day_type_01,weekday,1/1/2024 9:20,Gloucester,2.0,18,1,27,11124
Fall 2024,CR-Newburyport,Newburyport/Rockport Line,123,0,day_type_01,weekday,1/1/2024 21:45,Manchester,9.0,0,3,44,11125
Fall 2024,CR-Newburyport,Newburyport/Rockport Line,115,0,day_type_01,weekday,1/1/2024 17:03,West Gloucester,11.0,0,10,48,11126
Fall 2024,CR-Newburyport,Newburyport/Rockport Line,111,0,day_type_01,weekday,1/1/2024 14:32,West Gloucester,11.0,0,3,29,11127
Fall 2024,CR-Newburyport,Newburyport/Rockport Line,108,1,day_type_01,weekday,1/1/2024 9:26,West Gloucester,3.0,8,3,32,11128
Fall 2024,CR-Newburyport,Newburyport/Rockport Line,123,0,day_type_01,weekday,1/1/2024 21:51,West Gloucester,10.0,0,4,40,11129
Fall 2024,CR-Newburyport,Newburyport/Rockport Line,115,0,day_type_01,weekday,1/1/2024 17:11,Gloucester,12.0,3,35,16,11130
Fall 2024,CR-Newburyport,Newburyport/Rockport Line,111,0,day_type_01,weekday,1/1/2024 14:39,Gloucester,12.0,0,22,7,11131
Fall 2024,CR-Newburyport,Newburyport/Rockport Line,108,1,day_type_01,weekday,1/1/2024 9:33,Manchester,4.0,0,1,31,11132
Fall 2024,CR-Newburyport,Newburyport/Rockport Line,123,0,day_type_01,weekday,1/1/2024 21:58,Gloucester,11.0,0,34,6,11133
Fall 2024,CR-Newburyport,Newburyport/Rockport Line,115,0,day_type_01,weekday,1/1/2024 17:26,Rockport,13.0,0,16,0,11134
Fall 2024,CR-Newburyport,Newburyport/Rockport Line,111,0,day_type_01,weekday,1/1/2024 14:52,Rockport,13.0,0,9,-2,11135
Fall 2024,CR-Newburyport,Newburyport/Rockport Line,108,1,day_type_01,weekday,1/1/2024 9:39,Beverly Farms,5.0,5,0,36,11136
Fall 2024,CR-Newburyport,Newburyport/Rockport Line,123,0,day_type_01,weekday,1/1/2024 22:12,Rockport,12.0,0,6,0,11137
Fall 2024,CR-Newburyport,Newburyport/Rockport Line,116,1,day_type_01,weekday,1/1/2024 15:13,Rockport,1.0,3,0,3,11138
Fall 2024,CR-Newburyport,Newburyport/Rockport Line,112,1,day_type_01,weekday,1/1/2024 12:13,Rockport,1.0,5,0,5,11139
Fall 2024,CR-Newburyport,Newburyport/Rockport Line,108,1,day_type_01,weekday,1/1/2024 9:45,Montserrat,6.0,5,0,41,11140
Fall 2024,CR-Newburyport,Newburyport/Rockport Line,124,1,day_type_01,weekday,1/1/2024 20:45,Rockport,1.0,0,0,0,11141
Fall 2024,CR-Newburyport,Newburyport/Rockport Line,116,1,day_type_01,weekday,1/1/2024 15:20,Gloucester,2.0,28,0,31,11142
Fall 2024,CR-Newburyport,Newburyport/Rockport Line,112,1,day_type_01,weekday,1/1/2024 12:20,Gloucester,2.0,11,2,14,11143
Fall 2024,CR-Newburyport,Newburyport/Rockport Line,108,1,day_type_01,weekday,1/1/2024 9:50,Beverly,7.0,25,1,65,11144
Fall 2024,CR-Newburyport,Newburyport/Rockport Line,124,1,day_type_01,weekday,1/1/2024 20:52,Gloucester,2.0,5,0,5,11145
Fall 2024,CR-Newburyport,Newburyport/Rockport Line,116,1,day_type_01,weekday,1/1/2024 15:26,West Gloucester,3.0,3,0,34,11146
Fall 2024,CR-Newburyport,Newburyport/Rockport Line,112,1,day_type_01,weekday,1/1/2024 12:26,West Gloucester,3.0,0,0,14,11147
Fall 2024,CR-Newburyport,Newburyport/Rockport Line,108,1,day_type_01,weekday,1/1/2024 9:54,Salem,8.0,19,7,77,11148
Fall 2024,CR-Newburyport,Newburyport/Rockport Line,124,1,day_type_01,weekday,1/1/2024 20:58,West Gloucester,3.0,0,0,5,11149
Fall 2024,CR-Newburyport,Newburyport/Rockport Line,116,1,day_type_01,weekday,1/1/2024 15:33,Manchester,4.0,7,0,41,11150
Fall 2024,CR-Newburyport,Newburyport/Rockport Line,116,1,day_type_01,weekday,1/1/2024 15:39,Beverly Farms,5.0,1,0,42,11151
Fall 2024,CR-Newburyport,Newburyport/Rockport Line,116,1,day_type_01,weekday,1/1/2024 15:45,Montserrat,6.0,4,1,45,11152
Fall 2024,CR-Newburyport,Newburyport/Rockport Line,116,1,day_type_01,weekday,1/1/2024 15:50,Beverly,7.0,31,4,72,11153
Fall 2024,CR-Newburyport,Newburyport/Rockport Line,116,1,day_type_01,weekday,1/1/2024 15:54,Salem,8.0,36,11,97,11154
Fall 2024,CR-Newburyport,Newburyport/Rockport Line,116,1,day_type_01,weekday,1/1/2024 16:01,Swampscott,9.0,20,6,111,11155
Fall 2024,CR-Newburyport,Newburyport/Rockport Line,116,1,day_type_01,weekday,1/1/2024 16:04,Lynn,10.0,5,10,106,11156
Fall 2024,CR-Newburyport,Newburyport/Rockport Line,116,1,day_type_01,weekday,1/1/2024 16:07,River Works,11.0,3,0,109,11157
Fall 2024,CR-Newburyport,Newburyport/Rockport Line,116,1,day_type_01,weekday,1/1/2024 16:14,Chelsea,12.0,0,11,98,11158
Fall 2024,CR-Newburyport,Newburyport/Rockport Line,116,1,day_type_01,weekday,1/1/2024 16:32,North Station,13.0,0,98,0,11159
Fall 2024,CR-Newburyport,Newburyport/Rockport Line,117,0,day_type_01,weekday,1/1/2024 17:05,North Station,1.0,577,0,577,11160
Fall 2024,CR-Newburyport,Newburyport/Rockport Line,117,0,day_type_01,weekday,1/1/2024 17:16,Chelsea,2.0,12,18,571,11161
Fall 2024,CR-Newburyport,Newburyport/Rockport Line,117,0,day_type_01,weekday,1/1/2024 17:23,River Works,3.0,0,0,571,11162
Fall 2024,CR-Newburyport,Newburyport/Rockport Line,117,0,day_type_01,weekday,1/1/2024 17:26,Lynn,4.0,3,39,535,11163
Fall 2024,CR-Newburyport,Newburyport/Rockport Line,124,1,day_type_01,weekday,1/1/2024 21:05,Manchester,4.0,2,1,6,11164
Fall 2024,CR-Newburyport,Newburyport/Rockport Line,108,1,day_type_01,weekday,1/1/2024 10:01,Swampscott,9.0,15,2,90,11165
Fall 2024,CR-Newburyport,Newburyport/Rockport Line,124,1,day_type_01,weekday,1/1/2024 21:11,Beverly Farms,5.0,1,0,7,11166
Fall 2024,CR-Newburyport,Newburyport/Rockport Line,112,1,day_type_01,weekday,1/1/2024 12:33,Manchester,4.0,4,0,18,11167
Fall 2024,CR-Newburyport,Newburyport/Rockport Line,124,1,day_type_01,weekday,1/1/2024 21:17,Montserrat,6.0,1,0,8,11168
Fall 2024,CR-Newburyport,Newburyport/Rockport Line,108,1,day_type_01,weekday,1/1/2024 10:04,Lynn,10.0,1,3,88,11169
Fall 2024,CR-Newburyport,Newburyport/Rockport Line,112,1,day_type_01,weekday,1/1/2024 12:39,Beverly Farms,5.0,3,0,21,11170
Fall 2024,CR-Newburyport,Newburyport/Rockport Line,124,1,day_type_01,weekday,1/1/2024 21:22,Beverly,7.0,6,1,13,11171
Fall 2024,CR-Newburyport,Newburyport/Rockport Line,108,1,day_type_01,weekday,1/1/2024 10:13,Chelsea,11.0,8,2,94,11172
Fall 2024,CR-Newburyport,Newburyport/Rockport Line,112,1,day_type_01,weekday,1/1/2024 12:45,Montserrat,6.0,4,3,22,11173
Fall 2024,CR-Newburyport,Newburyport/Rockport Line,124,1,day_type_01,weekday,1/1/2024 21:31,Salem,8.0,16,1,28,11174
Fall 2024,CR-Newburyport,Newburyport/Rockport Line,108,1,day_type_01,weekday,1/1/2024 10:31,North Station,12.0,0,94,0,11175
Fall 2024,CR-Newburyport,Newburyport/Rockport Line,112,1,day_type_01,weekday,1/1/2024 12:50,Beverly,7.0,13,2,33,11176
Fall 2024,CR-Newburyport,Newburyport/Rockport Line,124,1,day_type_01,weekday,1/1/2024 21:38,Swampscott,9.0,3,2,29,11177
Fall 2024,CR-Newburyport,Newburyport/Rockport Line,109,0,day_type_01,weekday,1/1/2024 12:05,North Station,1.0,60,0,60,11178
Fall 2024,CR-Newburyport,Newburyport/Rockport Line,112,1,day_type_01,weekday,1/1/2024 12:54,Salem,8.0,43,7,69,11179
Fall 2024,CR-Newburyport,Newburyport/Rockport Line,124,1,day_type_01,weekday,1/1/2024 21:41,Lynn,10.0,4,4,29,11180
Fall 2024,CR-Newburyport,Newburyport/Rockport Line,109,0,day_type_01,weekday,1/1/2024 12:16,Chelsea,2.0,11,1,70,11181
Fall 2024,CR-Newburyport,Newburyport/Rockport Line,109,0,day_type_01,weekday,1/1/2024 12:25,Lynn,3.0,11,4,77,11182
Fall 2024,CR-Newburyport,Newburyport/Rockport Line,112,1,day_type_01,weekday,1/1/2024 13:01,Swampscott,9.0,10,3,76,11183
Fall 2024,CR-Newburyport,Newburyport/Rockport Line,109,0,day_type_01,weekday,1/1/2024 12:28,Swampscott,4.0,0,6,71,11184
Fall 2024,CR-Newburyport,Newburyport/Rockport Line,124,1,day_type_01,weekday,1/1/2024 21:49,Chelsea,11.0,0,4,25,11185
Fall 2024,CR-Newburyport,Newburyport/Rockport Line,109,0,day_type_01,weekday,1/1/2024 12:35,Salem,5.0,12,29,54,11186
Fall 2024,CR-Newburyport,Newburyport/Rockport Line,124,1,day_type_01,weekday,1/1/2024 22:08,North Station,12.0,0,22,3,11187
Fall 2024,CR-Newburyport,Newburyport/Rockport Line,112,1,day_type_01,weekday,1/1/2024 13:04,Lynn,10.0,12,9,79,11188
Fall 2024,CR-Newburyport,Newburyport/Rockport Line,125,0,day_type_01,weekday,1/1/2024 22:50,North Station,1.0,73,0,73,11189
Fall 2024,CR-Newburyport,Newburyport/Rockport Line,112,1,day_type_01,weekday,1/1/2024 13:13,Chelsea,11.0,0,5,74,11190
Fall 2024,CR-Newburyport,Newburyport/Rockport Line,125,0,day_type_01,weekday,1/1/2024 23:01,Chelsea,2.0,2,3,72,11191
Fall 2024,CR-Newburyport,Newburyport/Rockport Line,112,1,day_type_01,weekday,1/1/2024 13:31,North Station,12.0,0,74,0,11192
Fall 2024,CR-Newburyport,Newburyport/Rockport Line,125,0,day_type_01,weekday,1/1/2024 23:08,River Works,3.0,3,0,75,11193
Fall 2024,CR-Newburyport,Newburyport/Rockport Line,113,0,day_type_01,weekday,1/1/2024 15:05,North Station,1.0,218,0,218,11194
Fall 2024,CR-Newburyport,Newburyport/Rockport Line,125,0,day_type_01,weekday,1/1/2024 23:11,Lynn,4.0,3,7,71,11195
Fall 2024,CR-Newburyport,Newburyport/Rockport Line,113,0,day_type_01,weekday,1/1/2024 15:16,Chelsea,2.0,15,1,232,11196
Fall 2024,CR-Newburyport,Newburyport/Rockport Line,113,0,day_type_01,weekday,1/1/2024 15:23,River Works,3.0,3,0,235,11197
Fall 2024,CR-Newburyport,Newburyport/Rockport Line,113,0,day_type_01,weekday,1/1/2024 15:26,Lynn,4.0,29,8,256,11198
Fall 2024,CR-Newburyport,Newburyport/Rockport Line,113,0,day_type_01,weekday,1/1/2024 15:29,Swampscott,5.0,5,39,222,11199
Fall 2024,CR-Newburyport,Newburyport/Rockport Line,113,0,day_type_01,weekday,1/1/2024 15:36,Salem,6.0,11,136,97,11200
Fall 2024,CR-Haverhill,Haverhill Line,207,0,day_type_01,weekday,1/1/2024 11:21,Malden Center,2.0,6,0,25,11201
Fall 2024,CR-Haverhill,Haverhill Line,207,0,day_type_01,weekday,1/1/2024 11:23,Oak Grove,3.0,1,0,26,11202
Fall 2024,CR-Haverhill,Haverhill Line,207,0,day_type_01,weekday,1/1/2024 11:25,Wyoming Hill,4.0,0,0,26,11203
Fall 2024,CR-Haverhill,Haverhill Line,207,0,day_type_01,weekday,1/1/2024 11:27,Melrose/Cedar Park,5.0,0,0,26,11204
Fall 2024,CR-Haverhill,Haverhill Line,207,0,day_type_01,weekday,1/1/2024 11:30,Melrose Highlands,6.0,0,0,26,11205
Fall 2024,CR-Haverhill,Haverhill Line,207,0,day_type_01,weekday,1/1/2024 11:33,Greenwood,7.0,0,1,25,11206
Fall 2024,CR-Haverhill,Haverhill Line,207,0,day_type_01,weekday,1/1/2024 11:37,Wakefield,8.0,0,3,22,11207
Fall 2024,CR-Haverhill,Haverhill Line,207,0,day_type_01,weekday,1/1/2024 11:43,Reading,9.0,0,2,20,11208
Fall 2024,CR-Haverhill,Haverhill Line,207,0,day_type_01,weekday,1/1/2024 11:49,North Wilmington,10.0,0,0,20,11209
Fall 2024,CR-Haverhill,Haverhill Line,207,0,day_type_01,weekday,1/1/2024 11:57,Ballardvale,11.0,0,0,20,11210
Fall 2024,CR-Newburyport,Newburyport/Rockport Line,145,0,day_type_01,weekday,1/1/2024 9:13,North Beverly,7.0,0,9,25,11211
Fall 2024,CR-Haverhill,Haverhill Line,207,0,day_type_01,weekday,1/1/2024 12:02,Andover,12.0,0,4,16,11212
Fall 2024,CR-Newburyport,Newburyport/Rockport Line,158,1,day_type_01,weekday,1/1/2024 16:37,River Works,10.0,2,0,207,11213
Fall 2024,CR-Haverhill,Haverhill Line,202,1,day_type_01,weekday,1/1/2024 6:48,Reading,6.0,67,2,214,11214
Fall 2024,CR-Newburyport,Newburyport/Rockport Line,162,1,day_type_01,weekday,1/1/2024 20:05,North Station,12.0,0,66,0,11215
Fall 2024,CR-Newburyport,Newburyport/Rockport Line,192,1,day_type_01,weekday,1/1/2024 11:01,Swampscott,3.0,6,0,22,11216
Fall 2024,CR-Newburyport,Newburyport/Rockport Line,150,1,day_type_01,weekday,1/1/2024 9:54,Newburyport,1.0,23,0,23,11217
Fall 2024,CR-Newburyport,Newburyport/Rockport Line,154,1,day_type_01,weekday,1/1/2024 13:20,Beverly,6.0,20,4,60,11218
Fall 2024,CR-Haverhill,Haverhill Line,207,0,day_type_01,weekday,1/1/2024 12:09,Lawrence,13.0,0,13,3,11219
Fall 2024,CR-Haverhill,Haverhill Line,207,0,day_type_01,weekday,1/1/2024 12:27,Bradford,14.0,0,3,0,11220
Fall 2024,CR-Haverhill,Haverhill Line,208,1,day_type_01,weekday,1/1/2024 9:55,Bradford,1.0,29,0,29,11221
Fall 2024,CR-Haverhill,Haverhill Line,208,1,day_type_01,weekday,1/1/2024 10:04,Lawrence,2.0,32,4,57,11222
Fall 2024,CR-Haverhill,Haverhill Line,208,1,day_type_01,weekday,1/1/2024 10:11,Andover,3.0,10,0,67,11223
Fall 2024,CR-Haverhill,Haverhill Line,208,1,day_type_01,weekday,1/1/2024 10:16,Ballardvale,4.0,5,0,72,11224
Fall 2024,CR-Haverhill,Haverhill Line,208,1,day_type_01,weekday,1/1/2024 10:27,Anderson/Woburn,5.0,27,2,97,11225
Fall 2024,CR-Haverhill,Haverhill Line,208,1,day_type_01,weekday,1/1/2024 10:52,North Station,6.0,0,97,0,11226
Fall 2024,CR-Haverhill,Haverhill Line,209,0,day_type_01,weekday,1/1/2024 12:40,North Station,1.0,36,0,36,11227
Fall 2024,CR-Haverhill,Haverhill Line,209,0,day_type_01,weekday,1/1/2024 12:51,Malden Center,2.0,8,1,43,11228
Fall 2024,CR-Haverhill,Haverhill Line,209,0,day_type_01,weekday,1/1/2024 12:53,Oak Grove,3.0,0,0,43,11229
Fall 2024,CR-Haverhill,Haverhill Line,209,0,day_type_01,weekday,1/1/2024 12:55,Wyoming Hill,4.0,0,1,42,11230
Fall 2024,CR-Haverhill,Haverhill Line,209,0,day_type_01,weekday,1/1/2024 12:57,Melrose/Cedar Park,5.0,0,1,41,11231
Fall 2024,CR-Haverhill,Haverhill Line,209,0,day_type_01,weekday,1/1/2024 13:00,Melrose Highlands,6.0,0,2,39,11232
Fall 2024,CR-Haverhill,Haverhill Line,209,0,day_type_01,weekday,1/1/2024 13:03,Greenwood,7.0,0,0,39,11233
Fall 2024,CR-Haverhill,Haverhill Line,209,0,day_type_01,weekday,1/1/2024 13:07,Wakefield,8.0,0,10,29,11234
Fall 2024,CR-Haverhill,Haverhill Line,209,0,day_type_01,weekday,1/1/2024 13:13,Reading,9.0,0,3,26,11235
Fall 2024,CR-Haverhill,Haverhill Line,209,0,day_type_01,weekday,1/1/2024 13:19,North Wilmington,10.0,0,0,26,11236
Fall 2024,CR-Haverhill,Haverhill Line,209,0,day_type_01,weekday,1/1/2024 13:27,Ballardvale,11.0,0,3,23,11237
Fall 2024,CR-Haverhill,Haverhill Line,209,0,day_type_01,weekday,1/1/2024 13:32,Andover,12.0,0,8,15,11238
Fall 2024,CR-Haverhill,Haverhill Line,209,0,day_type_01,weekday,1/1/2024 13:39,Lawrence,13.0,0,11,4,11239
Fall 2024,CR-Haverhill,Haverhill Line,209,0,day_type_01,weekday,1/1/2024 13:57,Bradford,14.0,0,4,0,11240
Fall 2024,CR-Haverhill,Haverhill Line,210,1,day_type_01,weekday,1/1/2024 11:22,Bradford,1.0,10,0,10,11241
Fall 2024,CR-Haverhill,Haverhill Line,210,1,day_type_01,weekday,1/1/2024 11:31,Lawrence,2.0,12,0,22,11242
Fall 2024,CR-Haverhill,Haverhill Line,210,1,day_type_01,weekday,1/1/2024 11:38,Andover,3.0,8,0,30,11243
Fall 2024,CR-Haverhill,Haverhill Line,210,1,day_type_01,weekday,1/1/2024 11:43,Ballardvale,4.0,1,0,31,11244
Fall 2024,CR-Haverhill,Haverhill Line,210,1,day_type_01,weekday,1/1/2024 11:54,Anderson/Woburn,5.0,10,1,40,11245
Fall 2024,CR-Haverhill,Haverhill Line,210,1,day_type_01,weekday,1/1/2024 12:22,North Station,6.0,0,40,0,11246
Fall 2024,CR-Haverhill,Haverhill Line,211,0,day_type_01,weekday,1/1/2024 14:10,North Station,1.0,97,0,97,11247
Fall 2024,CR-Haverhill,Haverhill Line,211,0,day_type_01,weekday,1/1/2024 14:21,Malden Center,2.0,4,2,99,11248
Fall 2024,CR-Haverhill,Haverhill Line,211,0,day_type_01,weekday,1/1/2024 14:23,Oak Grove,3.0,0,1,98,11249
Fall 2024,CR-Haverhill,Haverhill Line,211,0,day_type_01,weekday,1/1/2024 14:25,Wyoming Hill,4.0,0,6,92,11250
Fall 2024,CR-Haverhill,Haverhill Line,211,0,day_type_01,weekday,1/1/2024 14:27,Melrose/Cedar Park,5.0,0,4,88,11251
Fall 2024,CR-Haverhill,Haverhill Line,211,0,day_type_01,weekday,1/1/2024 14:30,Melrose Highlands,6.0,0,2,86,11252
Fall 2024,CR-Haverhill,Haverhill Line,211,0,day_type_01,weekday,1/1/2024 14:33,Greenwood,7.0,0,5,81,11253
Fall 2024,CR-Newburyport,Newburyport/Rockport Line,145,0,day_type_01,weekday,1/1/2024 9:17,Hamilton/Wenham,8.0,1,2,24,11254
Fall 2024,CR-Haverhill,Haverhill Line,211,0,day_type_01,weekday,1/1/2024 14:37,Wakefield,8.0,1,12,70,11255
Fall 2024,CR-Haverhill,Haverhill Line,211,0,day_type_01,weekday,1/1/2024 14:43,Reading,9.0,0,16,54,11256
Fall 2024,CR-Haverhill,Haverhill Line,211,0,day_type_01,weekday,1/1/2024 14:49,North Wilmington,10.0,0,3,51,11257
Fall 2024,CR-Haverhill,Haverhill Line,211,0,day_type_01,weekday,1/1/2024 14:57,Ballardvale,11.0,0,2,49,11258
Fall 2024,CR-Newburyport,Newburyport/Rockport Line,145,0,day_type_01,weekday,1/1/2024 9:23,Ipswich,9.0,1,9,16,11259
Fall 2024,CR-Newburyport,Newburyport/Rockport Line,145,0,day_type_01,weekday,1/1/2024 9:29,Rowley,10.0,0,0,16,11260
Fall 2024,CR-Newburyport,Newburyport/Rockport Line,163,0,day_type_01,weekday,1/1/2024 20:05,North Station,1.0,145,0,145,11261
Fall 2024,CR-Newburyport,Newburyport/Rockport Line,154,1,day_type_01,weekday,1/1/2024 13:24,Salem,7.0,32,10,82,11262
Fall 2024,CR-Newburyport,Newburyport/Rockport Line,158,1,day_type_01,weekday,1/1/2024 16:44,Chelsea,11.0,11,14,204,11263
Fall 2024,CR-Haverhill,Haverhill Line,202,1,day_type_01,weekday,1/1/2024 6:54,Wakefield,7.0,49,0,263,11264
Fall 2024,CR-Newburyport,Newburyport/Rockport Line,163,0,day_type_01,weekday,1/1/2024 20:16,Chelsea,2.0,5,12,138,11265
Fall 2024,CR-Newburyport,Newburyport/Rockport Line,158,1,day_type_01,weekday,1/1/2024 17:01,North Station,12.0,0,204,0,11266
Fall 2024,CR-Newburyport,Newburyport/Rockport Line,192,1,day_type_01,weekday,1/1/2024 11:04,Lynn,4.0,4,2,24,11267
Fall 2024,CR-Newburyport,Newburyport/Rockport Line,145,0,day_type_01,weekday,1/1/2024 9:41,Newburyport,11.0,0,16,0,11268
Fall 2024,CR-Newburyport,Newburyport/Rockport Line,154,1,day_type_01,weekday,1/1/2024 13:31,Swampscott,8.0,16,8,90,11269
Fall 2024,CR-Newburyport,Newburyport/Rockport Line,146,1,day_type_01,weekday,1/1/2024 7:54,Newburyport,1.0,68,0,68,11270
Fall 2024,CR-Newburyport,Newburyport/Rockport Line,150,1,day_type_01,weekday,1/1/2024 9:59,Rowley,2.0,1,0,24,11271
Fall 2024,CR-Newburyport,Newburyport/Rockport Line,192,1,day_type_01,weekday,1/1/2024 11:13,Chelsea,5.0,0,0,24,11272
Fall 2024,CR-Newburyport,Newburyport/Rockport Line,154,1,day_type_01,weekday,1/1/2024 13:34,Lynn,9.0,8,4,94,11273
Fall 2024,CR-Newburyport,Newburyport/Rockport Line,163,0,day_type_01,weekday,1/1/2024 20:25,Lynn,3.0,3,19,122,11274
Fall 2024,CR-Haverhill,Haverhill Line,202,1,day_type_01,weekday,1/1/2024 6:57,Greenwood,8.0,19,0,282,11275
Fall 2024,CR-Newburyport,Newburyport/Rockport Line,146,1,day_type_01,weekday,1/1/2024 7:59,Rowley,2.0,7,0,75,11276
Fall 2024,CR-Newburyport,Newburyport/Rockport Line,159,0,day_type_01,weekday,1/1/2024 17:35,North Station,1.0,402,0,402,11277
Fall 2024,CR-Newburyport,Newburyport/Rockport Line,150,1,day_type_01,weekday,1/1/2024 10:05,Ipswich,3.0,3,0,27,11278
Fall 2024,CR-Newburyport,Newburyport/Rockport Line,192,1,day_type_01,weekday,1/1/2024 11:29,North Station,6.0,0,24,0,11279
Fall 2024,CR-Newburyport,Newburyport/Rockport Line,154,1,day_type_01,weekday,1/1/2024 13:43,Chelsea,10.0,0,4,90,11280
Fall 2024,CR-Newburyport,Newburyport/Rockport Line,163,0,day_type_01,weekday,1/1/2024 20:28,Swampscott,4.0,1,17,106,11281
Fall 2024,CR-Haverhill,Haverhill Line,202,1,day_type_01,weekday,1/1/2024 6:59,Melrose Highlands,9.0,35,0,317,11282
Fall 2024,CR-Newburyport,Newburyport/Rockport Line,146,1,day_type_01,weekday,1/1/2024 8:05,Ipswich,3.0,35,0,110,11283
Fall 2024,CR-Newburyport,Newburyport/Rockport Line,159,0,day_type_01,weekday,1/1/2024 17:46,Chelsea,2.0,8,9,401,11284
Fall 2024,CR-Newburyport,Newburyport/Rockport Line,150,1,day_type_01,weekday,1/1/2024 10:11,Hamilton/Wenham,4.0,8,0,35,11285
Fall 2024,CR-Newburyport,Newburyport/Rockport Line,197,0,day_type_01,weekday,1/1/2024 14:05,North Station,1.0,40,0,40,11286
Fall 2024,CR-Newburyport,Newburyport/Rockport Line,154,1,day_type_01,weekday,1/1/2024 14:00,North Station,11.0,0,90,0,11287
Fall 2024,CR-Newburyport,Newburyport/Rockport Line,163,0,day_type_01,weekday,1/1/2024 20:35,Salem,5.0,7,55,58,11288
Fall 2024,CR-Haverhill,Haverhill Line,202,1,day_type_01,weekday,1/1/2024 7:01,Melrose/Cedar Park,10.0,16,0,333,11289
Fall 2024,CR-Newburyport,Newburyport/Rockport Line,146,1,day_type_01,weekday,1/1/2024 8:11,Hamilton/Wenham,4.0,29,0,139,11290
Fall 2024,CR-Newburyport,Newburyport/Rockport Line,159,0,day_type_01,weekday,1/1/2024 17:53,River Works,3.0,1,0,402,11291
Fall 2024,CR-Newburyport,Newburyport/Rockport Line,150,1,day_type_01,weekday,1/1/2024 10:15,North Beverly,5.0,2,2,35,11292
Fall 2024,CR-Newburyport,Newburyport/Rockport Line,197,0,day_type_01,weekday,1/1/2024 14:16,Chelsea,2.0,5,1,44,11293
Fall 2024,CR-Newburyport,Newburyport/Rockport Line,197,0,day_type_01,weekday,1/1/2024 14:25,Lynn,3.0,9,7,46,11294
Fall 2024,CR-Newburyport,Newburyport/Rockport Line,197,0,day_type_01,weekday,1/1/2024 14:28,Swampscott,4.0,5,7,44,11295
Fall 2024,CR-Newburyport,Newburyport/Rockport Line,197,0,day_type_01,weekday,1/1/2024 14:35,Salem,5.0,6,27,23,11296
Fall 2024,CR-Newburyport,Newburyport/Rockport Line,197,0,day_type_01,weekday,1/1/2024 14:42,Beverly,6.0,0,23,0,11297
Fall 2024,CR-Newburyport,Newburyport/Rockport Line,198,1,day_type_01,weekday,1/1/2024 15:20,Beverly,1.0,10,0,10,11298
Fall 2024,CR-Newburyport,Newburyport/Rockport Line,198,1,day_type_01,weekday,1/1/2024 15:24,Salem,2.0,30,2,38,11299
Fall 2024,CR-Newburyport,Newburyport/Rockport Line,198,1,day_type_01,weekday,1/1/2024 15:31,Swampscott,3.0,7,0,45,11300
Fall 2024,CR-Newburyport,Newburyport/Rockport Line,198,1,day_type_01,weekday,1/1/2024 15:34,Lynn,4.0,5,5,45,11301
Fall 2024,CR-Newburyport,Newburyport/Rockport Line,198,1,day_type_01,weekday,1/1/2024 15:37,River Works,5.0,4,0,49,11302
Fall 2024,CR-Newburyport,Newburyport/Rockport Line,198,1,day_type_01,weekday,1/1/2024 15:44,Chelsea,6.0,2,4,47,11303
Fall 2024,CR-Newburyport,Newburyport/Rockport Line,198,1,day_type_01,weekday,1/1/2024 16:00,North Station,7.0,0,47,0,11304
Fall 2024,CR-Haverhill,Haverhill Line,200,1,day_type_01,weekday,1/1/2024 5:27,Bradford,1.0,25,0,25,11305
Fall 2024,CR-Haverhill,Haverhill Line,200,1,day_type_01,weekday,1/1/2024 5:36,Lawrence,2.0,3,0,28,11306
Fall 2024,CR-Haverhill,Haverhill Line,200,1,day_type_01,weekday,1/1/2024 5:43,Andover,3.0,11,1,38,11307
Fall 2024,CR-Haverhill,Haverhill Line,200,1,day_type_01,weekday,1/1/2024 5:48,Ballardvale,4.0,7,0,45,11308
Fall 2024,CR-Haverhill,Haverhill Line,200,1,day_type_01,weekday,1/1/2024 5:56,North Wilmington,5.0,1,2,44,11309
Fall 2024,CR-Haverhill,Haverhill Line,200,1,day_type_01,weekday,1/1/2024 6:03,Reading,6.0,12,0,56,11310
Fall 2024,CR-Haverhill,Haverhill Line,200,1,day_type_01,weekday,1/1/2024 6:09,Wakefield,7.0,22,0,78,11311
Fall 2024,CR-Haverhill,Haverhill Line,200,1,day_type_01,weekday,1/1/2024 6:12,Greenwood,8.0,19,0,97,11312
Fall 2024,CR-Haverhill,Haverhill Line,200,1,day_type_01,weekday,1/1/2024 6:14,Melrose Highlands,9.0,3,0,100,11313
Fall 2024,CR-Haverhill,Haverhill Line,200,1,day_type_01,weekday,1/1/2024 6:16,Melrose/Cedar Park,10.0,9,0,109,11314
Fall 2024,CR-Haverhill,Haverhill Line,200,1,day_type_01,weekday,1/1/2024 6:18,Wyoming Hill,11.0,3,1,111,11315
Fall 2024,CR-Haverhill,Haverhill Line,200,1,day_type_01,weekday,1/1/2024 6:20,Oak Grove,12.0,0,2,109,11316
Fall 2024,CR-Haverhill,Haverhill Line,200,1,day_type_01,weekday,1/1/2024 6:23,Malden Center,13.0,0,5,104,11317
Fall 2024,CR-Haverhill,Haverhill Line,200,1,day_type_01,weekday,1/1/2024 6:41,North Station,14.0,0,104,0,11318
Fall 2024,CR-Haverhill,Haverhill Line,201,0,day_type_01,weekday,1/1/2024 5:55,North Station,1.0,7,0,7,11319
Fall 2024,CR-Haverhill,Haverhill Line,201,0,day_type_01,weekday,1/1/2024 6:06,Malden Center,2.0,3,0,10,11320
Fall 2024,CR-Haverhill,Haverhill Line,201,0,day_type_01,weekday,1/1/2024 6:08,Oak Grove,3.0,2,0,12,11321
Fall 2024,CR-Haverhill,Haverhill Line,201,0,day_type_01,weekday,1/1/2024 6:10,Wyoming Hill,4.0,1,0,13,11322
Fall 2024,CR-Haverhill,Haverhill Line,201,0,day_type_01,weekday,1/1/2024 6:12,Melrose/Cedar Park,5.0,0,0,13,11323
Fall 2024,CR-Haverhill,Haverhill Line,201,0,day_type_01,weekday,1/1/2024 6:15,Melrose Highlands,6.0,0,0,13,11324
Fall 2024,CR-Haverhill,Haverhill Line,201,0,day_type_01,weekday,1/1/2024 6:18,Greenwood,7.0,1,1,13,11325
Fall 2024,CR-Haverhill,Haverhill Line,201,0,day_type_01,weekday,1/1/2024 6:22,Wakefield,8.0,0,0,13,11326
Fall 2024,CR-Haverhill,Haverhill Line,201,0,day_type_01,weekday,1/1/2024 6:28,Reading,9.0,0,1,12,11327
Fall 2024,CR-Haverhill,Haverhill Line,201,0,day_type_01,weekday,1/1/2024 6:34,North Wilmington,10.0,0,0,12,11328
Fall 2024,CR-Haverhill,Haverhill Line,201,0,day_type_01,weekday,1/1/2024 6:42,Ballardvale,11.0,0,1,11,11329
Fall 2024,CR-Haverhill,Haverhill Line,201,0,day_type_01,weekday,1/1/2024 6:47,Andover,12.0,0,2,9,11330
Fall 2024,CR-Haverhill,Haverhill Line,201,0,day_type_01,weekday,1/1/2024 6:54,Lawrence,13.0,0,7,2,11331
Fall 2024,CR-Haverhill,Haverhill Line,201,0,day_type_01,weekday,1/1/2024 7:12,Bradford,14.0,0,2,0,11332
Fall 2024,CR-Haverhill,Haverhill Line,202,1,day_type_01,weekday,1/1/2024 6:12,Bradford,1.0,42,0,42,11333
Fall 2024,CR-Haverhill,Haverhill Line,202,1,day_type_01,weekday,1/1/2024 6:21,Lawrence,2.0,41,0,83,11334
Fall 2024,CR-Haverhill,Haverhill Line,202,1,day_type_01,weekday,1/1/2024 6:28,Andover,3.0,37,0,120,11335
Fall 2024,CR-Haverhill,Haverhill Line,202,1,day_type_01,weekday,1/1/2024 6:33,Ballardvale,4.0,23,0,143,11336
Fall 2024,CR-Haverhill,Haverhill Line,202,1,day_type_01,weekday,1/1/2024 6:41,North Wilmington,5.0,6,0,149,11337
Fall 2024,CR-Newburyport,Newburyport/Rockport Line,163,0,day_type_01,weekday,1/1/2024 20:39,Beverly,6.0,2,34,26,11338
Fall 2024,CR-Newburyport,Newburyport/Rockport Line,146,1,day_type_01,weekday,1/1/2024 8:15,North Beverly,5.0,17,0,156,11339
Fall 2024,CR-Haverhill,Haverhill Line,202,1,day_type_01,weekday,1/1/2024 7:03,Wyoming Hill,11.0,14,2,345,11340
Fall 2024,CR-Newburyport,Newburyport/Rockport Line,159,0,day_type_01,weekday,1/1/2024 17:56,Lynn,4.0,1,19,384,11341
Fall 2024,CR-Newburyport,Newburyport/Rockport Line,159,0,day_type_01,weekday,1/1/2024 17:59,Swampscott,5.0,1,40,345,11342
Fall 2024,CR-Newburyport,Newburyport/Rockport Line,150,1,day_type_01,weekday,1/1/2024 10:20,Beverly,6.0,18,2,51,11343
Fall 2024,CR-Haverhill,Haverhill Line,202,1,day_type_01,weekday,1/1/2024 7:05,Oak Grove,12.0,11,3,353,11344
Fall 2024,CR-Newburyport,Newburyport/Rockport Line,159,0,day_type_01,weekday,1/1/2024 18:06,Salem,6.0,9,81,273,11345
Fall 2024,CR-Newburyport,Newburyport/Rockport Line,163,0,day_type_01,weekday,1/1/2024 20:43,North Beverly,7.0,0,5,21,11346
Fall 2024,CR-Newburyport,Newburyport/Rockport Line,146,1,day_type_01,weekday,1/1/2024 8:20,Beverly,6.0,75,0,231,11347
Fall 2024,CR-Newburyport,Newburyport/Rockport Line,146,1,day_type_01,weekday,1/1/2024 8:24,Salem,7.0,94,13,312,11348
Fall 2024,CR-Newburyport,Newburyport/Rockport Line,150,1,day_type_01,weekday,1/1/2024 10:24,Salem,7.0,30,6,75,11349
Fall 2024,CR-Newburyport,Newburyport/Rockport Line,155,0,day_type_01,weekday,1/1/2024 15:35,North Station,1.0,248,0,248,11350
Fall 2024,CR-Newburyport,Newburyport/Rockport Line,146,1,day_type_01,weekday,1/1/2024 8:31,Swampscott,8.0,49,2,359,11351
Fall 2024,CR-Haverhill,Haverhill Line,202,1,day_type_01,weekday,1/1/2024 7:08,Malden Center,13.0,6,4,355,11352
Fall 2024,CR-Newburyport,Newburyport/Rockport Line,150,1,day_type_01,weekday,1/1/2024 10:31,Swampscott,8.0,14,1,88,11353
Fall 2024,CR-Newburyport,Newburyport/Rockport Line,159,0,day_type_01,weekday,1/1/2024 18:10,Beverly,7.0,4,86,191,11354
Fall 2024,CR-Newburyport,Newburyport/Rockport Line,155,0,day_type_01,weekday,1/1/2024 15:46,Chelsea,2.0,6,6,248,11355
Fall 2024,CR-Newburyport,Newburyport/Rockport Line,163,0,day_type_01,weekday,1/1/2024 20:47,Hamilton/Wenham,8.0,0,4,17,11356
Fall 2024,CR-Newburyport,Newburyport/Rockport Line,146,1,day_type_01,weekday,1/1/2024 8:34,Lynn,9.0,20,6,373,11357
Fall 2024,CR-Haverhill,Haverhill Line,202,1,day_type_01,weekday,1/1/2024 7:26,North Station,14.0,0,355,0,11358
Fall 2024,CR-Newburyport,Newburyport/Rockport Line,150,1,day_type_01,weekday,1/1/2024 10:34,Lynn,9.0,12,8,92,11359
Fall 2024,CR-Newburyport,Newburyport/Rockport Line,159,0,day_type_01,weekday,1/1/2024 18:14,North Beverly,8.0,1,29,163,11360
Fall 2024,CR-Newburyport,Newburyport/Rockport Line,155,0,day_type_01,weekday,1/1/2024 15:53,River Works,3.0,5,0,253,11361
Fall 2024,CR-Newburyport,Newburyport/Rockport Line,163,0,day_type_01,weekday,1/1/2024 20:53,Ipswich,9.0,0,8,9,11362
Fall 2024,CR-Newburyport,Newburyport/Rockport Line,146,1,day_type_01,weekday,1/1/2024 8:37,River Works,10.0,0,1,372,11363
Fall 2024,CR-Haverhill,Haverhill Line,203,0,day_type_01,weekday,1/1/2024 8:15,North Station,1.0,40,0,40,11364
Fall 2024,CR-Newburyport,Newburyport/Rockport Line,150,1,day_type_01,weekday,1/1/2024 10:43,Chelsea,10.0,11,3,100,11365
Fall 2024,CR-Newburyport,Newburyport/Rockport Line,159,0,day_type_01,weekday,1/1/2024 18:19,Hamilton/Wenham,9.0,21,35,149,11366
Fall 2024,CR-Newburyport,Newburyport/Rockport Line,159,0,day_type_01,weekday,1/1/2024 18:26,Ipswich,10.0,0,40,109,11367
Fall 2024,CR-Newburyport,Newburyport/Rockport Line,159,0,day_type_01,weekday,1/1/2024 18:32,Rowley,11.0,0,14,95,11368
Fall 2024,CR-Newburyport,Newburyport/Rockport Line,159,0,day_type_01,weekday,1/1/2024 18:44,Newburyport,12.0,0,96,-1,11369
Fall 2024,CR-Newburyport,Newburyport/Rockport Line,160,1,day_type_01,weekday,1/1/2024 17:02,Newburyport,1.0,22,0,22,11370
Fall 2024,CR-Newburyport,Newburyport/Rockport Line,160,1,day_type_01,weekday,1/1/2024 17:07,Rowley,2.0,5,0,27,11371
Fall 2024,CR-Newburyport,Newburyport/Rockport Line,160,1,day_type_01,weekday,1/1/2024 17:13,Ipswich,3.0,22,0,49,11372
Fall 2024,CR-Newburyport,Newburyport/Rockport Line,160,1,day_type_01,weekday,1/1/2024 17:25,Hamilton/Wenham,4.0,3,0,52,11373
Fall 2024,CR-Newburyport,Newburyport/Rockport Line,160,1,day_type_01,weekday,1/1/2024 17:29,North Beverly,5.0,7,0,59,11374
Fall 2024,CR-Newburyport,Newburyport/Rockport Line,160,1,day_type_01,weekday,1/1/2024 17:34,Beverly,6.0,20,8,71,11375
Fall 2024,CR-Newburyport,Newburyport/Rockport Line,160,1,day_type_01,weekday,1/1/2024 17:42,Salem,7.0,9,15,65,11376
Fall 2024,CR-Newburyport,Newburyport/Rockport Line,160,1,day_type_01,weekday,1/1/2024 17:49,Swampscott,8.0,11,3,73,11377
Fall 2024,CR-Newburyport,Newburyport/Rockport Line,160,1,day_type_01,weekday,1/1/2024 17:52,Lynn,9.0,12,8,77,11378
Fall 2024,CR-Newburyport,Newburyport/Rockport Line,160,1,day_type_01,weekday,1/1/2024 17:55,River Works,10.0,1,0,78,11379
Fall 2024,CR-Newburyport,Newburyport/Rockport Line,160,1,day_type_01,weekday,1/1/2024 18:02,Chelsea,11.0,8,7,79,11380
Fall 2024,CR-Newburyport,Newburyport/Rockport Line,160,1,day_type_01,weekday,1/1/2024 18:20,North Station,12.0,0,79,0,11381
Fall 2024,CR-Newburyport,Newburyport/Rockport Line,161,0,day_type_01,weekday,1/1/2024 18:40,North Station,1.0,86,0,86,11382
Fall 2024,CR-Newburyport,Newburyport/Rockport Line,161,0,day_type_01,weekday,1/1/2024 18:51,Chelsea,2.0,1,2,85,11383
Fall 2024,CR-Newburyport,Newburyport/Rockport Line,161,0,day_type_01,weekday,1/1/2024 18:58,River Works,3.0,0,0,85,11384
Fall 2024,CR-Newburyport,Newburyport/Rockport Line,161,0,day_type_01,weekday,1/1/2024 19:01,Lynn,4.0,0,0,85,11385
Fall 2024,CR-Newburyport,Newburyport/Rockport Line,161,0,day_type_01,weekday,1/1/2024 19:04,Swampscott,5.0,0,15,70,11386
Fall 2024,CR-Newburyport,Newburyport/Rockport Line,161,0,day_type_01,weekday,1/1/2024 19:11,Salem,6.0,6,31,45,11387
Fall 2024,CR-Newburyport,Newburyport/Rockport Line,161,0,day_type_01,weekday,1/1/2024 19:15,Beverly,7.0,0,29,16,11388
Fall 2024,CR-Newburyport,Newburyport/Rockport Line,161,0,day_type_01,weekday,1/1/2024 19:19,North Beverly,8.0,0,7,9,11389
Fall 2024,CR-Newburyport,Newburyport/Rockport Line,161,0,day_type_01,weekday,1/1/2024 19:24,Hamilton/Wenham,9.0,0,2,7,11390
Fall 2024,CR-Newburyport,Newburyport/Rockport Line,161,0,day_type_01,weekday,1/1/2024 19:30,Ipswich,10.0,0,5,2,11391
Fall 2024,CR-Newburyport,Newburyport/Rockport Line,161,0,day_type_01,weekday,1/1/2024 19:36,Rowley,11.0,0,2,0,11392
Fall 2024,CR-Newburyport,Newburyport/Rockport Line,161,0,day_type_01,weekday,1/1/2024 19:48,Newburyport,12.0,0,0,0,11393
Fall 2024,CR-Newburyport,Newburyport/Rockport Line,162,1,day_type_01,weekday,1/1/2024 18:59,Newburyport,1.0,13,0,13,11394
Fall 2024,CR-Newburyport,Newburyport/Rockport Line,162,1,day_type_01,weekday,1/1/2024 19:04,Rowley,2.0,0,0,13,11395
Fall 2024,CR-Newburyport,Newburyport/Rockport Line,162,1,day_type_01,weekday,1/1/2024 19:10,Ipswich,3.0,9,1,21,11396
Fall 2024,CR-Newburyport,Newburyport/Rockport Line,162,1,day_type_01,weekday,1/1/2024 19:16,Hamilton/Wenham,4.0,2,0,23,11397
Fall 2024,CR-Newburyport,Newburyport/Rockport Line,162,1,day_type_01,weekday,1/1/2024 19:20,North Beverly,5.0,3,1,25,11398
Fall 2024,CR-Newburyport,Newburyport/Rockport Line,162,1,day_type_01,weekday,1/1/2024 19:25,Beverly,6.0,13,1,37,11399
Fall 2024,CR-Newburyport,Newburyport/Rockport Line,162,1,day_type_01,weekday,1/1/2024 19:29,Salem,7.0,46,10,73,11400
Fall 2024,CR-Newburyport,Newburyport/Rockport Line,162,1,day_type_01,weekday,1/1/2024 19:36,Swampscott,8.0,8,5,76,11401
Fall 2024,CR-Newburyport,Newburyport/Rockport Line,162,1,day_type_01,weekday,1/1/2024 19:39,Lynn,9.0,1,6,71,11402
Fall 2024,CR-Newburyport,Newburyport/Rockport Line,162,1,day_type_01,weekday,1/1/2024 19:42,River Works,10.0,0,0,71,11403
Fall 2024,CR-Newburyport,Newburyport/Rockport Line,162,1,day_type_01,weekday,1/1/2024 19:49,Chelsea,11.0,1,6,66,11404
Fall 2024,CR-Newburyport,Newburyport/Rockport Line,163,0,day_type_01,weekday,1/1/2024 20:59,Rowley,10.0,0,2,7,11405
Fall 2024,CR-Newburyport,Newburyport/Rockport Line,146,1,day_type_01,weekday,1/1/2024 8:44,Chelsea,11.0,7,9,370,11406
Fall 2024,CR-Newburyport,Newburyport/Rockport Line,163,0,day_type_01,weekday,1/1/2024 21:11,Newburyport,11.0,0,7,0,11407
Fall 2024,CR-Newburyport,Newburyport/Rockport Line,164,1,day_type_01,weekday,1/1/2024 21:29,Newburyport,1.0,8,0,8,11408
Fall 2024,CR-Newburyport,Newburyport/Rockport Line,150,1,day_type_01,weekday,1/1/2024 11:00,North Station,11.0,0,100,0,11409
Fall 2024,CR-Newburyport,Newburyport/Rockport Line,146,1,day_type_01,weekday,1/1/2024 9:05,North Station,12.0,0,371,-1,11410
Fall 2024,CR-Newburyport,Newburyport/Rockport Line,155,0,day_type_01,weekday,1/1/2024 15:56,Lynn,4.0,2,20,235,11411
Fall 2024,CR-Haverhill,Haverhill Line,203,0,day_type_01,weekday,1/1/2024 8:26,Malden Center,2.0,9,1,48,11412
Fall 2024,CR-Newburyport,Newburyport/Rockport Line,151,0,day_type_01,weekday,1/1/2024 13:05,North Station,1.0,101,0,101,11413
Fall 2024,CR-Newburyport,Newburyport/Rockport Line,164,1,day_type_01,weekday,1/1/2024 21:34,Rowley,2.0,2,0,10,11414
Fall 2024,CR-Newburyport,Newburyport/Rockport Line,155,0,day_type_01,weekday,1/1/2024 15:59,Swampscott,5.0,3,37,201,11415
Fall 2024,CR-Haverhill,Haverhill Line,203,0,day_type_01,weekday,1/1/2024 8:28,Oak Grove,3.0,1,1,48,11416
Fall 2024,CR-Newburyport,Newburyport/Rockport Line,147,0,day_type_01,weekday,1/1/2024 10:05,North Station,1.0,78,0,78,11417
Fall 2024,CR-Newburyport,Newburyport/Rockport Line,151,0,day_type_01,weekday,1/1/2024 13:16,Chelsea,2.0,4,3,102,11418
Fall 2024,CR-Newburyport,Newburyport/Rockport Line,164,1,day_type_01,weekday,1/1/2024 21:40,Ipswich,3.0,7,0,17,11419
Fall 2024,CR-Newburyport,Newburyport/Rockport Line,155,0,day_type_01,weekday,1/1/2024 16:06,Salem,6.0,6,76,131,11420
Fall 2024,CR-Haverhill,Haverhill Line,203,0,day_type_01,weekday,1/1/2024 8:30,Wyoming Hill,4.0,1,0,49,11421
Fall 2024,CR-Newburyport,Newburyport/Rockport Line,147,0,day_type_01,weekday,1/1/2024 10:16,Chelsea,2.0,17,0,95,11422
Fall 2024,CR-Newburyport,Newburyport/Rockport Line,151,0,day_type_01,weekday,1/1/2024 13:25,Lynn,3.0,12,6,108,11423
Fall 2024,CR-Newburyport,Newburyport/Rockport Line,164,1,day_type_01,weekday,1/1/2024 21:46,Hamilton/Wenham,4.0,3,0,20,11424
Fall 2024,CR-Newburyport,Newburyport/Rockport Line,155,0,day_type_01,weekday,1/1/2024 16:10,Beverly,7.0,2,54,79,11425
Fall 2024,CR-Haverhill,Haverhill Line,203,0,day_type_01,weekday,1/1/2024 8:32,Melrose/Cedar Park,5.0,0,0,49,11426
Fall 2024,CR-Newburyport,Newburyport/Rockport Line,147,0,day_type_01,weekday,1/1/2024 10:25,Lynn,3.0,4,3,96,11427
Fall 2024,CR-Newburyport,Newburyport/Rockport Line,151,0,day_type_01,weekday,1/1/2024 13:28,Swampscott,4.0,4,12,100,11428
Fall 2024,CR-Newburyport,Newburyport/Rockport Line,164,1,day_type_01,weekday,1/1/2024 21:50,North Beverly,5.0,8,0,28,11429
Fall 2024,CR-Newburyport,Newburyport/Rockport Line,155,0,day_type_01,weekday,1/1/2024 16:14,North Beverly,8.0,1,7,73,11430
Fall 2024,CR-Haverhill,Haverhill Line,203,0,day_type_01,weekday,1/1/2024 8:35,Melrose Highlands,6.0,0,0,49,11431
Fall 2024,CR-Newburyport,Newburyport/Rockport Line,147,0,day_type_01,weekday,1/1/2024 10:28,Swampscott,4.0,2,2,96,11432
Fall 2024,CR-Newburyport,Newburyport/Rockport Line,151,0,day_type_01,weekday,1/1/2024 13:35,Salem,5.0,13,43,70,11433
Fall 2024,CR-Newburyport,Newburyport/Rockport Line,164,1,day_type_01,weekday,1/1/2024 21:55,Beverly,6.0,8,0,36,11434
Fall 2024,CR-Haverhill,Haverhill Line,203,0,day_type_01,weekday,1/1/2024 8:38,Greenwood,7.0,0,1,48,11435
Fall 2024,CR-Newburyport,Newburyport/Rockport Line,147,0,day_type_01,weekday,1/1/2024 10:35,Salem,5.0,9,78,27,11436
Fall 2024,CR-Newburyport,Newburyport/Rockport Line,151,0,day_type_01,weekday,1/1/2024 13:39,Beverly,6.0,0,26,44,11437
Fall 2024,CR-Haverhill,Haverhill Line,203,0,day_type_01,weekday,1/1/2024 8:42,Wakefield,8.0,0,2,46,11438
Fall 2024,CR-Newburyport,Newburyport/Rockport Line,164,1,day_type_01,weekday,1/1/2024 21:59,Salem,7.0,6,5,37,11439
Fall 2024,CR-Newburyport,Newburyport/Rockport Line,155,0,day_type_01,weekday,1/1/2024 16:19,Hamilton/Wenham,9.0,0,12,61,11440
Fall 2024,CR-Newburyport,Newburyport/Rockport Line,151,0,day_type_01,weekday,1/1/2024 13:43,North Beverly,7.0,1,9,36,11441
Fall 2024,CR-Haverhill,Haverhill Line,203,0,day_type_01,weekday,1/1/2024 8:48,Reading,9.0,1,9,38,11442
Fall 2024,CR-Newburyport,Newburyport/Rockport Line,147,0,day_type_01,weekday,1/1/2024 10:39,Beverly,6.0,0,7,20,11443
Fall 2024,CR-Newburyport,Newburyport/Rockport Line,155,0,day_type_01,weekday,1/1/2024 16:25,Ipswich,10.0,0,20,41,11444
Fall 2024,CR-Newburyport,Newburyport/Rockport Line,164,1,day_type_01,weekday,1/1/2024 22:06,Swampscott,8.0,4,6,35,11445
Fall 2024,CR-Newburyport,Newburyport/Rockport Line,151,0,day_type_01,weekday,1/1/2024 13:47,Hamilton/Wenham,8.0,1,11,26,11446
Fall 2024,CR-Haverhill,Haverhill Line,203,0,day_type_01,weekday,1/1/2024 8:54,North Wilmington,10.0,1,3,36,11447
Fall 2024,CR-Newburyport,Newburyport/Rockport Line,147,0,day_type_01,weekday,1/1/2024 10:43,North Beverly,7.0,0,8,12,11448
Fall 2024,CR-Newburyport,Newburyport/Rockport Line,155,0,day_type_01,weekday,1/1/2024 16:31,Rowley,11.0,0,6,35,11449
Fall 2024,CR-Newburyport,Newburyport/Rockport Line,164,1,day_type_01,weekday,1/1/2024 22:09,Lynn,9.0,1,21,15,11450
Fall 2024,CR-Newburyport,Newburyport/Rockport Line,151,0,day_type_01,weekday,1/1/2024 13:53,Ipswich,9.0,0,6,20,11451
Fall 2024,CR-Haverhill,Haverhill Line,203,0,day_type_01,weekday,1/1/2024 9:02,Ballardvale,11.0,0,5,31,11452
Fall 2024,CR-Newburyport,Newburyport/Rockport Line,147,0,day_type_01,weekday,1/1/2024 10:47,Hamilton/Wenham,8.0,0,0,12,11453
Fall 2024,CR-Newburyport,Newburyport/Rockport Line,155,0,day_type_01,weekday,1/1/2024 16:43,Newburyport,12.0,0,35,0,11454
Fall 2024,CR-Newburyport,Newburyport/Rockport Line,164,1,day_type_01,weekday,1/1/2024 22:12,River Works,10.0,0,0,15,11455
Fall 2024,CR-Newburyport,Newburyport/Rockport Line,151,0,day_type_01,weekday,1/1/2024 13:59,Rowley,10.0,0,5,15,11456
Fall 2024,CR-Haverhill,Haverhill Line,203,0,day_type_01,weekday,1/1/2024 9:07,Andover,12.0,1,6,26,11457
Fall 2024,CR-Newburyport,Newburyport/Rockport Line,147,0,day_type_01,weekday,1/1/2024 10:53,Ipswich,9.0,0,6,6,11458
Fall 2024,CR-Newburyport,Newburyport/Rockport Line,156,1,day_type_01,weekday,1/1/2024 14:24,Newburyport,1.0,20,0,20,11459
Fall 2024,CR-Newburyport,Newburyport/Rockport Line,164,1,day_type_01,weekday,1/1/2024 22:17,Chelsea,11.0,0,8,7,11460
Fall 2024,CR-Newburyport,Newburyport/Rockport Line,151,0,day_type_01,weekday,1/1/2024 14:11,Newburyport,11.0,0,15,0,11461
Fall 2024,CR-Haverhill,Haverhill Line,203,0,day_type_01,weekday,1/1/2024 9:14,Lawrence,13.0,1,22,5,11462
Fall 2024,CR-Newburyport,Newburyport/Rockport Line,147,0,day_type_01,weekday,1/1/2024 10:59,Rowley,10.0,0,0,6,11463
Fall 2024,CR-Newburyport,Newburyport/Rockport Line,156,1,day_type_01,weekday,1/1/2024 14:29,Rowley,2.0,6,0,26,11464
Fall 2024,CR-Newburyport,Newburyport/Rockport Line,164,1,day_type_01,weekday,1/1/2024 22:35,North Station,12.0,0,6,1,11465
Fall 2024,CR-Haverhill,Haverhill Line,203,0,day_type_01,weekday,1/1/2024 9:32,Bradford,14.0,0,5,0,11466
Fall 2024,CR-Newburyport,Newburyport/Rockport Line,152,1,day_type_01,weekday,1/1/2024 11:24,Newburyport,1.0,12,0,12,11467
Fall 2024,CR-Haverhill,Haverhill Line,204,1,day_type_01,weekday,1/1/2024 7:25,Bradford,1.0,105,0,105,11468
Fall 2024,CR-Newburyport,Newburyport/Rockport Line,147,0,day_type_01,weekday,1/1/2024 11:11,Newburyport,11.0,0,6,0,11469
Fall 2024,CR-Newburyport,Newburyport/Rockport Line,156,1,day_type_01,weekday,1/1/2024 14:35,Ipswich,3.0,2,0,28,11470
Fall 2024,CR-Haverhill,Haverhill Line,204,1,day_type_01,weekday,1/1/2024 7:34,Lawrence,2.0,70,2,173,11471
Fall 2024,CR-Newburyport,Newburyport/Rockport Line,152,1,day_type_01,weekday,1/1/2024 11:29,Rowley,2.0,1,0,13,11472
Fall 2024,CR-Newburyport,Newburyport/Rockport Line,165,0,day_type_01,weekday,1/1/2024 21:50,North Station,1.0,200,0,200,11473
Fall 2024,CR-Newburyport,Newburyport/Rockport Line,152,1,day_type_01,weekday,1/1/2024 11:35,Ipswich,3.0,10,0,23,11474
Fall 2024,CR-Haverhill,Haverhill Line,204,1,day_type_01,weekday,1/1/2024 7:41,Andover,3.0,118,0,291,11475
Fall 2024,CR-Newburyport,Newburyport/Rockport Line,165,0,day_type_01,weekday,1/1/2024 22:01,Chelsea,2.0,6,16,190,11476
Fall 2024,CR-Newburyport,Newburyport/Rockport Line,156,1,day_type_01,weekday,1/1/2024 14:41,Hamilton/Wenham,4.0,0,1,27,11477
Fall 2024,CR-Newburyport,Newburyport/Rockport Line,148,1,day_type_01,weekday,1/1/2024 8:54,Newburyport,1.0,17,0,17,11478
Fall 2024,CR-Newburyport,Newburyport/Rockport Line,152,1,day_type_01,weekday,1/1/2024 11:41,Hamilton/Wenham,4.0,2,0,25,11479
Fall 2024,CR-Haverhill,Haverhill Line,204,1,day_type_01,weekday,1/1/2024 7:46,Ballardvale,4.0,100,1,390,11480
Fall 2024,CR-Newburyport,Newburyport/Rockport Line,165,0,day_type_01,weekday,1/1/2024 22:10,Lynn,3.0,0,26,164,11481
Fall 2024,CR-Newburyport,Newburyport/Rockport Line,156,1,day_type_01,weekday,1/1/2024 14:45,North Beverly,5.0,8,1,34,11482
Fall 2024,CR-Newburyport,Newburyport/Rockport Line,148,1,day_type_01,weekday,1/1/2024 8:59,Rowley,2.0,6,1,22,11483
Fall 2024,CR-Newburyport,Newburyport/Rockport Line,152,1,day_type_01,weekday,1/1/2024 11:45,North Beverly,5.0,2,1,26,11484
Fall 2024,CR-Haverhill,Haverhill Line,204,1,day_type_01,weekday,1/1/2024 7:59,Anderson/Woburn,5.0,75,10,455,11485
Fall 2024,CR-Newburyport,Newburyport/Rockport Line,165,0,day_type_01,weekday,1/1/2024 22:13,Swampscott,4.0,0,20,144,11486
Fall 2024,CR-Newburyport,Newburyport/Rockport Line,156,1,day_type_01,weekday,1/1/2024 14:50,Beverly,6.0,3,1,36,11487
Fall 2024,CR-Newburyport,Newburyport/Rockport Line,148,1,day_type_01,weekday,1/1/2024 9:05,Ipswich,3.0,8,0,30,11488
Fall 2024,CR-Newburyport,Newburyport/Rockport Line,152,1,day_type_01,weekday,1/1/2024 11:50,Beverly,6.0,20,6,40,11489
Fall 2024,CR-Haverhill,Haverhill Line,204,1,day_type_01,weekday,1/1/2024 8:25,North Station,6.0,0,455,0,11490
Fall 2024,CR-Newburyport,Newburyport/Rockport Line,165,0,day_type_01,weekday,1/1/2024 22:20,Salem,5.0,8,50,102,11491
Fall 2024,CR-Newburyport,Newburyport/Rockport Line,156,1,day_type_01,weekday,1/1/2024 14:54,Salem,7.0,34,5,65,11492
Fall 2024,CR-Newburyport,Newburyport/Rockport Line,148,1,day_type_01,weekday,1/1/2024 9:11,Hamilton/Wenham,4.0,10,1,39,11493
Fall 2024,CR-Newburyport,Newburyport/Rockport Line,152,1,day_type_01,weekday,1/1/2024 11:54,Salem,7.0,32,7,65,11494
Fall 2024,CR-Haverhill,Haverhill Line,205,0,day_type_01,weekday,1/1/2024 9:40,North Station,1.0,28,0,28,11495
Fall 2024,CR-Newburyport,Newburyport/Rockport Line,165,0,day_type_01,weekday,1/1/2024 22:24,Beverly,6.0,2,42,62,11496
Fall 2024,CR-Newburyport,Newburyport/Rockport Line,156,1,day_type_01,weekday,1/1/2024 15:01,Swampscott,8.0,3,1,67,11497
Fall 2024,CR-Newburyport,Newburyport/Rockport Line,152,1,day_type_01,weekday,1/1/2024 12:01,Swampscott,8.0,4,0,69,11498
Fall 2024,CR-Newburyport,Newburyport/Rockport Line,148,1,day_type_01,weekday,1/1/2024 9:15,North Beverly,5.0,4,0,43,11499
Fall 2024,CR-Haverhill,Haverhill Line,205,0,day_type_01,weekday,1/1/2024 9:51,Malden Center,2.0,2,0,30,11500
Fall 2024,CR-Newburyport,Newburyport/Rockport Line,165,0,day_type_01,weekday,1/1/2024 22:28,North Beverly,7.0,0,16,46,11501
Fall 2024,CR-Newburyport,Newburyport/Rockport Line,156,1,day_type_01,weekday,1/1/2024 15:04,Lynn,9.0,4,6,65,11502
Fall 2024,CR-Newburyport,Newburyport/Rockport Line,152,1,day_type_01,weekday,1/1/2024 12:04,Lynn,9.0,4,2,71,11503
Fall 2024,CR-Newburyport,Newburyport/Rockport Line,156,1,day_type_01,weekday,1/1/2024 15:07,River Works,10.0,0,1,64,11504
Fall 2024,CR-Newburyport,Newburyport/Rockport Line,148,1,day_type_01,weekday,1/1/2024 9:20,Beverly,6.0,24,2,65,11505
Fall 2024,CR-Newburyport,Newburyport/Rockport Line,165,0,day_type_01,weekday,1/1/2024 22:32,Hamilton/Wenham,8.0,0,4,42,11506
Fall 2024,CR-Haverhill,Haverhill Line,205,0,day_type_01,weekday,1/1/2024 9:53,Oak Grove,3.0,0,0,30,11507
Fall 2024,CR-Newburyport,Newburyport/Rockport Line,152,1,day_type_01,weekday,1/1/2024 12:13,Chelsea,10.0,5,6,70,11508
Fall 2024,CR-Newburyport,Newburyport/Rockport Line,156,1,day_type_01,weekday,1/1/2024 15:14,Chelsea,11.0,1,2,63,11509
Fall 2024,CR-Newburyport,Newburyport/Rockport Line,148,1,day_type_01,weekday,1/1/2024 9:24,Salem,7.0,32,7,90,11510
Fall 2024,CR-Newburyport,Newburyport/Rockport Line,165,0,day_type_01,weekday,1/1/2024 22:38,Ipswich,9.0,0,10,32,11511
Fall 2024,CR-Haverhill,Haverhill Line,205,0,day_type_01,weekday,1/1/2024 9:55,Wyoming Hill,4.0,0,0,30,11512
Fall 2024,CR-Newburyport,Newburyport/Rockport Line,152,1,day_type_01,weekday,1/1/2024 12:30,North Station,11.0,0,70,0,11513
Fall 2024,CR-Newburyport,Newburyport/Rockport Line,156,1,day_type_01,weekday,1/1/2024 15:31,North Station,12.0,0,63,0,11514
Fall 2024,CR-Newburyport,Newburyport/Rockport Line,148,1,day_type_01,weekday,1/1/2024 9:31,Swampscott,8.0,23,0,113,11515
Fall 2024,CR-Newburyport,Newburyport/Rockport Line,165,0,day_type_01,weekday,1/1/2024 22:44,Rowley,10.0,0,2,30,11516
Fall 2024,CR-Haverhill,Haverhill Line,205,0,day_type_01,weekday,1/1/2024 9:57,Melrose/Cedar Park,5.0,2,0,32,11517
Fall 2024,CR-Newburyport,Newburyport/Rockport Line,153,0,day_type_01,weekday,1/1/2024 14:35,North Station,1.0,122,0,122,11518
Fall 2024,CR-Newburyport,Newburyport/Rockport Line,157,0,day_type_01,weekday,1/1/2024 16:30,North Station,1.0,466,0,466,11519
Fall 2024,CR-Newburyport,Newburyport/Rockport Line,148,1,day_type_01,weekday,1/1/2024 9:34,Lynn,9.0,19,3,129,11520
Fall 2024,CR-Newburyport,Newburyport/Rockport Line,165,0,day_type_01,weekday,1/1/2024 22:56,Newburyport,11.0,0,30,0,11521
Fall 2024,CR-Haverhill,Haverhill Line,205,0,day_type_01,weekday,1/1/2024 10:00,Melrose Highlands,6.0,0,0,32,11522
Fall 2024,CR-Newburyport,Newburyport/Rockport Line,153,0,day_type_01,weekday,1/1/2024 14:46,Chelsea,2.0,16,5,133,11523
Fall 2024,CR-Newburyport,Newburyport/Rockport Line,157,0,day_type_01,weekday,1/1/2024 16:41,Chelsea,2.0,8,16,458,11524
Fall 2024,CR-Newburyport,Newburyport/Rockport Line,148,1,day_type_01,weekday,1/1/2024 9:44,Chelsea,10.0,14,3,140,11525
Fall 2024,CR-Newburyport,Newburyport/Rockport Line,167,0,day_type_01,weekday,1/1/2024 0:30,Salem,1.0,12,0,12,11526
Fall 2024,CR-Haverhill,Haverhill Line,205,0,day_type_01,weekday,1/1/2024 10:03,Greenwood,7.0,0,0,32,11527
Fall 2024,CR-Newburyport,Newburyport/Rockport Line,153,0,day_type_01,weekday,1/1/2024 14:53,River Works,3.0,5,0,138,11528
Fall 2024,CR-Newburyport,Newburyport/Rockport Line,157,0,day_type_01,weekday,1/1/2024 16:50,Lynn,3.0,4,12,450,11529
Fall 2024,CR-Newburyport,Newburyport/Rockport Line,157,0,day_type_01,weekday,1/1/2024 16:53,Swampscott,4.0,2,57,395,11530
Fall 2024,CR-Newburyport,Newburyport/Rockport Line,167,0,day_type_01,weekday,1/1/2024 0:34,Beverly,2.0,0,0,12,11531
Fall 2024,CR-Newburyport,Newburyport/Rockport Line,157,0,day_type_01,weekday,1/1/2024 17:00,Salem,5.0,7,129,273,11532
Fall 2024,CR-Newburyport,Newburyport/Rockport Line,148,1,day_type_01,weekday,1/1/2024 10:01,North Station,11.0,0,140,0,11533
Fall 2024,CR-Haverhill,Haverhill Line,205,0,day_type_01,weekday,1/1/2024 10:07,Wakefield,8.0,0,6,26,11534
Fall 2024,CR-Newburyport,Newburyport/Rockport Line,153,0,day_type_01,weekday,1/1/2024 14:56,Lynn,4.0,6,5,139,11535
Fall 2024,CR-Newburyport,Newburyport/Rockport Line,167,0,day_type_01,weekday,1/1/2024 0:38,North Beverly,3.0,0,6,6,11536
Fall 2024,CR-Newburyport,Newburyport/Rockport Line,149,0,day_type_01,weekday,1/1/2024 11:35,North Station,1.0,157,0,157,11537
Fall 2024,CR-Newburyport,Newburyport/Rockport Line,157,0,day_type_01,weekday,1/1/2024 17:04,Beverly,6.0,1,99,175,11538
Fall 2024,CR-Haverhill,Haverhill Line,205,0,day_type_01,weekday,1/1/2024 10:13,Reading,9.0,0,2,24,11539
Fall 2024,CR-Newburyport,Newburyport/Rockport Line,153,0,day_type_01,weekday,1/1/2024 14:59,Swampscott,5.0,1,23,117,11540
Fall 2024,CR-Newburyport,Newburyport/Rockport Line,167,0,day_type_01,weekday,1/1/2024 0:42,Hamilton/Wenham,4.0,0,0,6,11541
Fall 2024,CR-Newburyport,Newburyport/Rockport Line,149,0,day_type_01,weekday,1/1/2024 11:46,Chelsea,2.0,9,1,165,11542
Fall 2024,CR-Newburyport,Newburyport/Rockport Line,157,0,day_type_01,weekday,1/1/2024 17:08,North Beverly,7.0,3,32,146,11543
Fall 2024,CR-Haverhill,Haverhill Line,205,0,day_type_01,weekday,1/1/2024 10:19,North Wilmington,10.0,0,0,24,11544
Fall 2024,CR-Newburyport,Newburyport/Rockport Line,153,0,day_type_01,weekday,1/1/2024 15:06,Salem,6.0,16,45,88,11545
Fall 2024,CR-Newburyport,Newburyport/Rockport Line,167,0,day_type_01,weekday,1/1/2024 0:48,Ipswich,5.0,0,2,4,11546
Fall 2024,CR-Newburyport,Newburyport/Rockport Line,149,0,day_type_01,weekday,1/1/2024 11:55,Lynn,3.0,9,4,170,11547
Fall 2024,CR-Newburyport,Newburyport/Rockport Line,157,0,day_type_01,weekday,1/1/2024 17:13,Hamilton/Wenham,8.0,3,27,122,11548
Fall 2024,CR-Haverhill,Haverhill Line,205,0,day_type_01,weekday,1/1/2024 10:27,Ballardvale,11.0,0,0,24,11549
Fall 2024,CR-Newburyport,Newburyport/Rockport Line,153,0,day_type_01,weekday,1/1/2024 15:10,Beverly,7.0,0,30,58,11550
Fall 2024,CR-Newburyport,Newburyport/Rockport Line,167,0,day_type_01,weekday,1/1/2024 0:54,Rowley,6.0,0,0,4,11551
Fall 2024,CR-Newburyport,Newburyport/Rockport Line,149,0,day_type_01,weekday,1/1/2024 11:58,Swampscott,4.0,2,4,168,11552
Fall 2024,CR-Newburyport,Newburyport/Rockport Line,157,0,day_type_01,weekday,1/1/2024 17:20,Ipswich,9.0,0,43,79,11553
Fall 2024,CR-Haverhill,Haverhill Line,205,0,day_type_01,weekday,1/1/2024 10:32,Andover,12.0,0,6,18,11554
Fall 2024,CR-Newburyport,Newburyport/Rockport Line,153,0,day_type_01,weekday,1/1/2024 15:14,North Beverly,8.0,1,8,51,11555
Fall 2024,CR-Newburyport,Newburyport/Rockport Line,167,0,day_type_01,weekday,1/1/2024 1:06,Newburyport,7.0,0,4,0,11556
Fall 2024,CR-Newburyport,Newburyport/Rockport Line,149,0,day_type_01,weekday,1/1/2024 12:05,Salem,5.0,9,135,42,11557
Fall 2024,CR-Newburyport,Newburyport/Rockport Line,157,0,day_type_01,weekday,1/1/2024 17:26,Rowley,10.0,0,14,65,11558
Fall 2024,CR-Haverhill,Haverhill Line,205,0,day_type_01,weekday,1/1/2024 10:39,Lawrence,13.0,2,8,12,11559
Fall 2024,CR-Newburyport,Newburyport/Rockport Line,153,0,day_type_01,weekday,1/1/2024 15:18,Hamilton/Wenham,9.0,1,10,42,11560
Fall 2024,CR-Newburyport,Newburyport/Rockport Line,191,0,day_type_01,weekday,1/1/2024 9:35,North Station,1.0,81,0,81,11561
Fall 2024,CR-Newburyport,Newburyport/Rockport Line,149,0,day_type_01,weekday,1/1/2024 12:09,Beverly,6.0,6,11,37,11562
Fall 2024,CR-Newburyport,Newburyport/Rockport Line,157,0,day_type_01,weekday,1/1/2024 17:38,Newburyport,11.0,0,65,0,11563
Fall 2024,CR-Newburyport,Newburyport/Rockport Line,158,1,day_type_01,weekday,1/1/2024 15:54,Newburyport,1.0,36,0,36,11564
Fall 2024,CR-Newburyport,Newburyport/Rockport Line,158,1,day_type_01,weekday,1/1/2024 15:59,Rowley,2.0,4,0,40,11565
Fall 2024,CR-Newburyport,Newburyport/Rockport Line,158,1,day_type_01,weekday,1/1/2024 16:05,Ipswich,3.0,11,0,51,11566
Fall 2024,CR-Newburyport,Newburyport/Rockport Line,158,1,day_type_01,weekday,1/1/2024 16:11,Hamilton/Wenham,4.0,8,0,59,11567
Fall 2024,CR-Newburyport,Newburyport/Rockport Line,158,1,day_type_01,weekday,1/1/2024 16:15,North Beverly,5.0,13,1,71,11568
Fall 2024,CR-Newburyport,Newburyport/Rockport Line,158,1,day_type_01,weekday,1/1/2024 16:20,Beverly,6.0,51,3,119,11569
Fall 2024,CR-Newburyport,Newburyport/Rockport Line,158,1,day_type_01,weekday,1/1/2024 16:24,Salem,7.0,105,17,207,11570
Fall 2024,CR-Newburyport,Newburyport/Rockport Line,158,1,day_type_01,weekday,1/1/2024 16:31,Swampscott,8.0,15,5,217,11571
Fall 2024,CR-Newburyport,Newburyport/Rockport Line,158,1,day_type_01,weekday,1/1/2024 16:34,Lynn,9.0,5,17,205,11572
Fall 2024,CR-Haverhill,Haverhill Line,205,0,day_type_01,weekday,1/1/2024 10:57,Bradford,14.0,0,12,0,11573
Fall 2024,CR-Newburyport,Newburyport/Rockport Line,153,0,day_type_01,weekday,1/1/2024 15:24,Ipswich,10.0,0,12,30,11574
Fall 2024,CR-Newburyport,Newburyport/Rockport Line,149,0,day_type_01,weekday,1/1/2024 12:13,North Beverly,7.0,0,5,32,11575
Fall 2024,CR-Haverhill,Haverhill Line,206,1,day_type_01,weekday,1/1/2024 8:35,Bradford,1.0,31,0,31,11576
Fall 2024,CR-Newburyport,Newburyport/Rockport Line,153,0,day_type_01,weekday,1/1/2024 15:30,Rowley,11.0,0,4,26,11577
Fall 2024,CR-Newburyport,Newburyport/Rockport Line,149,0,day_type_01,weekday,1/1/2024 12:17,Hamilton/Wenham,8.0,1,4,29,11578
Fall 2024,CR-Haverhill,Haverhill Line,206,1,day_type_01,weekday,1/1/2024 8:44,Lawrence,2.0,40,2,69,11579
Fall 2024,CR-Newburyport,Newburyport/Rockport Line,153,0,day_type_01,weekday,1/1/2024 15:41,Newburyport,12.0,0,26,0,11580
Fall 2024,CR-Newburyport,Newburyport/Rockport Line,149,0,day_type_01,weekday,1/1/2024 12:23,Ipswich,9.0,0,10,19,11581
Fall 2024,CR-Haverhill,Haverhill Line,206,1,day_type_01,weekday,1/1/2024 8:51,Andover,3.0,16,1,84,11582
Fall 2024,CR-Newburyport,Newburyport/Rockport Line,191,0,day_type_01,weekday,1/1/2024 9:46,Chelsea,2.0,4,1,84,11583
Fall 2024,CR-Newburyport,Newburyport/Rockport Line,154,1,day_type_01,weekday,1/1/2024 12:54,Newburyport,1.0,26,0,26,11584
Fall 2024,CR-Newburyport,Newburyport/Rockport Line,149,0,day_type_01,weekday,1/1/2024 12:29,Rowley,10.0,0,1,18,11585
Fall 2024,CR-Haverhill,Haverhill Line,206,1,day_type_01,weekday,1/1/2024 8:56,Ballardvale,4.0,15,1,98,11586
Fall 2024,CR-Newburyport,Newburyport/Rockport Line,191,0,day_type_01,weekday,1/1/2024 9:55,Lynn,3.0,0,0,84,11587
Fall 2024,CR-Newburyport,Newburyport/Rockport Line,154,1,day_type_01,weekday,1/1/2024 12:59,Rowley,2.0,2,0,28,11588
Fall 2024,CR-Newburyport,Newburyport/Rockport Line,149,0,day_type_01,weekday,1/1/2024 12:41,Newburyport,11.0,0,18,0,11589
Fall 2024,CR-Haverhill,Haverhill Line,206,1,day_type_01,weekday,1/1/2024 9:09,Anderson/Woburn,5.0,18,3,113,11590
Fall 2024,CR-Newburyport,Newburyport/Rockport Line,191,0,day_type_01,weekday,1/1/2024 9:58,Swampscott,4.0,0,2,82,11591
Fall 2024,CR-Newburyport,Newburyport/Rockport Line,154,1,day_type_01,weekday,1/1/2024 13:05,Ipswich,3.0,2,0,30,11592
Fall 2024,CR-Haverhill,Haverhill Line,206,1,day_type_01,weekday,1/1/2024 9:34,North Station,6.0,0,113,0,11593
Fall 2024,CR-Newburyport,Newburyport/Rockport Line,191,0,day_type_01,weekday,1/1/2024 10:05,Salem,5.0,8,74,16,11594
Fall 2024,CR-Newburyport,Newburyport/Rockport Line,154,1,day_type_01,weekday,1/1/2024 13:11,Hamilton/Wenham,4.0,0,0,30,11595
Fall 2024,CR-Newburyport,Newburyport/Rockport Line,191,0,day_type_01,weekday,1/1/2024 10:12,Beverly,6.0,0,16,0,11596
Fall 2024,CR-Haverhill,Haverhill Line,207,0,day_type_01,weekday,1/1/2024 11:10,North Station,1.0,19,0,19,11597
Fall 2024,CR-Newburyport,Newburyport/Rockport Line,192,1,day_type_01,weekday,1/1/2024 10:50,Beverly,1.0,7,0,7,11598
Fall 2024,CR-Newburyport,Newburyport/Rockport Line,154,1,day_type_01,weekday,1/1/2024 13:15,North Beverly,5.0,16,2,44,11599
Fall 2024,CR-Newburyport,Newburyport/Rockport Line,192,1,day_type_01,weekday,1/1/2024 10:54,Salem,2.0,15,6,16,11600
Fall 2024,CR-Haverhill,Haverhill Line,224,1,day_type_01,weekday,1/1/2024 22:05,Wyoming Hill,11.0,0,0,6,11601
Fall 2024,CR-Haverhill,Haverhill Line,220,1,day_type_01,weekday,1/1/2024 19:13,Andover,3.0,9,0,22,11602
Fall 2024,CR-Haverhill,Haverhill Line,224,1,day_type_01,weekday,1/1/2024 22:07,Oak Grove,12.0,0,0,6,11603
Fall 2024,CR-Haverhill,Haverhill Line,224,1,day_type_01,weekday,1/1/2024 22:10,Malden Center,13.0,0,1,5,11604
Fall 2024,CR-Haverhill,Haverhill Line,220,1,day_type_01,weekday,1/1/2024 19:18,Ballardvale,4.0,0,0,22,11605
Fall 2024,CR-Haverhill,Haverhill Line,224,1,day_type_01,weekday,1/1/2024 22:26,North Station,14.0,0,6,-1,11606
Fall 2024,CR-Haverhill,Haverhill Line,283,0,day_type_01,weekday,1/1/2024 7:41,Malden Center,2.0,2,2,8,11607
Fall 2024,CR-Lowell,Lowell Line,317,0,day_type_01,weekday,1/1/2024 12:05,Lowell,8.0,0,38,1,11608
Fall 2024,CR-Lowell,Lowell Line,300,1,day_type_01,weekday,1/1/2024 17:43,North Station,7.0,0,58,0,11609
Fall 2024,CR-Haverhill,Haverhill Line,211,0,day_type_01,weekday,1/1/2024 15:02,Andover,12.0,1,12,38,11610
Fall 2024,CR-Lowell,Lowell Line,308,1,day_type_01,weekday,1/1/2024 7:57,Wedgemere,5.0,67,2,487,11611
Fall 2024,CR-Haverhill,Haverhill Line,220,1,day_type_01,weekday,1/1/2024 19:26,North Wilmington,5.0,0,1,21,11612
Fall 2024,CR-Haverhill,Haverhill Line,225,0,day_type_01,weekday,1/1/2024 23:40,North Station,1.0,16,0,16,11613
Fall 2024,CR-Haverhill,Haverhill Line,215,0,day_type_01,weekday,1/1/2024 16:45,Melrose Highlands,6.0,0,23,316,11614
Fall 2024,CR-Haverhill,Haverhill Line,283,0,day_type_01,weekday,1/1/2024 7:43,Oak Grove,3.0,0,0,8,11615
Fall 2024,CR-Lowell,Lowell Line,320,1,day_type_01,weekday,1/1/2024 12:22,Lowell,1.0,75,0,75,11616
Fall 2024,CR-Lowell,Lowell Line,301,0,day_type_01,weekday,1/1/2024 5:25,North Station,1.0,2,0,2,11617
Fall 2024,CR-Haverhill,Haverhill Line,211,0,day_type_01,weekday,1/1/2024 15:09,Lawrence,13.0,0,18,20,11618
Fall 2024,CR-Lowell,Lowell Line,308,1,day_type_01,weekday,1/1/2024 8:01,West Medford,6.0,48,4,531,11619
Fall 2024,CR-Haverhill,Haverhill Line,220,1,day_type_01,weekday,1/1/2024 19:33,Reading,6.0,0,0,21,11620
Fall 2024,CR-Haverhill,Haverhill Line,225,0,day_type_01,weekday,1/1/2024 23:51,Malden Center,2.0,3,1,18,11621
Fall 2024,CR-Haverhill,Haverhill Line,215,0,day_type_01,weekday,1/1/2024 16:48,Greenwood,7.0,0,15,301,11622
Fall 2024,CR-Haverhill,Haverhill Line,283,0,day_type_01,weekday,1/1/2024 7:45,Wyoming Hill,4.0,0,0,8,11623
Fall 2024,CR-Lowell,Lowell Line,320,1,day_type_01,weekday,1/1/2024 12:30,North Billerica,2.0,17,0,92,11624
Fall 2024,CR-Lowell,Lowell Line,301,0,day_type_01,weekday,1/1/2024 5:36,West Medford,2.0,0,0,2,11625
Fall 2024,CR-Haverhill,Haverhill Line,211,0,day_type_01,weekday,1/1/2024 15:27,Bradford,14.0,0,20,0,11626
Fall 2024,CR-Lowell,Lowell Line,308,1,day_type_01,weekday,1/1/2024 8:15,North Station,7.0,0,531,0,11627
Fall 2024,CR-Haverhill,Haverhill Line,220,1,day_type_01,weekday,1/1/2024 19:39,Wakefield,7.0,2,0,23,11628
Fall 2024,CR-Haverhill,Haverhill Line,225,0,day_type_01,weekday,1/1/2024 23:53,Oak Grove,3.0,0,0,18,11629
Fall 2024,CR-Haverhill,Haverhill Line,215,0,day_type_01,weekday,1/1/2024 16:52,Wakefield,8.0,0,40,261,11630
Fall 2024,CR-Haverhill,Haverhill Line,283,0,day_type_01,weekday,1/1/2024 7:47,Melrose/Cedar Park,5.0,0,2,6,11631
Fall 2024,CR-Lowell,Lowell Line,320,1,day_type_01,weekday,1/1/2024 12:37,Wilmington,3.0,9,0,101,11632
Fall 2024,CR-Lowell,Lowell Line,301,0,day_type_01,weekday,1/1/2024 5:39,Wedgemere,3.0,0,0,2,11633
Fall 2024,CR-Haverhill,Haverhill Line,212,1,day_type_01,weekday,1/1/2024 12:55,Bradford,1.0,16,0,16,11634
Fall 2024,CR-Haverhill,Haverhill Line,212,1,day_type_01,weekday,1/1/2024 13:04,Lawrence,2.0,19,2,33,11635
Fall 2024,CR-Haverhill,Haverhill Line,212,1,day_type_01,weekday,1/1/2024 13:11,Andover,3.0,4,0,37,11636
Fall 2024,CR-Haverhill,Haverhill Line,212,1,day_type_01,weekday,1/1/2024 13:16,Ballardvale,4.0,3,0,40,11637
Fall 2024,CR-Haverhill,Haverhill Line,212,1,day_type_01,weekday,1/1/2024 13:26,North Wilmington,5.0,1,0,41,11638
Fall 2024,CR-Haverhill,Haverhill Line,212,1,day_type_01,weekday,1/1/2024 13:33,Reading,6.0,1,0,42,11639
Fall 2024,CR-Haverhill,Haverhill Line,212,1,day_type_01,weekday,1/1/2024 13:39,Wakefield,7.0,1,0,43,11640
Fall 2024,CR-Haverhill,Haverhill Line,212,1,day_type_01,weekday,1/1/2024 13:42,Greenwood,8.0,0,0,43,11641
Fall 2024,CR-Haverhill,Haverhill Line,212,1,day_type_01,weekday,1/1/2024 13:44,Melrose Highlands,9.0,0,0,43,11642
Fall 2024,CR-Haverhill,Haverhill Line,212,1,day_type_01,weekday,1/1/2024 13:46,Melrose/Cedar Park,10.0,5,1,47,11643
Fall 2024,CR-Haverhill,Haverhill Line,212,1,day_type_01,weekday,1/1/2024 13:48,Wyoming Hill,11.0,1,0,48,11644
Fall 2024,CR-Haverhill,Haverhill Line,212,1,day_type_01,weekday,1/1/2024 13:50,Oak Grove,12.0,0,1,47,11645
Fall 2024,CR-Haverhill,Haverhill Line,212,1,day_type_01,weekday,1/1/2024 13:53,Malden Center,13.0,0,4,43,11646
Fall 2024,CR-Haverhill,Haverhill Line,212,1,day_type_01,weekday,1/1/2024 14:09,North Station,14.0,0,43,0,11647
Fall 2024,CR-Haverhill,Haverhill Line,213,0,day_type_01,weekday,1/1/2024 15:45,North Station,1.0,196,0,196,11648
Fall 2024,CR-Haverhill,Haverhill Line,213,0,day_type_01,weekday,1/1/2024 15:56,Malden Center,2.0,10,6,200,11649
Fall 2024,CR-Haverhill,Haverhill Line,213,0,day_type_01,weekday,1/1/2024 15:58,Oak Grove,3.0,6,3,203,11650
Fall 2024,CR-Haverhill,Haverhill Line,213,0,day_type_01,weekday,1/1/2024 16:00,Wyoming Hill,4.0,2,12,193,11651
Fall 2024,CR-Haverhill,Haverhill Line,213,0,day_type_01,weekday,1/1/2024 16:02,Melrose/Cedar Park,5.0,0,4,189,11652
Fall 2024,CR-Haverhill,Haverhill Line,213,0,day_type_01,weekday,1/1/2024 16:05,Melrose Highlands,6.0,0,20,169,11653
Fall 2024,CR-Haverhill,Haverhill Line,213,0,day_type_01,weekday,1/1/2024 16:08,Greenwood,7.0,0,11,158,11654
Fall 2024,CR-Haverhill,Haverhill Line,213,0,day_type_01,weekday,1/1/2024 16:12,Wakefield,8.0,2,26,134,11655
Fall 2024,CR-Haverhill,Haverhill Line,213,0,day_type_01,weekday,1/1/2024 16:18,Reading,9.0,5,35,104,11656
Fall 2024,CR-Haverhill,Haverhill Line,213,0,day_type_01,weekday,1/1/2024 16:24,North Wilmington,10.0,9,10,103,11657
Fall 2024,CR-Haverhill,Haverhill Line,213,0,day_type_01,weekday,1/1/2024 16:32,Ballardvale,11.0,2,7,98,11658
Fall 2024,CR-Haverhill,Haverhill Line,213,0,day_type_01,weekday,1/1/2024 16:37,Andover,12.0,0,28,70,11659
Fall 2024,CR-Haverhill,Haverhill Line,213,0,day_type_01,weekday,1/1/2024 16:44,Lawrence,13.0,2,57,15,11660
Fall 2024,CR-Haverhill,Haverhill Line,213,0,day_type_01,weekday,1/1/2024 17:04,Bradford,14.0,0,15,0,11661
Fall 2024,CR-Haverhill,Haverhill Line,214,1,day_type_01,weekday,1/1/2024 14:27,Bradford,1.0,11,0,11,11662
Fall 2024,CR-Haverhill,Haverhill Line,214,1,day_type_01,weekday,1/1/2024 14:36,Lawrence,2.0,15,0,26,11663
Fall 2024,CR-Haverhill,Haverhill Line,214,1,day_type_01,weekday,1/1/2024 14:43,Andover,3.0,5,0,31,11664
Fall 2024,CR-Haverhill,Haverhill Line,214,1,day_type_01,weekday,1/1/2024 14:48,Ballardvale,4.0,2,0,33,11665
Fall 2024,CR-Haverhill,Haverhill Line,214,1,day_type_01,weekday,1/1/2024 14:56,North Wilmington,5.0,0,1,32,11666
Fall 2024,CR-Haverhill,Haverhill Line,214,1,day_type_01,weekday,1/1/2024 15:03,Reading,6.0,1,3,30,11667
Fall 2024,CR-Haverhill,Haverhill Line,214,1,day_type_01,weekday,1/1/2024 15:09,Wakefield,7.0,2,0,32,11668
Fall 2024,CR-Haverhill,Haverhill Line,214,1,day_type_01,weekday,1/1/2024 15:12,Greenwood,8.0,1,1,32,11669
Fall 2024,CR-Haverhill,Haverhill Line,214,1,day_type_01,weekday,1/1/2024 15:14,Melrose Highlands,9.0,0,0,32,11670
Fall 2024,CR-Haverhill,Haverhill Line,214,1,day_type_01,weekday,1/1/2024 15:16,Melrose/Cedar Park,10.0,0,0,32,11671
Fall 2024,CR-Haverhill,Haverhill Line,214,1,day_type_01,weekday,1/1/2024 15:18,Wyoming Hill,11.0,0,0,32,11672
Fall 2024,CR-Haverhill,Haverhill Line,214,1,day_type_01,weekday,1/1/2024 15:20,Oak Grove,12.0,0,3,29,11673
Fall 2024,CR-Haverhill,Haverhill Line,214,1,day_type_01,weekday,1/1/2024 15:23,Malden Center,13.0,0,7,22,11674
Fall 2024,CR-Haverhill,Haverhill Line,214,1,day_type_01,weekday,1/1/2024 15:39,North Station,14.0,0,22,0,11675
Fall 2024,CR-Haverhill,Haverhill Line,215,0,day_type_01,weekday,1/1/2024 16:25,North Station,1.0,379,0,379,11676
Fall 2024,CR-Haverhill,Haverhill Line,215,0,day_type_01,weekday,1/1/2024 16:36,Malden Center,2.0,5,15,369,11677
Fall 2024,CR-Haverhill,Haverhill Line,215,0,day_type_01,weekday,1/1/2024 16:38,Oak Grove,3.0,3,15,357,11678
Fall 2024,CR-Haverhill,Haverhill Line,215,0,day_type_01,weekday,1/1/2024 16:40,Wyoming Hill,4.0,2,11,348,11679
Fall 2024,CR-Haverhill,Haverhill Line,215,0,day_type_01,weekday,1/1/2024 16:42,Melrose/Cedar Park,5.0,0,9,339,11680
Fall 2024,CR-Haverhill,Haverhill Line,283,0,day_type_01,weekday,1/1/2024 7:50,Melrose Highlands,6.0,0,0,6,11681
Fall 2024,CR-Lowell,Lowell Line,309,0,day_type_01,weekday,1/1/2024 7:35,North Station,1.0,48,0,48,11682
Fall 2024,CR-Lowell,Lowell Line,320,1,day_type_01,weekday,1/1/2024 12:41,Anderson/Woburn,4.0,22,4,119,11683
Fall 2024,CR-Haverhill,Haverhill Line,220,1,day_type_01,weekday,1/1/2024 19:42,Greenwood,8.0,0,0,23,11684
Fall 2024,CR-Lowell,Lowell Line,301,0,day_type_01,weekday,1/1/2024 5:46,Anderson/Woburn,4.0,0,0,2,11685
Fall 2024,CR-Haverhill,Haverhill Line,215,0,day_type_01,weekday,1/1/2024 16:58,Reading,9.0,0,76,185,11686
Fall 2024,CR-Lowell,Lowell Line,309,0,day_type_01,weekday,1/1/2024 7:46,West Medford,2.0,8,1,55,11687
Fall 2024,CR-Lowell,Lowell Line,320,1,day_type_01,weekday,1/1/2024 12:47,Winchester Center,5.0,2,1,120,11688
Fall 2024,CR-Haverhill,Haverhill Line,283,0,day_type_01,weekday,1/1/2024 7:53,Greenwood,7.0,0,2,4,11689
Fall 2024,CR-Haverhill,Haverhill Line,220,1,day_type_01,weekday,1/1/2024 19:44,Melrose Highlands,9.0,0,0,23,11690
Fall 2024,CR-Lowell,Lowell Line,309,0,day_type_01,weekday,1/1/2024 7:49,Wedgemere,3.0,3,1,57,11691
Fall 2024,CR-Haverhill,Haverhill Line,225,0,day_type_01,weekday,1/1/2024 23:55,Wyoming Hill,4.0,0,0,18,11692
Fall 2024,CR-Haverhill,Haverhill Line,283,0,day_type_01,weekday,1/1/2024 7:57,Wakefield,8.0,0,0,4,11693
Fall 2024,CR-Haverhill,Haverhill Line,220,1,day_type_01,weekday,1/1/2024 19:46,Melrose/Cedar Park,10.0,0,0,23,11694
Fall 2024,CR-Lowell,Lowell Line,309,0,day_type_01,weekday,1/1/2024 7:51,Winchester Center,4.0,4,0,61,11695
Fall 2024,CR-Haverhill,Haverhill Line,215,0,day_type_01,weekday,1/1/2024 17:05,North Wilmington,10.0,1,6,180,11696
Fall 2024,CR-Lowell,Lowell Line,301,0,day_type_01,weekday,1/1/2024 5:49,Wilmington,5.0,0,0,2,11697
Fall 2024,CR-Lowell,Lowell Line,320,1,day_type_01,weekday,1/1/2024 12:48,Wedgemere,6.0,4,4,120,11698
Fall 2024,CR-Haverhill,Haverhill Line,225,0,day_type_01,weekday,1/1/2024 23:57,Melrose/Cedar Park,5.0,1,0,19,11699
Fall 2024,CR-Haverhill,Haverhill Line,283,0,day_type_01,weekday,1/1/2024 8:05,Reading,9.0,0,4,0,11700
Fall 2024,CR-Haverhill,Haverhill Line,220,1,day_type_01,weekday,1/1/2024 19:48,Wyoming Hill,11.0,0,0,23,11701
Fall 2024,CR-Lowell,Lowell Line,309,0,day_type_01,weekday,1/1/2024 7:58,Anderson/Woburn,5.0,3,24,40,11702
Fall 2024,CR-Haverhill,Haverhill Line,215,0,day_type_01,weekday,1/1/2024 17:13,Ballardvale,11.0,1,22,159,11703
Fall 2024,CR-Lowell,Lowell Line,301,0,day_type_01,weekday,1/1/2024 5:58,North Billerica,6.0,0,0,2,11704
Fall 2024,CR-Lowell,Lowell Line,320,1,day_type_01,weekday,1/1/2024 12:51,West Medford,7.0,19,9,130,11705
Fall 2024,CR-Haverhill,Haverhill Line,225,0,day_type_01,weekday,1/1/2024,Melrose Highlands,6.0,0,0,19,11706
Fall 2024,CR-Haverhill,Haverhill Line,284,1,day_type_01,weekday,1/1/2024 8:18,Reading,1.0,71,0,71,11707
Fall 2024,CR-Haverhill,Haverhill Line,220,1,day_type_01,weekday,1/1/2024 19:50,Oak Grove,12.0,0,2,21,11708
Fall 2024,CR-Lowell,Lowell Line,309,0,day_type_01,weekday,1/1/2024 8:01,Wilmington,6.0,0,6,34,11709
Fall 2024,CR-Haverhill,Haverhill Line,215,0,day_type_01,weekday,1/1/2024 17:18,Andover,12.0,0,48,111,11710
Fall 2024,CR-Haverhill,Haverhill Line,215,0,day_type_01,weekday,1/1/2024 17:25,Lawrence,13.0,0,48,63,11711
Fall 2024,CR-Haverhill,Haverhill Line,215,0,day_type_01,weekday,1/1/2024 17:46,Bradford,14.0,0,63,0,11712
Fall 2024,CR-Haverhill,Haverhill Line,216,1,day_type_01,weekday,1/1/2024 16:02,Bradford,1.0,8,0,8,11713
Fall 2024,CR-Haverhill,Haverhill Line,216,1,day_type_01,weekday,1/1/2024 16:11,Lawrence,2.0,20,2,26,11714
Fall 2024,CR-Haverhill,Haverhill Line,216,1,day_type_01,weekday,1/1/2024 16:18,Andover,3.0,13,1,38,11715
Fall 2024,CR-Haverhill,Haverhill Line,216,1,day_type_01,weekday,1/1/2024 16:23,Ballardvale,4.0,1,0,39,11716
Fall 2024,CR-Haverhill,Haverhill Line,216,1,day_type_01,weekday,1/1/2024 16:34,Anderson/Woburn,5.0,2,0,41,11717
Fall 2024,CR-Haverhill,Haverhill Line,216,1,day_type_01,weekday,1/1/2024 16:59,North Station,6.0,0,41,0,11718
Fall 2024,CR-Haverhill,Haverhill Line,217,0,day_type_01,weekday,1/1/2024 17:35,North Station,1.0,307,0,307,11719
Fall 2024,CR-Haverhill,Haverhill Line,217,0,day_type_01,weekday,1/1/2024 18:07,Ballardvale,2.0,0,62,245,11720
Fall 2024,CR-Haverhill,Haverhill Line,217,0,day_type_01,weekday,1/1/2024 18:12,Andover,3.0,0,87,158,11721
Fall 2024,CR-Haverhill,Haverhill Line,217,0,day_type_01,weekday,1/1/2024 18:19,Lawrence,4.0,0,77,81,11722
Fall 2024,CR-Haverhill,Haverhill Line,217,0,day_type_01,weekday,1/1/2024 18:40,Bradford,5.0,0,81,0,11723
Fall 2024,CR-Haverhill,Haverhill Line,218,1,day_type_01,weekday,1/1/2024 17:35,Bradford,1.0,10,0,10,11724
Fall 2024,CR-Haverhill,Haverhill Line,218,1,day_type_01,weekday,1/1/2024 17:42,Lawrence,2.0,17,0,27,11725
Fall 2024,CR-Haverhill,Haverhill Line,218,1,day_type_01,weekday,1/1/2024 17:49,Andover,3.0,8,0,35,11726
Fall 2024,CR-Haverhill,Haverhill Line,218,1,day_type_01,weekday,1/1/2024 17:54,Ballardvale,4.0,3,0,38,11727
Fall 2024,CR-Haverhill,Haverhill Line,218,1,day_type_01,weekday,1/1/2024 18:01,North Wilmington,5.0,1,0,39,11728
Fall 2024,CR-Haverhill,Haverhill Line,218,1,day_type_01,weekday,1/1/2024 18:08,Reading,6.0,8,0,47,11729
Fall 2024,CR-Haverhill,Haverhill Line,218,1,day_type_01,weekday,1/1/2024 18:14,Wakefield,7.0,7,4,50,11730
Fall 2024,CR-Haverhill,Haverhill Line,218,1,day_type_01,weekday,1/1/2024 18:17,Greenwood,8.0,2,2,50,11731
Fall 2024,CR-Haverhill,Haverhill Line,218,1,day_type_01,weekday,1/1/2024 18:19,Melrose Highlands,9.0,0,3,47,11732
Fall 2024,CR-Haverhill,Haverhill Line,218,1,day_type_01,weekday,1/1/2024 18:21,Melrose/Cedar Park,10.0,0,0,47,11733
Fall 2024,CR-Haverhill,Haverhill Line,218,1,day_type_01,weekday,1/1/2024 18:23,Wyoming Hill,11.0,0,0,47,11734
Fall 2024,CR-Haverhill,Haverhill Line,218,1,day_type_01,weekday,1/1/2024 18:25,Oak Grove,12.0,0,1,46,11735
Fall 2024,CR-Haverhill,Haverhill Line,218,1,day_type_01,weekday,1/1/2024 18:28,Malden Center,13.0,0,11,35,11736
Fall 2024,CR-Haverhill,Haverhill Line,218,1,day_type_01,weekday,1/1/2024 18:44,North Station,14.0,0,35,0,11737
Fall 2024,CR-Haverhill,Haverhill Line,219,0,day_type_01,weekday,1/1/2024 18:40,North Station,1.0,117,0,117,11738
Fall 2024,CR-Haverhill,Haverhill Line,219,0,day_type_01,weekday,1/1/2024 18:51,Malden Center,2.0,4,1,120,11739
Fall 2024,CR-Haverhill,Haverhill Line,219,0,day_type_01,weekday,1/1/2024 18:53,Oak Grove,3.0,0,2,118,11740
Fall 2024,CR-Haverhill,Haverhill Line,219,0,day_type_01,weekday,1/1/2024 18:55,Wyoming Hill,4.0,0,5,113,11741
Fall 2024,CR-Haverhill,Haverhill Line,219,0,day_type_01,weekday,1/1/2024 18:57,Melrose/Cedar Park,5.0,0,3,110,11742
Fall 2024,CR-Haverhill,Haverhill Line,219,0,day_type_01,weekday,1/1/2024 19:00,Melrose Highlands,6.0,0,11,99,11743
Fall 2024,CR-Haverhill,Haverhill Line,219,0,day_type_01,weekday,1/1/2024 19:03,Greenwood,7.0,0,4,95,11744
Fall 2024,CR-Haverhill,Haverhill Line,219,0,day_type_01,weekday,1/1/2024 19:07,Wakefield,8.0,0,16,79,11745
Fall 2024,CR-Haverhill,Haverhill Line,219,0,day_type_01,weekday,1/1/2024 19:13,Reading,9.0,1,15,65,11746
Fall 2024,CR-Haverhill,Haverhill Line,219,0,day_type_01,weekday,1/1/2024 19:19,North Wilmington,10.0,1,2,64,11747
Fall 2024,CR-Haverhill,Haverhill Line,219,0,day_type_01,weekday,1/1/2024 19:27,Ballardvale,11.0,2,11,55,11748
Fall 2024,CR-Haverhill,Haverhill Line,219,0,day_type_01,weekday,1/1/2024 19:32,Andover,12.0,0,18,37,11749
Fall 2024,CR-Haverhill,Haverhill Line,219,0,day_type_01,weekday,1/1/2024 19:39,Lawrence,13.0,0,31,6,11750
Fall 2024,CR-Haverhill,Haverhill Line,219,0,day_type_01,weekday,1/1/2024 19:59,Bradford,14.0,0,6,0,11751
Fall 2024,CR-Haverhill,Haverhill Line,220,1,day_type_01,weekday,1/1/2024 18:57,Bradford,1.0,5,0,5,11752
Fall 2024,CR-Haverhill,Haverhill Line,220,1,day_type_01,weekday,1/1/2024 19:06,Lawrence,2.0,8,0,13,11753
Fall 2024,CR-Haverhill,Haverhill Line,225,0,day_type_01,weekday,1/1/2024 0:03,Greenwood,7.0,0,0,19,11754
Fall 2024,CR-Lowell,Lowell Line,320,1,day_type_01,weekday,1/1/2024 13:05,North Station,8.0,0,130,0,11755
Fall 2024,CR-Lowell,Lowell Line,301,0,day_type_01,weekday,1/1/2024 6:10,Lowell,7.0,0,2,0,11756
Fall 2024,CR-Haverhill,Haverhill Line,284,1,day_type_01,weekday,1/1/2024 8:24,Wakefield,2.0,40,0,111,11757
Fall 2024,CR-Lowell,Lowell Line,309,0,day_type_01,weekday,1/1/2024 8:10,North Billerica,7.0,1,11,24,11758
Fall 2024,CR-Haverhill,Haverhill Line,225,0,day_type_01,weekday,1/1/2024 0:07,Wakefield,8.0,0,3,16,11759
Fall 2024,CR-Haverhill,Haverhill Line,220,1,day_type_01,weekday,1/1/2024 19:53,Malden Center,13.0,0,4,17,11760
Fall 2024,CR-Lowell,Lowell Line,302,1,day_type_01,weekday,1/1/2024 5:45,Lowell,1.0,52,0,52,11761
Fall 2024,CR-Haverhill,Haverhill Line,284,1,day_type_01,weekday,1/1/2024 8:27,Greenwood,3.0,12,0,123,11762
Fall 2024,CR-Lowell,Lowell Line,309,0,day_type_01,weekday,1/1/2024 8:22,Lowell,8.0,0,24,0,11763
Fall 2024,CR-Lowell,Lowell Line,321,0,day_type_01,weekday,1/1/2024 13:20,North Station,1.0,118,0,118,11764
Fall 2024,CR-Haverhill,Haverhill Line,225,0,day_type_01,weekday,1/1/2024 0:13,Reading,9.0,0,4,12,11765
Fall 2024,CR-Haverhill,Haverhill Line,220,1,day_type_01,weekday,1/1/2024 20:09,North Station,14.0,0,17,0,11766
Fall 2024,CR-Lowell,Lowell Line,302,1,day_type_01,weekday,1/1/2024 5:53,North Billerica,2.0,33,0,85,11767
Fall 2024,CR-Haverhill,Haverhill Line,284,1,day_type_01,weekday,1/1/2024 8:29,Melrose Highlands,4.0,33,0,156,11768
Fall 2024,CR-Lowell,Lowell Line,310,1,day_type_01,weekday,1/1/2024 8:05,Lowell,1.0,59,0,59,11769
Fall 2024,CR-Lowell,Lowell Line,321,0,day_type_01,weekday,1/1/2024 13:31,West Medford,2.0,2,10,110,11770
Fall 2024,CR-Haverhill,Haverhill Line,225,0,day_type_01,weekday,1/1/2024 0:19,North Wilmington,10.0,0,0,12,11771
Fall 2024,CR-Haverhill,Haverhill Line,221,0,day_type_01,weekday,1/1/2024 19:30,North Station,1.0,93,0,93,11772
Fall 2024,CR-Lowell,Lowell Line,302,1,day_type_01,weekday,1/1/2024 6:01,Wilmington,3.0,19,0,104,11773
Fall 2024,CR-Haverhill,Haverhill Line,284,1,day_type_01,weekday,1/1/2024 8:31,Melrose/Cedar Park,5.0,16,0,172,11774
Fall 2024,CR-Lowell,Lowell Line,310,1,day_type_01,weekday,1/1/2024 8:13,North Billerica,2.0,74,1,132,11775
Fall 2024,CR-Lowell,Lowell Line,321,0,day_type_01,weekday,1/1/2024 13:34,Wedgemere,3.0,2,11,101,11776
Fall 2024,CR-Haverhill,Haverhill Line,225,0,day_type_01,weekday,1/1/2024 0:26,Ballardvale,11.0,0,0,12,11777
Fall 2024,CR-Haverhill,Haverhill Line,221,0,day_type_01,weekday,1/1/2024 19:41,Malden Center,2.0,1,3,91,11778
Fall 2024,CR-Lowell,Lowell Line,302,1,day_type_01,weekday,1/1/2024 6:06,Anderson/Woburn,4.0,9,0,113,11779
Fall 2024,CR-Haverhill,Haverhill Line,284,1,day_type_01,weekday,1/1/2024 8:33,Wyoming Hill,6.0,10,0,182,11780
Fall 2024,CR-Lowell,Lowell Line,310,1,day_type_01,weekday,1/1/2024 8:21,Wilmington,3.0,50,2,180,11781
Fall 2024,CR-Lowell,Lowell Line,321,0,day_type_01,weekday,1/1/2024 13:36,Winchester Center,4.0,0,1,100,11782
Fall 2024,CR-Haverhill,Haverhill Line,225,0,day_type_01,weekday,1/1/2024 0:31,Andover,12.0,0,1,11,11783
Fall 2024,CR-Haverhill,Haverhill Line,221,0,day_type_01,weekday,1/1/2024 19:43,Oak Grove,3.0,0,2,89,11784
Fall 2024,CR-Lowell,Lowell Line,302,1,day_type_01,weekday,1/1/2024 6:12,Winchester Center,5.0,4,0,117,11785
Fall 2024,CR-Lowell,Lowell Line,310,1,day_type_01,weekday,1/1/2024 8:25,Anderson/Woburn,4.0,89,4,265,11786
Fall 2024,CR-Haverhill,Haverhill Line,221,0,day_type_01,weekday,1/1/2024 19:45,Wyoming Hill,4.0,2,4,87,11787
Fall 2024,CR-Lowell,Lowell Line,310,1,day_type_01,weekday,1/1/2024 8:32,Winchester Center,5.0,31,0,296,11788
Fall 2024,CR-Haverhill,Haverhill Line,284,1,day_type_01,weekday,1/1/2024 8:35,Oak Grove,7.0,4,0,186,11789
Fall 2024,CR-Haverhill,Haverhill Line,225,0,day_type_01,weekday,1/1/2024 0:38,Lawrence,13.0,0,7,4,11790
Fall 2024,CR-Lowell,Lowell Line,321,0,day_type_01,weekday,1/1/2024 13:41,Anderson/Woburn,5.0,3,22,81,11791
Fall 2024,CR-Lowell,Lowell Line,302,1,day_type_01,weekday,1/1/2024 6:14,Wedgemere,6.0,14,0,131,11792
Fall 2024,CR-Haverhill,Haverhill Line,284,1,day_type_01,weekday,1/1/2024 8:38,Malden Center,8.0,17,2,201,11793
Fall 2024,CR-Haverhill,Haverhill Line,225,0,day_type_01,weekday,1/1/2024 0:56,Bradford,14.0,0,4,0,11794
Fall 2024,CR-Lowell,Lowell Line,321,0,day_type_01,weekday,1/1/2024 13:44,Wilmington,6.0,0,14,67,11795
Fall 2024,CR-Haverhill,Haverhill Line,221,0,day_type_01,weekday,1/1/2024 19:47,Melrose/Cedar Park,5.0,0,3,84,11796
Fall 2024,CR-Lowell,Lowell Line,310,1,day_type_01,weekday,1/1/2024 8:34,Wedgemere,6.0,40,0,336,11797
Fall 2024,CR-Lowell,Lowell Line,302,1,day_type_01,weekday,1/1/2024 6:18,West Medford,7.0,17,1,147,11798
Fall 2024,CR-Haverhill,Haverhill Line,284,1,day_type_01,weekday,1/1/2024 8:55,North Station,9.0,0,201,0,11799
Fall 2024,CR-Haverhill,Haverhill Line,280,1,day_type_01,weekday,1/1/2024 4:51,Lawrence,1.0,10,0,10,11800
Fall 2024,CR-Lowell,Lowell Line,321,0,day_type_01,weekday,1/1/2024 13:53,North Billerica,7.0,0,23,44,11801
Fall 2024,CR-Haverhill,Haverhill Line,221,0,day_type_01,weekday,1/1/2024 19:50,Melrose Highlands,6.0,1,4,81,11802
Fall 2024,CR-Lowell,Lowell Line,310,1,day_type_01,weekday,1/1/2024 8:38,West Medford,7.0,76,1,411,11803
Fall 2024,CR-Haverhill,Haverhill Line,295,0,day_type_01,weekday,1/1/2024 17:10,North Station,1.0,278,0,278,11804
Fall 2024,CR-Lowell,Lowell Line,302,1,day_type_01,weekday,1/1/2024 6:31,North Station,8.0,0,147,0,11805
Fall 2024,CR-Haverhill,Haverhill Line,280,1,day_type_01,weekday,1/1/2024 4:58,Andover,2.0,5,0,15,11806
Fall 2024,CR-Lowell,Lowell Line,321,0,day_type_01,weekday,1/1/2024 14:07,Lowell,8.0,0,43,1,11807
Fall 2024,CR-Haverhill,Haverhill Line,221,0,day_type_01,weekday,1/1/2024 19:53,Greenwood,7.0,0,2,79,11808
Fall 2024,CR-Lowell,Lowell Line,310,1,day_type_01,weekday,1/1/2024 8:52,North Station,8.0,0,411,0,11809
Fall 2024,CR-Haverhill,Haverhill Line,295,0,day_type_01,weekday,1/1/2024 17:21,Malden Center,2.0,2,18,262,11810
Fall 2024,CR-Lowell,Lowell Line,304,1,day_type_01,weekday,1/1/2024 6:25,Lowell,1.0,60,0,60,11811
Fall 2024,CR-Haverhill,Haverhill Line,280,1,day_type_01,weekday,1/1/2024 5:03,Ballardvale,3.0,2,0,17,11812
Fall 2024,CR-Lowell,Lowell Line,324,1,day_type_01,weekday,1/1/2024 14:22,Lowell,1.0,61,0,61,11813
Fall 2024,CR-Haverhill,Haverhill Line,221,0,day_type_01,weekday,1/1/2024 19:57,Wakefield,8.0,0,8,71,11814
Fall 2024,CR-Lowell,Lowell Line,312,1,day_type_01,weekday,1/1/2024 8:40,Lowell,1.0,64,0,64,11815
Fall 2024,CR-Haverhill,Haverhill Line,295,0,day_type_01,weekday,1/1/2024 17:23,Oak Grove,3.0,0,10,252,11816
Fall 2024,CR-Lowell,Lowell Line,304,1,day_type_01,weekday,1/1/2024 6:33,North Billerica,2.0,57,0,117,11817
Fall 2024,CR-Haverhill,Haverhill Line,280,1,day_type_01,weekday,1/1/2024 5:11,North Wilmington,4.0,6,2,21,11818
Fall 2024,CR-Lowell,Lowell Line,324,1,day_type_01,weekday,1/1/2024 14:30,North Billerica,2.0,8,0,69,11819
Fall 2024,CR-Haverhill,Haverhill Line,221,0,day_type_01,weekday,1/1/2024 20:03,Reading,9.0,2,12,61,11820
Fall 2024,CR-Lowell,Lowell Line,312,1,day_type_01,weekday,1/1/2024 8:48,North Billerica,2.0,45,0,109,11821
Fall 2024,CR-Lowell,Lowell Line,304,1,day_type_01,weekday,1/1/2024 6:41,Wilmington,3.0,41,0,158,11822
Fall 2024,CR-Lowell,Lowell Line,312,1,day_type_01,weekday,1/1/2024 8:55,Wilmington,3.0,26,0,135,11823
Fall 2024,CR-Haverhill,Haverhill Line,280,1,day_type_01,weekday,1/1/2024 5:18,Reading,5.0,9,0,30,11824
Fall 2024,CR-Lowell,Lowell Line,304,1,day_type_01,weekday,1/1/2024 6:45,Anderson/Woburn,4.0,62,0,220,11825
Fall 2024,CR-Haverhill,Haverhill Line,295,0,day_type_01,weekday,1/1/2024 17:25,Wyoming Hill,4.0,0,21,231,11826
Fall 2024,CR-Lowell,Lowell Line,324,1,day_type_01,weekday,1/1/2024 14:37,Wilmington,3.0,8,1,76,11827
Fall 2024,CR-Haverhill,Haverhill Line,221,0,day_type_01,weekday,1/1/2024 20:09,North Wilmington,10.0,0,1,60,11828
Fall 2024,CR-Lowell,Lowell Line,304,1,day_type_01,weekday,1/1/2024 6:52,Wedgemere,5.0,40,1,259,11829
Fall 2024,CR-Lowell,Lowell Line,324,1,day_type_01,weekday,1/1/2024 14:41,Anderson/Woburn,4.0,10,3,83,11830
Fall 2024,CR-Haverhill,Haverhill Line,280,1,day_type_01,weekday,1/1/2024 5:24,Wakefield,6.0,13,0,43,11831
Fall 2024,CR-Haverhill,Haverhill Line,295,0,day_type_01,weekday,1/1/2024 17:27,Melrose/Cedar Park,5.0,0,13,218,11832
Fall 2024,CR-Lowell,Lowell Line,312,1,day_type_01,weekday,1/1/2024 8:59,Anderson/Woburn,4.0,39,1,173,11833
Fall 2024,CR-Haverhill,Haverhill Line,221,0,day_type_01,weekday,1/1/2024 20:17,Ballardvale,11.0,0,7,53,11834
Fall 2024,CR-Lowell,Lowell Line,304,1,day_type_01,weekday,1/1/2024 6:56,West Medford,6.0,40,2,297,11835
Fall 2024,CR-Lowell,Lowell Line,324,1,day_type_01,weekday,1/1/2024 14:47,Winchester Center,5.0,0,0,83,11836
Fall 2024,CR-Haverhill,Haverhill Line,280,1,day_type_01,weekday,1/1/2024 5:27,Greenwood,7.0,9,0,52,11837
Fall 2024,CR-Haverhill,Haverhill Line,295,0,day_type_01,weekday,1/1/2024 17:30,Melrose Highlands,6.0,0,41,177,11838
Fall 2024,CR-Lowell,Lowell Line,312,1,day_type_01,weekday,1/1/2024 9:05,Winchester Center,5.0,20,1,192,11839
Fall 2024,CR-Haverhill,Haverhill Line,221,0,day_type_01,weekday,1/1/2024 20:22,Andover,12.0,0,16,37,11840
Fall 2024,CR-Lowell,Lowell Line,304,1,day_type_01,weekday,1/1/2024 7:10,North Station,7.0,0,297,0,11841
Fall 2024,CR-Lowell,Lowell Line,324,1,day_type_01,weekday,1/1/2024 14:48,Wedgemere,6.0,5,2,86,11842
Fall 2024,CR-Haverhill,Haverhill Line,280,1,day_type_01,weekday,1/1/2024 5:29,Melrose Highlands,8.0,7,0,59,11843
Fall 2024,CR-Haverhill,Haverhill Line,295,0,day_type_01,weekday,1/1/2024 17:33,Greenwood,7.0,0,18,159,11844
Fall 2024,CR-Lowell,Lowell Line,312,1,day_type_01,weekday,1/1/2024 9:06,Wedgemere,6.0,20,2,210,11845
Fall 2024,CR-Haverhill,Haverhill Line,221,0,day_type_01,weekday,1/1/2024 20:29,Lawrence,13.0,0,18,19,11846
Fall 2024,CR-Lowell,Lowell Line,305,0,day_type_01,weekday,1/1/2024 6:25,North Station,1.0,15,0,15,11847
Fall 2024,CR-Lowell,Lowell Line,324,1,day_type_01,weekday,1/1/2024 14:51,West Medford,7.0,8,3,91,11848
Fall 2024,CR-Haverhill,Haverhill Line,280,1,day_type_01,weekday,1/1/2024 5:31,Melrose/Cedar Park,9.0,7,1,65,11849
Fall 2024,CR-Haverhill,Haverhill Line,295,0,day_type_01,weekday,1/1/2024 17:37,Wakefield,8.0,0,66,93,11850
Fall 2024,CR-Lowell,Lowell Line,312,1,day_type_01,weekday,1/1/2024 9:10,West Medford,7.0,27,2,235,11851
Fall 2024,CR-Haverhill,Haverhill Line,221,0,day_type_01,weekday,1/1/2024 20:47,Bradford,14.0,0,19,0,11852
Fall 2024,CR-Lowell,Lowell Line,305,0,day_type_01,weekday,1/1/2024 6:36,West Medford,2.0,3,1,17,11853
Fall 2024,CR-Lowell,Lowell Line,324,1,day_type_01,weekday,1/1/2024 15:05,North Station,8.0,0,91,0,11854
Fall 2024,CR-Haverhill,Haverhill Line,280,1,day_type_01,weekday,1/1/2024 5:33,Wyoming Hill,10.0,1,1,65,11855
Fall 2024,CR-Haverhill,Haverhill Line,295,0,day_type_01,weekday,1/1/2024 17:45,Reading,9.0,0,93,0,11856
Fall 2024,CR-Lowell,Lowell Line,312,1,day_type_01,weekday,1/1/2024 9:24,North Station,8.0,0,235,0,11857
Fall 2024,CR-Haverhill,Haverhill Line,223,0,day_type_01,weekday,1/1/2024 21:40,North Station,1.0,56,0,56,11858
Fall 2024,CR-Haverhill,Haverhill Line,223,0,day_type_01,weekday,1/1/2024 21:51,Malden Center,2.0,1,0,57,11859
Fall 2024,CR-Haverhill,Haverhill Line,223,0,day_type_01,weekday,1/1/2024 21:53,Oak Grove,3.0,0,1,56,11860
Fall 2024,CR-Haverhill,Haverhill Line,223,0,day_type_01,weekday,1/1/2024 21:55,Wyoming Hill,4.0,0,1,55,11861
Fall 2024,CR-Haverhill,Haverhill Line,223,0,day_type_01,weekday,1/1/2024 21:57,Melrose/Cedar Park,5.0,0,0,55,11862
Fall 2024,CR-Haverhill,Haverhill Line,223,0,day_type_01,weekday,1/1/2024 22:00,Melrose Highlands,6.0,0,2,53,11863
Fall 2024,CR-Haverhill,Haverhill Line,223,0,day_type_01,weekday,1/1/2024 22:03,Greenwood,7.0,0,5,48,11864
Fall 2024,CR-Haverhill,Haverhill Line,223,0,day_type_01,weekday,1/1/2024 22:07,Wakefield,8.0,0,2,46,11865
Fall 2024,CR-Haverhill,Haverhill Line,223,0,day_type_01,weekday,1/1/2024 22:13,Reading,9.0,0,3,43,11866
Fall 2024,CR-Haverhill,Haverhill Line,223,0,day_type_01,weekday,1/1/2024 22:19,North Wilmington,10.0,0,2,41,11867
Fall 2024,CR-Haverhill,Haverhill Line,223,0,day_type_01,weekday,1/1/2024 22:26,Ballardvale,11.0,0,2,39,11868
Fall 2024,CR-Haverhill,Haverhill Line,223,0,day_type_01,weekday,1/1/2024 22:31,Andover,12.0,0,4,35,11869
Fall 2024,CR-Haverhill,Haverhill Line,223,0,day_type_01,weekday,1/1/2024 22:38,Lawrence,13.0,0,20,15,11870
Fall 2024,CR-Haverhill,Haverhill Line,223,0,day_type_01,weekday,1/1/2024 22:56,Bradford,14.0,0,15,0,11871
Fall 2024,CR-Haverhill,Haverhill Line,224,1,day_type_01,weekday,1/1/2024 21:15,Bradford,1.0,2,0,2,11872
Fall 2024,CR-Haverhill,Haverhill Line,224,1,day_type_01,weekday,1/1/2024 21:24,Lawrence,2.0,6,1,7,11873
Fall 2024,CR-Haverhill,Haverhill Line,224,1,day_type_01,weekday,1/1/2024 21:31,Andover,3.0,1,1,7,11874
Fall 2024,CR-Haverhill,Haverhill Line,224,1,day_type_01,weekday,1/1/2024 21:36,Ballardvale,4.0,0,0,7,11875
Fall 2024,CR-Haverhill,Haverhill Line,224,1,day_type_01,weekday,1/1/2024 21:43,North Wilmington,5.0,0,1,6,11876
Fall 2024,CR-Haverhill,Haverhill Line,224,1,day_type_01,weekday,1/1/2024 21:50,Reading,6.0,0,0,6,11877
Fall 2024,CR-Haverhill,Haverhill Line,224,1,day_type_01,weekday,1/1/2024 21:56,Wakefield,7.0,0,0,6,11878
Fall 2024,CR-Haverhill,Haverhill Line,224,1,day_type_01,weekday,1/1/2024 21:59,Greenwood,8.0,0,0,6,11879
Fall 2024,CR-Haverhill,Haverhill Line,224,1,day_type_01,weekday,1/1/2024 22:01,Melrose Highlands,9.0,0,0,6,11880
Fall 2024,CR-Haverhill,Haverhill Line,224,1,day_type_01,weekday,1/1/2024 22:03,Melrose/Cedar Park,10.0,0,0,6,11881
Fall 2024,CR-Lowell,Lowell Line,305,0,day_type_01,weekday,1/1/2024 6:39,Wedgemere,3.0,0,1,16,11882
Fall 2024,CR-Lowell,Lowell Line,325,0,day_type_01,weekday,1/1/2024 15:07,North Station,1.0,190,0,190,11883
Fall 2024,CR-Lowell,Lowell Line,313,0,day_type_01,weekday,1/1/2024 9:20,North Station,1.0,38,0,38,11884
Fall 2024,CR-Haverhill,Haverhill Line,297,0,day_type_01,weekday,1/1/2024 17:55,North Station,1.0,205,0,205,11885
Fall 2024,CR-Lowell,Lowell Line,305,0,day_type_01,weekday,1/1/2024 6:46,Anderson/Woburn,4.0,3,5,14,11886
Fall 2024,CR-Lowell,Lowell Line,325,0,day_type_01,weekday,1/1/2024 15:18,West Medford,2.0,4,33,161,11887
Fall 2024,CR-Lowell,Lowell Line,313,0,day_type_01,weekday,1/1/2024 9:31,West Medford,2.0,7,1,44,11888
Fall 2024,CR-Haverhill,Haverhill Line,297,0,day_type_01,weekday,1/1/2024 18:06,Malden Center,2.0,4,9,200,11889
Fall 2024,CR-Lowell,Lowell Line,305,0,day_type_01,weekday,1/1/2024 6:49,Wilmington,5.0,0,5,9,11890
Fall 2024,CR-Lowell,Lowell Line,325,0,day_type_01,weekday,1/1/2024 15:21,Wedgemere,3.0,2,20,143,11891
Fall 2024,CR-Lowell,Lowell Line,313,0,day_type_01,weekday,1/1/2024 9:34,Wedgemere,3.0,4,1,47,11892
Fall 2024,CR-Lowell,Lowell Line,313,0,day_type_01,weekday,1/1/2024 9:36,Winchester Center,4.0,0,2,45,11893
Fall 2024,CR-Lowell,Lowell Line,313,0,day_type_01,weekday,1/1/2024 9:43,Anderson/Woburn,5.0,1,12,34,11894
Fall 2024,CR-Lowell,Lowell Line,313,0,day_type_01,weekday,1/1/2024 9:46,Wilmington,6.0,1,3,32,11895
Fall 2024,CR-Lowell,Lowell Line,313,0,day_type_01,weekday,1/1/2024 9:55,North Billerica,7.0,0,6,26,11896
Fall 2024,CR-Lowell,Lowell Line,313,0,day_type_01,weekday,1/1/2024 10:07,Lowell,8.0,0,25,1,11897
Fall 2024,CR-Lowell,Lowell Line,316,1,day_type_01,weekday,1/1/2024 10:22,Lowell,1.0,88,0,88,11898
Fall 2024,CR-Lowell,Lowell Line,316,1,day_type_01,weekday,1/1/2024 10:30,North Billerica,2.0,29,0,117,11899
Fall 2024,CR-Lowell,Lowell Line,316,1,day_type_01,weekday,1/1/2024 10:37,Wilmington,3.0,18,2,133,11900
Fall 2024,CR-Lowell,Lowell Line,316,1,day_type_01,weekday,1/1/2024 10:41,Anderson/Woburn,4.0,17,4,146,11901
Fall 2024,CR-Lowell,Lowell Line,316,1,day_type_01,weekday,1/1/2024 10:47,Winchester Center,5.0,5,0,151,11902
Fall 2024,CR-Lowell,Lowell Line,316,1,day_type_01,weekday,1/1/2024 10:49,Wedgemere,6.0,5,2,154,11903
Fall 2024,CR-Lowell,Lowell Line,316,1,day_type_01,weekday,1/1/2024 10:53,West Medford,7.0,10,2,162,11904
Fall 2024,CR-Lowell,Lowell Line,316,1,day_type_01,weekday,1/1/2024 11:07,North Station,8.0,0,162,0,11905
Fall 2024,CR-Lowell,Lowell Line,317,0,day_type_01,weekday,1/1/2024 11:20,North Station,1.0,73,0,73,11906
Fall 2024,CR-Lowell,Lowell Line,317,0,day_type_01,weekday,1/1/2024 11:31,West Medford,2.0,3,3,73,11907
Fall 2024,CR-Lowell,Lowell Line,317,0,day_type_01,weekday,1/1/2024 11:34,Wedgemere,3.0,0,8,65,11908
Fall 2024,CR-Lowell,Lowell Line,317,0,day_type_01,weekday,1/1/2024 11:36,Winchester Center,4.0,0,5,60,11909
Fall 2024,CR-Lowell,Lowell Line,317,0,day_type_01,weekday,1/1/2024 11:41,Anderson/Woburn,5.0,0,7,53,11910
Fall 2024,CR-Lowell,Lowell Line,317,0,day_type_01,weekday,1/1/2024 11:44,Wilmington,6.0,0,4,49,11911
Fall 2024,CR-Lowell,Lowell Line,317,0,day_type_01,weekday,1/1/2024 11:53,North Billerica,7.0,0,10,39,11912
Fall 2024,CR-Haverhill,Haverhill Line,280,1,day_type_01,weekday,1/1/2024 5:35,Oak Grove,11.0,2,0,67,11913
Fall 2024,CR-Haverhill,Haverhill Line,297,0,day_type_01,weekday,1/1/2024 18:08,Oak Grove,3.0,3,16,187,11914
Fall 2024,CR-Lowell,Lowell Line,325,0,day_type_01,weekday,1/1/2024 15:28,Anderson/Woburn,4.0,11,26,128,11915
Fall 2024,CR-Lowell,Lowell Line,305,0,day_type_01,weekday,1/1/2024 6:58,North Billerica,6.0,0,7,2,11916
Fall 2024,CR-Haverhill,Haverhill Line,297,0,day_type_01,weekday,1/1/2024 18:10,Wyoming Hill,4.0,1,16,172,11917
Fall 2024,CR-Lowell,Lowell Line,325,0,day_type_01,weekday,1/1/2024 15:31,Wilmington,5.0,2,26,104,11918
Fall 2024,CR-Lowell,Lowell Line,305,0,day_type_01,weekday,1/1/2024 7:10,Lowell,7.0,0,2,0,11919
Fall 2024,CR-Haverhill,Haverhill Line,297,0,day_type_01,weekday,1/1/2024 18:12,Melrose/Cedar Park,5.0,1,15,158,11920
Fall 2024,CR-Lowell,Lowell Line,325,0,day_type_01,weekday,1/1/2024 15:40,North Billerica,6.0,0,44,60,11921
Fall 2024,CR-Lowell,Lowell Line,306,1,day_type_01,weekday,1/1/2024 6:55,Lowell,1.0,81,0,81,11922
Fall 2024,CR-Haverhill,Haverhill Line,297,0,day_type_01,weekday,1/1/2024 18:15,Melrose Highlands,6.0,0,33,125,11923
Fall 2024,CR-Lowell,Lowell Line,325,0,day_type_01,weekday,1/1/2024 15:52,Lowell,7.0,0,60,0,11924
Fall 2024,CR-Lowell,Lowell Line,306,1,day_type_01,weekday,1/1/2024 7:03,North Billerica,2.0,120,0,201,11925
Fall 2024,CR-Haverhill,Haverhill Line,297,0,day_type_01,weekday,1/1/2024 18:18,Greenwood,7.0,0,9,116,11926
Fall 2024,CR-Lowell,Lowell Line,327,0,day_type_01,weekday,1/1/2024 15:55,North Station,1.0,268,0,268,11927
Fall 2024,CR-Lowell,Lowell Line,306,1,day_type_01,weekday,1/1/2024 7:11,Wilmington,3.0,72,1,272,11928
Fall 2024,CR-Lowell,Lowell Line,306,1,day_type_01,weekday,1/1/2024 7:15,Anderson/Woburn,4.0,80,4,348,11929
Fall 2024,CR-Lowell,Lowell Line,306,1,day_type_01,weekday,1/1/2024 7:22,Winchester Center,5.0,26,0,374,11930
Fall 2024,CR-Lowell,Lowell Line,306,1,day_type_01,weekday,1/1/2024 7:24,Wedgemere,6.0,87,0,461,11931
Fall 2024,CR-Lowell,Lowell Line,306,1,day_type_01,weekday,1/1/2024 7:28,West Medford,7.0,62,1,522,11932
Fall 2024,CR-Lowell,Lowell Line,306,1,day_type_01,weekday,1/1/2024 7:42,North Station,8.0,0,522,0,11933
Fall 2024,CR-Lowell,Lowell Line,307,0,day_type_01,weekday,1/1/2024 7:00,North Station,1.0,30,0,30,11934
Fall 2024,CR-Lowell,Lowell Line,307,0,day_type_01,weekday,1/1/2024 7:11,West Medford,2.0,5,3,32,11935
Fall 2024,CR-Lowell,Lowell Line,307,0,day_type_01,weekday,1/1/2024 7:14,Wedgemere,3.0,0,0,32,11936
Fall 2024,CR-Lowell,Lowell Line,307,0,day_type_01,weekday,1/1/2024 7:16,Winchester Center,4.0,0,0,32,11937
Fall 2024,CR-Lowell,Lowell Line,307,0,day_type_01,weekday,1/1/2024 7:23,Anderson/Woburn,5.0,2,12,22,11938
Fall 2024,CR-Lowell,Lowell Line,307,0,day_type_01,weekday,1/1/2024 7:26,Wilmington,6.0,0,1,21,11939
Fall 2024,CR-Lowell,Lowell Line,307,0,day_type_01,weekday,1/1/2024 7:35,North Billerica,7.0,0,0,21,11940
Fall 2024,CR-Lowell,Lowell Line,307,0,day_type_01,weekday,1/1/2024 7:47,Lowell,8.0,0,21,0,11941
Fall 2024,CR-Lowell,Lowell Line,308,1,day_type_01,weekday,1/1/2024 7:30,Lowell,1.0,147,0,147,11942
Fall 2024,CR-Lowell,Lowell Line,308,1,day_type_01,weekday,1/1/2024 7:38,North Billerica,2.0,143,0,290,11943
Fall 2024,CR-Lowell,Lowell Line,308,1,day_type_01,weekday,1/1/2024 7:46,Wilmington,3.0,66,0,356,11944
Fall 2024,CR-Lowell,Lowell Line,308,1,day_type_01,weekday,1/1/2024 7:50,Anderson/Woburn,4.0,75,9,422,11945
Fall 2024,CR-Haverhill,Haverhill Line,280,1,day_type_01,weekday,1/1/2024 5:38,Malden Center,12.0,4,2,69,11946
Fall 2024,CR-Haverhill,Haverhill Line,297,0,day_type_01,weekday,1/1/2024 18:22,Wakefield,8.0,0,60,56,11947
Fall 2024,CR-Lowell,Lowell Line,327,0,day_type_01,weekday,1/1/2024 16:06,West Medford,2.0,11,31,248,11948
Fall 2024,CR-Haverhill,Haverhill Line,280,1,day_type_01,weekday,1/1/2024 5:54,North Station,13.0,0,69,0,11949
Fall 2024,CR-Haverhill,Haverhill Line,297,0,day_type_01,weekday,1/1/2024 18:30,Reading,9.0,0,54,2,11950
Fall 2024,CR-Lowell,Lowell Line,327,0,day_type_01,weekday,1/1/2024 16:09,Wedgemere,3.0,0,36,212,11951
Fall 2024,CR-Haverhill,Haverhill Line,281,0,day_type_01,weekday,1/1/2024 6:40,North Station,1.0,1,0,1,11952
Fall 2024,CR-Haverhill,Haverhill Line,298,1,day_type_01,weekday,1/1/2024 18:48,Reading,1.0,2,0,2,11953
Fall 2024,CR-Lowell,Lowell Line,327,0,day_type_01,weekday,1/1/2024 16:16,Anderson/Woburn,4.0,3,76,139,11954
Fall 2024,CR-Haverhill,Haverhill Line,281,0,day_type_01,weekday,1/1/2024 6:51,Malden Center,2.0,1,0,2,11955
Fall 2024,CR-Haverhill,Haverhill Line,298,1,day_type_01,weekday,1/1/2024 18:54,Wakefield,2.0,1,0,3,11956
Fall 2024,CR-Lowell,Lowell Line,327,0,day_type_01,weekday,1/1/2024 16:19,Wilmington,5.0,1,41,99,11957
Fall 2024,CR-Haverhill,Haverhill Line,281,0,day_type_01,weekday,1/1/2024 6:53,Oak Grove,3.0,2,0,4,11958
Fall 2024,CR-Haverhill,Haverhill Line,298,1,day_type_01,weekday,1/1/2024 18:57,Greenwood,3.0,0,0,3,11959
Fall 2024,CR-Lowell,Lowell Line,327,0,day_type_01,weekday,1/1/2024 16:29,North Billerica,6.0,0,53,46,11960
Fall 2024,CR-Haverhill,Haverhill Line,281,0,day_type_01,weekday,1/1/2024 6:55,Wyoming Hill,4.0,0,0,4,11961
Fall 2024,CR-Haverhill,Haverhill Line,298,1,day_type_01,weekday,1/1/2024 18:59,Melrose Highlands,4.0,0,0,3,11962
Fall 2024,CR-Lowell,Lowell Line,327,0,day_type_01,weekday,1/1/2024 16:41,Lowell,7.0,0,46,0,11963
Fall 2024,CR-Haverhill,Haverhill Line,281,0,day_type_01,weekday,1/1/2024 6:57,Melrose/Cedar Park,5.0,0,0,4,11964
Fall 2024,CR-Haverhill,Haverhill Line,298,1,day_type_01,weekday,1/1/2024 19:01,Melrose/Cedar Park,5.0,0,0,3,11965
Fall 2024,CR-Lowell,Lowell Line,328,1,day_type_01,weekday,1/1/2024 16:07,Lowell,1.0,68,0,68,11966
Fall 2024,CR-Haverhill,Haverhill Line,298,1,day_type_01,weekday,1/1/2024 19:03,Wyoming Hill,6.0,1,0,4,11967
Fall 2024,CR-Haverhill,Haverhill Line,281,0,day_type_01,weekday,1/1/2024 7:00,Melrose Highlands,6.0,0,0,4,11968
Fall 2024,CR-Lowell,Lowell Line,328,1,day_type_01,weekday,1/1/2024 16:15,North Billerica,2.0,11,0,79,11969
Fall 2024,CR-Haverhill,Haverhill Line,298,1,day_type_01,weekday,1/1/2024 19:05,Oak Grove,7.0,0,0,4,11970
Fall 2024,CR-Haverhill,Haverhill Line,281,0,day_type_01,weekday,1/1/2024 7:03,Greenwood,7.0,0,0,4,11971
Fall 2024,CR-Lowell,Lowell Line,328,1,day_type_01,weekday,1/1/2024 16:22,Wilmington,3.0,9,1,87,11972
Fall 2024,CR-Haverhill,Haverhill Line,298,1,day_type_01,weekday,1/1/2024 19:08,Malden Center,8.0,0,1,3,11973
Fall 2024,CR-Haverhill,Haverhill Line,281,0,day_type_01,weekday,1/1/2024 7:07,Wakefield,8.0,0,1,3,11974
Fall 2024,CR-Lowell,Lowell Line,328,1,day_type_01,weekday,1/1/2024 16:26,Anderson/Woburn,4.0,21,3,105,11975
Fall 2024,CR-Haverhill,Haverhill Line,298,1,day_type_01,weekday,1/1/2024 19:24,North Station,9.0,0,3,0,11976
Fall 2024,CR-Haverhill,Haverhill Line,281,0,day_type_01,weekday,1/1/2024 7:15,Reading,9.0,0,3,0,11977
Fall 2024,CR-Lowell,Lowell Line,328,1,day_type_01,weekday,1/1/2024 16:31,Winchester Center,5.0,8,0,113,11978
Fall 2024,CR-Lowell,Lowell Line,300,1,day_type_01,weekday,1/1/2024 17:00,Lowell,1.0,42,0,42,11979
Fall 2024,CR-Haverhill,Haverhill Line,282,1,day_type_01,weekday,1/1/2024 7:33,Reading,1.0,29,0,29,11980
Fall 2024,CR-Lowell,Lowell Line,328,1,day_type_01,weekday,1/1/2024 16:33,Wedgemere,6.0,3,2,114,11981
Fall 2024,CR-Lowell,Lowell Line,300,1,day_type_01,weekday,1/1/2024 17:08,North Billerica,2.0,4,0,46,11982
Fall 2024,CR-Haverhill,Haverhill Line,282,1,day_type_01,weekday,1/1/2024 7:39,Wakefield,2.0,43,0,72,11983
Fall 2024,CR-Lowell,Lowell Line,328,1,day_type_01,weekday,1/1/2024 16:36,West Medford,7.0,5,13,106,11984
Fall 2024,CR-Lowell,Lowell Line,300,1,day_type_01,weekday,1/1/2024 17:15,Wilmington,3.0,0,0,46,11985
Fall 2024,CR-Haverhill,Haverhill Line,282,1,day_type_01,weekday,1/1/2024 7:42,Greenwood,3.0,14,0,86,11986
Fall 2024,CR-Lowell,Lowell Line,328,1,day_type_01,weekday,1/1/2024 16:50,North Station,8.0,0,106,0,11987
Fall 2024,CR-Lowell,Lowell Line,300,1,day_type_01,weekday,1/1/2024 17:16,Anderson/Woburn,4.0,6,0,52,11988
Fall 2024,CR-Haverhill,Haverhill Line,282,1,day_type_01,weekday,1/1/2024 7:44,Melrose Highlands,4.0,7,0,93,11989
Fall 2024,CR-Lowell,Lowell Line,329,0,day_type_01,weekday,1/1/2024 16:30,North Station,1.0,448,0,448,11990
Fall 2024,CR-Lowell,Lowell Line,300,1,day_type_01,weekday,1/1/2024 17:26,Wedgemere,5.0,5,0,57,11991
Fall 2024,CR-Haverhill,Haverhill Line,282,1,day_type_01,weekday,1/1/2024 7:46,Melrose/Cedar Park,5.0,6,0,99,11992
Fall 2024,CR-Lowell,Lowell Line,329,0,day_type_01,weekday,1/1/2024 16:41,West Medford,2.0,4,50,402,11993
Fall 2024,CR-Lowell,Lowell Line,300,1,day_type_01,weekday,1/1/2024 17:29,West Medford,6.0,2,1,58,11994
Fall 2024,CR-Haverhill,Haverhill Line,282,1,day_type_01,weekday,1/1/2024 7:48,Wyoming Hill,6.0,12,0,111,11995
Fall 2024,CR-Lowell,Lowell Line,329,0,day_type_01,weekday,1/1/2024 16:44,Wedgemere,3.0,3,66,339,11996
Fall 2024,CR-Haverhill,Haverhill Line,282,1,day_type_01,weekday,1/1/2024 7:50,Oak Grove,7.0,3,1,113,11997
Fall 2024,CR-Haverhill,Haverhill Line,282,1,day_type_01,weekday,1/1/2024 7:53,Malden Center,8.0,9,3,119,11998
Fall 2024,CR-Haverhill,Haverhill Line,282,1,day_type_01,weekday,1/1/2024 8:10,North Station,9.0,0,119,0,11999
Fall 2024,CR-Haverhill,Haverhill Line,283,0,day_type_01,weekday,1/1/2024 7:30,North Station,1.0,8,0,8,12000
Fall 2024,CR-Fitchburg,Fitchburg Line,414,1,day_type_01,weekday,1/1/2024 12:47,Porter Square,16.0,1,25,39,12001
Fall 2024,CR-Fitchburg,Fitchburg Line,406,1,day_type_01,weekday,1/1/2024 7:15,Wachusett,1.0,16,0,16,12002
Fall 2024,CR-Fitchburg,Fitchburg Line,414,1,day_type_01,weekday,1/1/2024 13:01,North Station,17.0,0,39,0,12003
Fall 2024,CR-Fitchburg,Fitchburg Line,406,1,day_type_01,weekday,1/1/2024 7:23,Fitchburg,2.0,25,1,40,12004
Fall 2024,CR-Lowell,Lowell Line,329,0,day_type_01,weekday,1/1/2024 16:51,Anderson/Woburn,4.0,3,89,253,12005
Fall 2024,CR-Fitchburg,Fitchburg Line,415,0,day_type_01,weekday,1/1/2024 12:30,North Station,1.0,35,0,35,12006
Fall 2024,CR-Fitchburg,Fitchburg Line,406,1,day_type_01,weekday,1/1/2024 7:30,North Leominster,3.0,32,0,72,12007
Fall 2024,CR-Fitchburg,Fitchburg Line,415,0,day_type_01,weekday,1/1/2024 12:40,Porter Square,2.0,18,5,48,12008
Fall 2024,CR-Lowell,Lowell Line,329,0,day_type_01,weekday,1/1/2024 16:55,Wilmington,5.0,0,59,194,12009
Fall 2024,CR-Fitchburg,Fitchburg Line,402,1,day_type_01,weekday,1/1/2024 6:23,Kendal Green,11.0,6,1,142,12010
Fall 2024,CR-Fitchburg,Fitchburg Line,406,1,day_type_01,weekday,1/1/2024 7:38,Shirley,4.0,21,1,92,12011
Fall 2024,CR-Fitchburg,Fitchburg Line,415,0,day_type_01,weekday,1/1/2024 12:45,Belmont,3.0,0,2,46,12012
Fall 2024,CR-Lowell,Lowell Line,329,0,day_type_01,weekday,1/1/2024 17:05,North Billerica,6.0,1,90,105,12013
Fall 2024,CR-Fitchburg,Fitchburg Line,406,1,day_type_01,weekday,1/1/2024 7:43,Ayer,5.0,27,7,112,12014
Fall 2024,CR-Fitchburg,Fitchburg Line,415,0,day_type_01,weekday,1/1/2024 12:47,Waverley,4.0,1,1,46,12015
Fall 2024,CR-Fitchburg,Fitchburg Line,402,1,day_type_01,weekday,1/1/2024 6:27,Brandeis/Roberts,12.0,7,2,147,12016
Fall 2024,CR-Lowell,Lowell Line,329,0,day_type_01,weekday,1/1/2024 17:17,Lowell,7.0,0,105,0,12017
Fall 2024,CR-Fitchburg,Fitchburg Line,406,1,day_type_01,weekday,1/1/2024 7:51,Littleton/Rte 495,6.0,54,1,165,12018
Fall 2024,CR-Fitchburg,Fitchburg Line,415,0,day_type_01,weekday,1/1/2024 12:52,Waltham,5.0,7,6,47,12019
Fall 2024,CR-Fitchburg,Fitchburg Line,402,1,day_type_01,weekday,1/1/2024 6:31,Waltham,13.0,22,9,160,12020
Fall 2024,CR-Lowell,Lowell Line,330,1,day_type_01,weekday,1/1/2024 17:07,Lowell,1.0,57,0,57,12021
Fall 2024,CR-Fitchburg,Fitchburg Line,406,1,day_type_01,weekday,1/1/2024 7:57,South Acton,7.0,85,3,247,12022
Fall 2024,CR-Fitchburg,Fitchburg Line,415,0,day_type_01,weekday,1/1/2024 12:55,Brandeis/Roberts,6.0,2,9,40,12023
Fall 2024,CR-Fitchburg,Fitchburg Line,402,1,day_type_01,weekday,1/1/2024 6:36,Waverley,14.0,3,3,160,12024
Fall 2024,CR-Lowell,Lowell Line,330,1,day_type_01,weekday,1/1/2024 17:15,North Billerica,2.0,42,0,99,12025
Fall 2024,CR-Fitchburg,Fitchburg Line,406,1,day_type_01,weekday,1/1/2024 8:01,West Concord,8.0,42,1,288,12026
Fall 2024,CR-Fitchburg,Fitchburg Line,415,0,day_type_01,weekday,1/1/2024 12:59,Kendal Green,7.0,1,0,41,12027
Fall 2024,CR-Fitchburg,Fitchburg Line,402,1,day_type_01,weekday,1/1/2024 6:38,Belmont,15.0,4,2,162,12028
Fall 2024,CR-Fitchburg,Fitchburg Line,419,0,day_type_01,weekday,1/1/2024 15:47,North Leominster,15.0,0,13,24,12029
Fall 2024,CR-Lowell,Lowell Line,330,1,day_type_01,weekday,1/1/2024 17:22,Wilmington,3.0,30,1,128,12030
Fall 2024,CR-Fitchburg,Fitchburg Line,406,1,day_type_01,weekday,1/1/2024 8:05,Concord,9.0,32,3,317,12031
Fall 2024,CR-Fitchburg,Fitchburg Line,415,0,day_type_01,weekday,1/1/2024 13:04,Lincoln,8.0,0,4,37,12032
Fall 2024,CR-Fitchburg,Fitchburg Line,402,1,day_type_01,weekday,1/1/2024 6:44,Porter Square,16.0,3,33,132,12033
Fall 2024,CR-Lowell,Lowell Line,330,1,day_type_01,weekday,1/1/2024 17:26,Anderson/Woburn,4.0,39,1,166,12034
Fall 2024,CR-Fitchburg,Fitchburg Line,419,0,day_type_01,weekday,1/1/2024 15:55,Fitchburg,16.0,0,21,3,12035
Fall 2024,CR-Fitchburg,Fitchburg Line,415,0,day_type_01,weekday,1/1/2024 13:09,Concord,9.0,3,2,38,12036
Fall 2024,CR-Fitchburg,Fitchburg Line,406,1,day_type_01,weekday,1/1/2024 8:11,Lincoln,10.0,25,0,342,12037
Fall 2024,CR-Fitchburg,Fitchburg Line,408,1,day_type_01,weekday,1/1/2024 9:58,North Station,17.0,0,77,0,12038
Fall 2024,CR-Fitchburg,Fitchburg Line,402,1,day_type_01,weekday,1/1/2024 6:59,North Station,17.0,0,132,0,12039
Fall 2024,CR-Fitchburg,Fitchburg Line,403,0,day_type_01,weekday,1/1/2024 6:20,North Station,1.0,3,0,3,12040
Fall 2024,CR-Fitchburg,Fitchburg Line,403,0,day_type_01,weekday,1/1/2024 6:30,Porter Square,2.0,11,0,14,12041
Fall 2024,CR-Fitchburg,Fitchburg Line,403,0,day_type_01,weekday,1/1/2024 6:35,Belmont,3.0,2,2,14,12042
Fall 2024,CR-Fitchburg,Fitchburg Line,403,0,day_type_01,weekday,1/1/2024 6:37,Waverley,4.0,2,3,13,12043
Fall 2024,CR-Fitchburg,Fitchburg Line,403,0,day_type_01,weekday,1/1/2024 6:42,Waltham,5.0,8,3,18,12044
Fall 2024,CR-Fitchburg,Fitchburg Line,403,0,day_type_01,weekday,1/1/2024 6:45,Brandeis/Roberts,6.0,0,0,18,12045
Fall 2024,CR-Fitchburg,Fitchburg Line,403,0,day_type_01,weekday,1/1/2024 6:49,Kendal Green,7.0,0,1,17,12046
Fall 2024,CR-Fitchburg,Fitchburg Line,403,0,day_type_01,weekday,1/1/2024 6:54,Lincoln,8.0,0,0,17,12047
Fall 2024,CR-Fitchburg,Fitchburg Line,403,0,day_type_01,weekday,1/1/2024 6:59,Concord,9.0,0,4,13,12048
Fall 2024,CR-Fitchburg,Fitchburg Line,403,0,day_type_01,weekday,1/1/2024 7:03,West Concord,10.0,0,6,7,12049
Fall 2024,CR-Fitchburg,Fitchburg Line,403,0,day_type_01,weekday,1/1/2024 7:08,South Acton,11.0,3,1,9,12050
Fall 2024,CR-Fitchburg,Fitchburg Line,403,0,day_type_01,weekday,1/1/2024 7:15,Littleton/Rte 495,12.0,4,1,12,12051
Fall 2024,CR-Fitchburg,Fitchburg Line,403,0,day_type_01,weekday,1/1/2024 7:23,Ayer,13.0,1,2,11,12052
Fall 2024,CR-Fitchburg,Fitchburg Line,403,0,day_type_01,weekday,1/1/2024 7:28,Shirley,14.0,3,1,13,12053
Fall 2024,CR-Fitchburg,Fitchburg Line,403,0,day_type_01,weekday,1/1/2024 7:37,North Leominster,15.0,1,5,9,12054
Fall 2024,CR-Fitchburg,Fitchburg Line,403,0,day_type_01,weekday,1/1/2024 7:45,Fitchburg,16.0,0,8,1,12055
Fall 2024,CR-Fitchburg,Fitchburg Line,403,0,day_type_01,weekday,1/1/2024 7:56,Wachusett,17.0,0,1,0,12056
Fall 2024,CR-Fitchburg,Fitchburg Line,404,1,day_type_01,weekday,1/1/2024 6:10,Wachusett,1.0,35,0,35,12057
Fall 2024,CR-Fitchburg,Fitchburg Line,404,1,day_type_01,weekday,1/1/2024 6:18,Fitchburg,2.0,54,1,88,12058
Fall 2024,CR-Fitchburg,Fitchburg Line,404,1,day_type_01,weekday,1/1/2024 6:25,North Leominster,3.0,44,1,131,12059
Fall 2024,CR-Fitchburg,Fitchburg Line,404,1,day_type_01,weekday,1/1/2024 6:33,Shirley,4.0,34,2,163,12060
Fall 2024,CR-Fitchburg,Fitchburg Line,404,1,day_type_01,weekday,1/1/2024 6:38,Ayer,5.0,38,3,198,12061
Fall 2024,CR-Fitchburg,Fitchburg Line,404,1,day_type_01,weekday,1/1/2024 6:46,Littleton/Rte 495,6.0,66,7,257,12062
Fall 2024,CR-Fitchburg,Fitchburg Line,404,1,day_type_01,weekday,1/1/2024 6:52,South Acton,7.0,180,2,435,12063
Fall 2024,CR-Fitchburg,Fitchburg Line,404,1,day_type_01,weekday,1/1/2024 7:18,Porter Square,8.0,10,152,293,12064
Fall 2024,CR-Fitchburg,Fitchburg Line,404,1,day_type_01,weekday,1/1/2024 7:33,North Station,9.0,0,293,0,12065
Fall 2024,CR-Fitchburg,Fitchburg Line,405,0,day_type_01,weekday,1/1/2024 7:30,North Station,1.0,47,0,47,12066
Fall 2024,CR-Fitchburg,Fitchburg Line,405,0,day_type_01,weekday,1/1/2024 7:40,Porter Square,2.0,52,9,90,12067
Fall 2024,CR-Fitchburg,Fitchburg Line,405,0,day_type_01,weekday,1/1/2024 7:45,Belmont,3.0,28,2,116,12068
Fall 2024,CR-Fitchburg,Fitchburg Line,405,0,day_type_01,weekday,1/1/2024 7:47,Waverley,4.0,4,11,109,12069
Fall 2024,CR-Fitchburg,Fitchburg Line,405,0,day_type_01,weekday,1/1/2024 7:52,Waltham,5.0,14,12,111,12070
Fall 2024,CR-Fitchburg,Fitchburg Line,405,0,day_type_01,weekday,1/1/2024 7:55,Brandeis/Roberts,6.0,18,28,101,12071
Fall 2024,CR-Fitchburg,Fitchburg Line,405,0,day_type_01,weekday,1/1/2024 7:59,Kendal Green,7.0,0,5,96,12072
Fall 2024,CR-Fitchburg,Fitchburg Line,405,0,day_type_01,weekday,1/1/2024 8:04,Lincoln,8.0,0,7,89,12073
Fall 2024,CR-Fitchburg,Fitchburg Line,405,0,day_type_01,weekday,1/1/2024 8:09,Concord,9.0,0,56,33,12074
Fall 2024,CR-Fitchburg,Fitchburg Line,405,0,day_type_01,weekday,1/1/2024 8:13,West Concord,10.0,1,13,21,12075
Fall 2024,CR-Fitchburg,Fitchburg Line,405,0,day_type_01,weekday,1/1/2024 8:18,South Acton,11.0,0,9,12,12076
Fall 2024,CR-Fitchburg,Fitchburg Line,405,0,day_type_01,weekday,1/1/2024 8:25,Littleton/Rte 495,12.0,0,5,7,12077
Fall 2024,CR-Fitchburg,Fitchburg Line,405,0,day_type_01,weekday,1/1/2024 8:33,Ayer,13.0,3,3,7,12078
Fall 2024,CR-Fitchburg,Fitchburg Line,405,0,day_type_01,weekday,1/1/2024 8:38,Shirley,14.0,0,0,7,12079
Fall 2024,CR-Fitchburg,Fitchburg Line,405,0,day_type_01,weekday,1/1/2024 8:47,North Leominster,15.0,0,1,6,12080
Fall 2024,CR-Fitchburg,Fitchburg Line,405,0,day_type_01,weekday,1/1/2024 8:55,Fitchburg,16.0,0,5,1,12081
Fall 2024,CR-Fitchburg,Fitchburg Line,405,0,day_type_01,weekday,1/1/2024 9:06,Wachusett,17.0,0,1,0,12082
Fall 2024,CR-Fitchburg,Fitchburg Line,406,1,day_type_01,weekday,1/1/2024 8:17,Kendal Green,11.0,25,3,364,12083
Fall 2024,CR-Lowell,Lowell Line,330,1,day_type_01,weekday,1/1/2024 17:32,Winchester Center,5.0,10,1,175,12084
Fall 2024,CR-Fitchburg,Fitchburg Line,415,0,day_type_01,weekday,1/1/2024 13:13,West Concord,10.0,0,11,27,12085
Fall 2024,CR-Fitchburg,Fitchburg Line,419,0,day_type_01,weekday,1/1/2024 16:06,Wachusett,17.0,0,1,2,12086
Fall 2024,CR-Lowell,Lowell Line,330,1,day_type_01,weekday,1/1/2024 17:34,Wedgemere,6.0,23,3,195,12087
Fall 2024,CR-Fitchburg,Fitchburg Line,410,1,day_type_01,weekday,1/1/2024 9:25,Wachusett,1.0,3,0,3,12088
Fall 2024,CR-Fitchburg,Fitchburg Line,421,0,day_type_01,weekday,1/1/2024 15:40,North Station,1.0,156,0,156,12089
Fall 2024,CR-Fitchburg,Fitchburg Line,415,0,day_type_01,weekday,1/1/2024 13:18,South Acton,11.0,2,7,22,12090
Fall 2024,CR-Lowell,Lowell Line,330,1,day_type_01,weekday,1/1/2024 17:38,West Medford,7.0,23,3,215,12091
Fall 2024,CR-Fitchburg,Fitchburg Line,410,1,day_type_01,weekday,1/1/2024 9:33,Fitchburg,2.0,15,0,18,12092
Fall 2024,CR-Fitchburg,Fitchburg Line,406,1,day_type_01,weekday,1/1/2024 8:21,Brandeis/Roberts,12.0,22,10,376,12093
Fall 2024,CR-Fitchburg,Fitchburg Line,421,0,day_type_01,weekday,1/1/2024 15:50,Porter Square,2.0,76,7,225,12094
Fall 2024,CR-Fitchburg,Fitchburg Line,415,0,day_type_01,weekday,1/1/2024 13:25,Littleton/Rte 495,12.0,2,2,22,12095
Fall 2024,CR-Lowell,Lowell Line,330,1,day_type_01,weekday,1/1/2024 17:52,North Station,8.0,0,215,0,12096
Fall 2024,CR-Fitchburg,Fitchburg Line,410,1,day_type_01,weekday,1/1/2024 9:40,North Leominster,3.0,9,0,27,12097
Fall 2024,CR-Fitchburg,Fitchburg Line,406,1,day_type_01,weekday,1/1/2024 8:25,Waltham,13.0,51,6,421,12098
Fall 2024,CR-Fitchburg,Fitchburg Line,421,0,day_type_01,weekday,1/1/2024 15:55,Belmont,3.0,5,9,221,12099
Fall 2024,CR-Fitchburg,Fitchburg Line,415,0,day_type_01,weekday,1/1/2024 13:33,Ayer,13.0,4,3,23,12100
Fall 2024,CR-Lowell,Lowell Line,331,0,day_type_01,weekday,1/1/2024 17:05,North Station,1.0,424,0,424,12101
Fall 2024,CR-Fitchburg,Fitchburg Line,410,1,day_type_01,weekday,1/1/2024 9:48,Shirley,4.0,2,0,29,12102
Fall 2024,CR-Fitchburg,Fitchburg Line,406,1,day_type_01,weekday,1/1/2024 8:30,Waverley,14.0,24,6,439,12103
Fall 2024,CR-Fitchburg,Fitchburg Line,421,0,day_type_01,weekday,1/1/2024 15:57,Waverley,4.0,9,9,221,12104
Fall 2024,CR-Fitchburg,Fitchburg Line,415,0,day_type_01,weekday,1/1/2024 13:38,Shirley,14.0,0,3,20,12105
Fall 2024,CR-Lowell,Lowell Line,331,0,day_type_01,weekday,1/1/2024 17:16,West Medford,2.0,2,61,365,12106
Fall 2024,CR-Fitchburg,Fitchburg Line,410,1,day_type_01,weekday,1/1/2024 9:53,Ayer,5.0,5,1,33,12107
Fall 2024,CR-Fitchburg,Fitchburg Line,406,1,day_type_01,weekday,1/1/2024 8:32,Belmont,15.0,20,1,458,12108
Fall 2024,CR-Fitchburg,Fitchburg Line,421,0,day_type_01,weekday,1/1/2024 16:02,Waltham,5.0,5,16,210,12109
Fall 2024,CR-Fitchburg,Fitchburg Line,415,0,day_type_01,weekday,1/1/2024 13:47,North Leominster,15.0,0,4,16,12110
Fall 2024,CR-Lowell,Lowell Line,331,0,day_type_01,weekday,1/1/2024 17:19,Wedgemere,3.0,1,54,312,12111
Fall 2024,CR-Fitchburg,Fitchburg Line,410,1,day_type_01,weekday,1/1/2024 10:01,Littleton/Rte 495,6.0,3,1,35,12112
Fall 2024,CR-Fitchburg,Fitchburg Line,406,1,day_type_01,weekday,1/1/2024 8:38,Porter Square,16.0,19,157,320,12113
Fall 2024,CR-Fitchburg,Fitchburg Line,421,0,day_type_01,weekday,1/1/2024 16:05,Brandeis/Roberts,6.0,2,9,203,12114
Fall 2024,CR-Fitchburg,Fitchburg Line,421,0,day_type_01,weekday,1/1/2024 16:09,Kendal Green,7.0,2,8,197,12115
Fall 2024,CR-Fitchburg,Fitchburg Line,421,0,day_type_01,weekday,1/1/2024 16:14,Lincoln,8.0,0,15,182,12116
Fall 2024,CR-Fitchburg,Fitchburg Line,421,0,day_type_01,weekday,1/1/2024 16:19,Concord,9.0,6,7,181,12117
Fall 2024,CR-Fitchburg,Fitchburg Line,421,0,day_type_01,weekday,1/1/2024 16:23,West Concord,10.0,3,18,166,12118
Fall 2024,CR-Fitchburg,Fitchburg Line,421,0,day_type_01,weekday,1/1/2024 16:28,South Acton,11.0,4,56,114,12119
Fall 2024,CR-Fitchburg,Fitchburg Line,421,0,day_type_01,weekday,1/1/2024 16:35,Littleton/Rte 495,12.0,1,20,95,12120
Fall 2024,CR-Fitchburg,Fitchburg Line,421,0,day_type_01,weekday,1/1/2024 16:43,Ayer,13.0,5,27,73,12121
Fall 2024,CR-Fitchburg,Fitchburg Line,421,0,day_type_01,weekday,1/1/2024 16:48,Shirley,14.0,1,14,60,12122
Fall 2024,CR-Fitchburg,Fitchburg Line,421,0,day_type_01,weekday,1/1/2024 16:57,North Leominster,15.0,0,17,43,12123
Fall 2024,CR-Fitchburg,Fitchburg Line,421,0,day_type_01,weekday,1/1/2024 17:05,Fitchburg,16.0,0,36,7,12124
Fall 2024,CR-Fitchburg,Fitchburg Line,421,0,day_type_01,weekday,1/1/2024 17:17,Wachusett,17.0,0,7,0,12125
Fall 2024,CR-Fitchburg,Fitchburg Line,422,1,day_type_01,weekday,1/1/2024 15:25,Wachusett,1.0,3,0,3,12126
Fall 2024,CR-Fitchburg,Fitchburg Line,422,1,day_type_01,weekday,1/1/2024 15:33,Fitchburg,2.0,37,3,37,12127
Fall 2024,CR-Fitchburg,Fitchburg Line,422,1,day_type_01,weekday,1/1/2024 15:40,North Leominster,3.0,0,0,37,12128
Fall 2024,CR-Fitchburg,Fitchburg Line,422,1,day_type_01,weekday,1/1/2024 15:48,Shirley,4.0,6,0,43,12129
Fall 2024,CR-Fitchburg,Fitchburg Line,422,1,day_type_01,weekday,1/1/2024 15:53,Ayer,5.0,30,3,70,12130
Fall 2024,CR-Fitchburg,Fitchburg Line,422,1,day_type_01,weekday,1/1/2024 16:01,Littleton/Rte 495,6.0,23,0,93,12131
Fall 2024,CR-Fitchburg,Fitchburg Line,422,1,day_type_01,weekday,1/1/2024 16:07,South Acton,7.0,21,0,114,12132
Fall 2024,CR-Fitchburg,Fitchburg Line,422,1,day_type_01,weekday,1/1/2024 16:11,West Concord,8.0,23,4,133,12133
Fall 2024,CR-Fitchburg,Fitchburg Line,422,1,day_type_01,weekday,1/1/2024 16:15,Concord,9.0,20,0,153,12134
Fall 2024,CR-Fitchburg,Fitchburg Line,422,1,day_type_01,weekday,1/1/2024 16:21,Lincoln,10.0,10,0,163,12135
Fall 2024,CR-Fitchburg,Fitchburg Line,422,1,day_type_01,weekday,1/1/2024 16:27,Kendal Green,11.0,6,0,169,12136
Fall 2024,CR-Fitchburg,Fitchburg Line,422,1,day_type_01,weekday,1/1/2024 16:30,Brandeis/Roberts,12.0,60,2,227,12137
Fall 2024,CR-Fitchburg,Fitchburg Line,422,1,day_type_01,weekday,1/1/2024 16:34,Waltham,13.0,29,30,226,12138
Fall 2024,CR-Fitchburg,Fitchburg Line,422,1,day_type_01,weekday,1/1/2024 16:39,Waverley,14.0,13,13,226,12139
Fall 2024,CR-Fitchburg,Fitchburg Line,422,1,day_type_01,weekday,1/1/2024 16:41,Belmont,15.0,3,7,222,12140
Fall 2024,CR-Fitchburg,Fitchburg Line,422,1,day_type_01,weekday,1/1/2024 16:47,Porter Square,16.0,8,82,148,12141
Fall 2024,CR-Fitchburg,Fitchburg Line,422,1,day_type_01,weekday,1/1/2024 17:01,North Station,17.0,0,148,0,12142
Fall 2024,CR-Fitchburg,Fitchburg Line,423,0,day_type_01,weekday,1/1/2024 17:00,North Station,1.0,309,0,309,12143
Fall 2024,CR-Fitchburg,Fitchburg Line,423,0,day_type_01,weekday,1/1/2024 17:10,Porter Square,2.0,86,17,378,12144
Fall 2024,CR-Fitchburg,Fitchburg Line,423,0,day_type_01,weekday,1/1/2024 17:35,South Acton,3.0,1,142,237,12145
Fall 2024,CR-Fitchburg,Fitchburg Line,423,0,day_type_01,weekday,1/1/2024 17:42,Littleton/Rte 495,4.0,9,64,182,12146
Fall 2024,CR-Fitchburg,Fitchburg Line,423,0,day_type_01,weekday,1/1/2024 17:50,Ayer,5.0,3,36,149,12147
Fall 2024,CR-Fitchburg,Fitchburg Line,423,0,day_type_01,weekday,1/1/2024 17:55,Shirley,6.0,0,28,121,12148
Fall 2024,CR-Fitchburg,Fitchburg Line,423,0,day_type_01,weekday,1/1/2024 18:04,North Leominster,7.0,0,40,81,12149
Fall 2024,CR-Fitchburg,Fitchburg Line,423,0,day_type_01,weekday,1/1/2024 18:12,Fitchburg,8.0,0,49,32,12150
Fall 2024,CR-Fitchburg,Fitchburg Line,423,0,day_type_01,weekday,1/1/2024 18:24,Wachusett,9.0,0,32,0,12151
Fall 2024,CR-Fitchburg,Fitchburg Line,424,1,day_type_01,weekday,1/1/2024 16:35,Wachusett,1.0,5,0,5,12152
Fall 2024,CR-Fitchburg,Fitchburg Line,424,1,day_type_01,weekday,1/1/2024 16:43,Fitchburg,2.0,32,1,36,12153
Fall 2024,CR-Fitchburg,Fitchburg Line,424,1,day_type_01,weekday,1/1/2024 16:50,North Leominster,3.0,3,0,39,12154
Fall 2024,CR-Fitchburg,Fitchburg Line,424,1,day_type_01,weekday,1/1/2024 16:58,Shirley,4.0,3,1,41,12155
Fall 2024,CR-Lowell,Lowell Line,343,0,day_type_01,weekday,1/1/2024 23:00,Lowell,7.0,0,69,0,12156
Fall 2024,CR-Fitchburg,Fitchburg Line,406,1,day_type_01,weekday,1/1/2024 8:53,North Station,17.0,0,320,0,12157
Fall 2024,CR-Lowell,Lowell Line,344,1,day_type_01,weekday,1/1/2024 21:50,Lowell,1.0,6,0,6,12158
Fall 2024,CR-Lowell,Lowell Line,331,0,day_type_01,weekday,1/1/2024 17:21,Winchester Center,4.0,1,21,292,12159
Fall 2024,CR-Fitchburg,Fitchburg Line,415,0,day_type_01,weekday,1/1/2024 13:55,Fitchburg,16.0,0,11,5,12160
Fall 2024,CR-Fitchburg,Fitchburg Line,407,0,day_type_01,weekday,1/1/2024 8:30,North Station,1.0,73,0,73,12161
Fall 2024,CR-Lowell,Lowell Line,344,1,day_type_01,weekday,1/1/2024 21:58,North Billerica,2.0,0,0,6,12162
Fall 2024,CR-Fitchburg,Fitchburg Line,407,0,day_type_01,weekday,1/1/2024 8:40,Porter Square,2.0,51,17,107,12163
Fall 2024,CR-Fitchburg,Fitchburg Line,410,1,day_type_01,weekday,1/1/2024 10:07,South Acton,7.0,19,1,53,12164
Fall 2024,CR-Fitchburg,Fitchburg Line,415,0,day_type_01,weekday,1/1/2024 14:06,Wachusett,17.0,0,5,0,12165
Fall 2024,CR-Fitchburg,Fitchburg Line,407,0,day_type_01,weekday,1/1/2024 8:45,Belmont,3.0,8,6,109,12166
Fall 2024,CR-Lowell,Lowell Line,331,0,day_type_01,weekday,1/1/2024 17:26,Anderson/Woburn,5.0,5,86,211,12167
Fall 2024,CR-Fitchburg,Fitchburg Line,410,1,day_type_01,weekday,1/1/2024 10:11,West Concord,8.0,6,1,58,12168
Fall 2024,CR-Fitchburg,Fitchburg Line,418,1,day_type_01,weekday,1/1/2024 13:25,Wachusett,1.0,4,0,4,12169
Fall 2024,CR-Lowell,Lowell Line,344,1,day_type_01,weekday,1/1/2024 22:05,Wilmington,3.0,2,0,8,12170
Fall 2024,CR-Fitchburg,Fitchburg Line,407,0,day_type_01,weekday,1/1/2024 8:47,Waverley,4.0,8,9,108,12171
Fall 2024,CR-Lowell,Lowell Line,331,0,day_type_01,weekday,1/1/2024 17:30,Wilmington,6.0,0,60,151,12172
Fall 2024,CR-Fitchburg,Fitchburg Line,410,1,day_type_01,weekday,1/1/2024 10:15,Concord,9.0,3,1,60,12173
Fall 2024,CR-Fitchburg,Fitchburg Line,418,1,day_type_01,weekday,1/1/2024 13:33,Fitchburg,2.0,11,0,15,12174
Fall 2024,CR-Lowell,Lowell Line,344,1,day_type_01,weekday,1/1/2024 22:09,Anderson/Woburn,4.0,1,0,9,12175
Fall 2024,CR-Fitchburg,Fitchburg Line,407,0,day_type_01,weekday,1/1/2024 8:52,Waltham,5.0,12,17,103,12176
Fall 2024,CR-Lowell,Lowell Line,331,0,day_type_01,weekday,1/1/2024 17:40,North Billerica,7.0,0,71,80,12177
Fall 2024,CR-Fitchburg,Fitchburg Line,410,1,day_type_01,weekday,1/1/2024 10:21,Lincoln,10.0,2,0,62,12178
Fall 2024,CR-Fitchburg,Fitchburg Line,418,1,day_type_01,weekday,1/1/2024 13:40,North Leominster,3.0,4,1,18,12179
Fall 2024,CR-Lowell,Lowell Line,344,1,day_type_01,weekday,1/1/2024 22:16,Wedgemere,5.0,0,0,9,12180
Fall 2024,CR-Fitchburg,Fitchburg Line,407,0,day_type_01,weekday,1/1/2024 8:55,Brandeis/Roberts,6.0,13,56,60,12181
Fall 2024,CR-Lowell,Lowell Line,331,0,day_type_01,weekday,1/1/2024 17:52,Lowell,8.0,0,79,1,12182
Fall 2024,CR-Fitchburg,Fitchburg Line,410,1,day_type_01,weekday,1/1/2024 10:27,Kendal Green,11.0,0,0,62,12183
Fall 2024,CR-Fitchburg,Fitchburg Line,418,1,day_type_01,weekday,1/1/2024 13:48,Shirley,4.0,5,0,23,12184
Fall 2024,CR-Lowell,Lowell Line,344,1,day_type_01,weekday,1/1/2024 22:19,West Medford,6.0,0,3,6,12185
Fall 2024,CR-Fitchburg,Fitchburg Line,407,0,day_type_01,weekday,1/1/2024 8:59,Kendal Green,7.0,2,1,61,12186
Fall 2024,CR-Lowell,Lowell Line,333,0,day_type_01,weekday,1/1/2024 17:42,North Station,1.0,575,0,575,12187
Fall 2024,CR-Fitchburg,Fitchburg Line,410,1,day_type_01,weekday,1/1/2024 10:30,Brandeis/Roberts,12.0,5,3,64,12188
Fall 2024,CR-Fitchburg,Fitchburg Line,418,1,day_type_01,weekday,1/1/2024 13:53,Ayer,5.0,5,1,27,12189
Fall 2024,CR-Fitchburg,Fitchburg Line,418,1,day_type_01,weekday,1/1/2024 14:01,Littleton/Rte 495,6.0,3,1,29,12190
Fall 2024,CR-Fitchburg,Fitchburg Line,418,1,day_type_01,weekday,1/1/2024 14:07,South Acton,7.0,1,0,30,12191
Fall 2024,CR-Fitchburg,Fitchburg Line,418,1,day_type_01,weekday,1/1/2024 14:11,West Concord,8.0,6,2,34,12192
Fall 2024,CR-Fitchburg,Fitchburg Line,418,1,day_type_01,weekday,1/1/2024 14:15,Concord,9.0,5,3,36,12193
Fall 2024,CR-Fitchburg,Fitchburg Line,418,1,day_type_01,weekday,1/1/2024 14:21,Lincoln,10.0,3,2,37,12194
Fall 2024,CR-Fitchburg,Fitchburg Line,418,1,day_type_01,weekday,1/1/2024 14:27,Kendal Green,11.0,2,0,39,12195
Fall 2024,CR-Fitchburg,Fitchburg Line,418,1,day_type_01,weekday,1/1/2024 14:30,Brandeis/Roberts,12.0,10,1,48,12196
Fall 2024,CR-Fitchburg,Fitchburg Line,418,1,day_type_01,weekday,1/1/2024 14:34,Waltham,13.0,19,1,66,12197
Fall 2024,CR-Fitchburg,Fitchburg Line,418,1,day_type_01,weekday,1/1/2024 14:39,Waverley,14.0,7,7,66,12198
Fall 2024,CR-Fitchburg,Fitchburg Line,418,1,day_type_01,weekday,1/1/2024 14:41,Belmont,15.0,3,2,67,12199
Fall 2024,CR-Fitchburg,Fitchburg Line,418,1,day_type_01,weekday,1/1/2024 14:47,Porter Square,16.0,1,28,40,12200
Fall 2024,CR-Fitchburg,Fitchburg Line,418,1,day_type_01,weekday,1/1/2024 15:01,North Station,17.0,0,40,0,12201
Fall 2024,CR-Fitchburg,Fitchburg Line,419,0,day_type_01,weekday,1/1/2024 14:30,North Station,1.0,77,0,77,12202
Fall 2024,CR-Fitchburg,Fitchburg Line,419,0,day_type_01,weekday,1/1/2024 14:40,Porter Square,2.0,29,1,105,12203
Fall 2024,CR-Fitchburg,Fitchburg Line,419,0,day_type_01,weekday,1/1/2024 14:45,Belmont,3.0,3,2,106,12204
Fall 2024,CR-Fitchburg,Fitchburg Line,419,0,day_type_01,weekday,1/1/2024 14:47,Waverley,4.0,4,4,106,12205
Fall 2024,CR-Fitchburg,Fitchburg Line,419,0,day_type_01,weekday,1/1/2024 14:52,Waltham,5.0,7,9,104,12206
Fall 2024,CR-Fitchburg,Fitchburg Line,419,0,day_type_01,weekday,1/1/2024 14:55,Brandeis/Roberts,6.0,4,7,101,12207
Fall 2024,CR-Fitchburg,Fitchburg Line,419,0,day_type_01,weekday,1/1/2024 14:59,Kendal Green,7.0,1,5,97,12208
Fall 2024,CR-Fitchburg,Fitchburg Line,419,0,day_type_01,weekday,1/1/2024 15:04,Lincoln,8.0,0,11,86,12209
Fall 2024,CR-Fitchburg,Fitchburg Line,419,0,day_type_01,weekday,1/1/2024 15:09,Concord,9.0,1,7,80,12210
Fall 2024,CR-Fitchburg,Fitchburg Line,419,0,day_type_01,weekday,1/1/2024 15:13,West Concord,10.0,6,7,79,12211
Fall 2024,CR-Fitchburg,Fitchburg Line,419,0,day_type_01,weekday,1/1/2024 15:18,South Acton,11.0,0,18,61,12212
Fall 2024,CR-Fitchburg,Fitchburg Line,419,0,day_type_01,weekday,1/1/2024 15:25,Littleton/Rte 495,12.0,2,8,55,12213
Fall 2024,CR-Fitchburg,Fitchburg Line,419,0,day_type_01,weekday,1/1/2024 15:33,Ayer,13.0,2,13,44,12214
Fall 2024,CR-Fitchburg,Fitchburg Line,419,0,day_type_01,weekday,1/1/2024 15:38,Shirley,14.0,1,8,37,12215
Fall 2024,CR-Fitchburg,Fitchburg Line,407,0,day_type_01,weekday,1/1/2024 9:04,Lincoln,8.0,0,3,58,12216
Fall 2024,CR-Fitchburg,Fitchburg Line,410,1,day_type_01,weekday,1/1/2024 10:34,Waltham,13.0,8,4,68,12217
Fall 2024,CR-Lowell,Lowell Line,344,1,day_type_01,weekday,1/1/2024 22:33,North Station,7.0,0,6,0,12218
Fall 2024,CR-Fitchburg,Fitchburg Line,407,0,day_type_01,weekday,1/1/2024 9:09,Concord,9.0,1,35,24,12219
Fall 2024,CR-Fitchburg,Fitchburg Line,410,1,day_type_01,weekday,1/1/2024 10:39,Waverley,14.0,2,2,68,12220
Fall 2024,CR-Lowell,Lowell Line,345,0,day_type_01,weekday,1/1/2024 23:45,North Station,1.0,16,0,16,12221
Fall 2024,CR-Lowell,Lowell Line,333,0,day_type_01,weekday,1/1/2024 17:53,West Medford,2.0,4,115,464,12222
Fall 2024,CR-Lowell,Lowell Line,337,0,day_type_01,weekday,1/1/2024 19:00,North Station,1.0,147,0,147,12223
Fall 2024,CR-Fitchburg,Fitchburg Line,407,0,day_type_01,weekday,1/1/2024 9:13,West Concord,10.0,0,8,16,12224
Fall 2024,CR-Lowell,Lowell Line,337,0,day_type_01,weekday,1/1/2024 19:11,West Medford,2.0,3,17,133,12225
Fall 2024,CR-Fitchburg,Fitchburg Line,410,1,day_type_01,weekday,1/1/2024 10:41,Belmont,15.0,2,1,69,12226
Fall 2024,CR-Lowell,Lowell Line,345,0,day_type_01,weekday,1/1/2024 23:56,West Medford,2.0,1,1,16,12227
Fall 2024,CR-Lowell,Lowell Line,333,0,day_type_01,weekday,1/1/2024 17:56,Wedgemere,3.0,0,64,400,12228
Fall 2024,CR-Lowell,Lowell Line,337,0,day_type_01,weekday,1/1/2024 19:14,Wedgemere,3.0,0,21,112,12229
Fall 2024,CR-Lowell,Lowell Line,345,0,day_type_01,weekday,1/1/2024 23:59,Wedgemere,3.0,0,0,16,12230
Fall 2024,CR-Fitchburg,Fitchburg Line,410,1,day_type_01,weekday,1/1/2024 10:47,Porter Square,16.0,5,19,55,12231
Fall 2024,CR-Fitchburg,Fitchburg Line,407,0,day_type_01,weekday,1/1/2024 9:18,South Acton,11.0,2,3,15,12232
Fall 2024,CR-Lowell,Lowell Line,333,0,day_type_01,weekday,1/1/2024 17:58,Winchester Center,4.0,1,40,361,12233
Fall 2024,CR-Lowell,Lowell Line,337,0,day_type_01,weekday,1/1/2024 19:16,Winchester Center,4.0,1,10,103,12234
Fall 2024,CR-Lowell,Lowell Line,345,0,day_type_01,weekday,1/1/2024 0:02,Winchester Center,4.0,0,0,16,12235
Fall 2024,CR-Fitchburg,Fitchburg Line,410,1,day_type_01,weekday,1/1/2024 11:01,North Station,17.0,0,55,0,12236
Fall 2024,CR-Fitchburg,Fitchburg Line,407,0,day_type_01,weekday,1/1/2024 9:25,Littleton/Rte 495,12.0,0,1,14,12237
Fall 2024,CR-Lowell,Lowell Line,333,0,day_type_01,weekday,1/1/2024 18:05,Anderson/Woburn,5.0,3,111,253,12238
Fall 2024,CR-Lowell,Lowell Line,337,0,day_type_01,weekday,1/1/2024 19:19,Anderson/Woburn,5.0,1,24,80,12239
Fall 2024,CR-Lowell,Lowell Line,345,0,day_type_01,weekday,1/1/2024 0:06,Anderson/Woburn,5.0,1,0,17,12240
Fall 2024,CR-Fitchburg,Fitchburg Line,411,0,day_type_01,weekday,1/1/2024 10:30,North Station,1.0,27,0,27,12241
Fall 2024,CR-Lowell,Lowell Line,333,0,day_type_01,weekday,1/1/2024 18:09,Wilmington,6.0,3,79,177,12242
Fall 2024,CR-Fitchburg,Fitchburg Line,407,0,day_type_01,weekday,1/1/2024 9:33,Ayer,13.0,2,5,11,12243
Fall 2024,CR-Lowell,Lowell Line,337,0,day_type_01,weekday,1/1/2024 19:24,Wilmington,6.0,2,15,67,12244
Fall 2024,CR-Lowell,Lowell Line,345,0,day_type_01,weekday,1/1/2024 0:09,Wilmington,6.0,0,2,15,12245
Fall 2024,CR-Fitchburg,Fitchburg Line,411,0,day_type_01,weekday,1/1/2024 10:40,Porter Square,2.0,22,2,47,12246
Fall 2024,CR-Lowell,Lowell Line,333,0,day_type_01,weekday,1/1/2024 18:19,North Billerica,7.0,0,99,78,12247
Fall 2024,CR-Fitchburg,Fitchburg Line,407,0,day_type_01,weekday,1/1/2024 9:38,Shirley,14.0,0,1,10,12248
Fall 2024,CR-Fitchburg,Fitchburg Line,411,0,day_type_01,weekday,1/1/2024 10:45,Belmont,3.0,1,0,48,12249
Fall 2024,CR-Lowell,Lowell Line,345,0,day_type_01,weekday,1/1/2024 0:18,North Billerica,7.0,3,0,18,12250
Fall 2024,CR-Lowell,Lowell Line,337,0,day_type_01,weekday,1/1/2024 19:33,North Billerica,7.0,0,28,39,12251
Fall 2024,CR-Lowell,Lowell Line,333,0,day_type_01,weekday,1/1/2024 18:31,Lowell,8.0,0,78,0,12252
Fall 2024,CR-Fitchburg,Fitchburg Line,407,0,day_type_01,weekday,1/1/2024 9:47,North Leominster,15.0,0,2,8,12253
Fall 2024,CR-Fitchburg,Fitchburg Line,411,0,day_type_01,weekday,1/1/2024 10:47,Waverley,4.0,2,1,49,12254
Fall 2024,CR-Lowell,Lowell Line,345,0,day_type_01,weekday,1/1/2024 0:30,Lowell,8.0,0,18,0,12255
Fall 2024,CR-Lowell,Lowell Line,337,0,day_type_01,weekday,1/1/2024 19:45,Lowell,8.0,0,39,0,12256
Fall 2024,CR-Lowell,Lowell Line,334,1,day_type_01,weekday,1/1/2024 18:07,Lowell,1.0,84,0,84,12257
Fall 2024,CR-Fitchburg,Fitchburg Line,407,0,day_type_01,weekday,1/1/2024 9:55,Fitchburg,16.0,0,2,6,12258
Fall 2024,CR-Fitchburg,Fitchburg Line,411,0,day_type_01,weekday,1/1/2024 10:52,Waltham,5.0,1,7,43,12259
Fall 2024,CR-Lowell,Lowell Line,346,1,day_type_01,weekday,1/1/2024 23:15,Lowell,1.0,1,0,1,12260
Fall 2024,CR-Lowell,Lowell Line,338,1,day_type_01,weekday,1/1/2024 19:25,Lowell,1.0,5,0,5,12261
Fall 2024,CR-Lowell,Lowell Line,334,1,day_type_01,weekday,1/1/2024 18:15,North Billerica,2.0,7,0,91,12262
Fall 2024,CR-Fitchburg,Fitchburg Line,407,0,day_type_01,weekday,1/1/2024 10:06,Wachusett,17.0,0,6,0,12263
Fall 2024,CR-Fitchburg,Fitchburg Line,411,0,day_type_01,weekday,1/1/2024 10:55,Brandeis/Roberts,6.0,0,18,25,12264
Fall 2024,CR-Lowell,Lowell Line,346,1,day_type_01,weekday,1/1/2024 23:23,North Billerica,2.0,0,0,1,12265
Fall 2024,CR-Lowell,Lowell Line,338,1,day_type_01,weekday,1/1/2024 19:33,North Billerica,2.0,2,0,7,12266
Fall 2024,CR-Lowell,Lowell Line,334,1,day_type_01,weekday,1/1/2024 18:22,Wilmington,3.0,9,0,100,12267
Fall 2024,CR-Fitchburg,Fitchburg Line,408,1,day_type_01,weekday,1/1/2024 8:20,Wachusett,1.0,11,0,11,12268
Fall 2024,CR-Fitchburg,Fitchburg Line,411,0,day_type_01,weekday,1/1/2024 10:59,Kendal Green,7.0,0,0,25,12269
Fall 2024,CR-Lowell,Lowell Line,346,1,day_type_01,weekday,1/1/2024 23:30,Wilmington,3.0,0,0,1,12270
Fall 2024,CR-Lowell,Lowell Line,338,1,day_type_01,weekday,1/1/2024 19:40,Wilmington,3.0,0,0,7,12271
Fall 2024,CR-Lowell,Lowell Line,334,1,day_type_01,weekday,1/1/2024 18:26,Anderson/Woburn,4.0,15,3,112,12272
Fall 2024,CR-Fitchburg,Fitchburg Line,408,1,day_type_01,weekday,1/1/2024 8:28,Fitchburg,2.0,10,0,21,12273
Fall 2024,CR-Fitchburg,Fitchburg Line,411,0,day_type_01,weekday,1/1/2024 11:04,Lincoln,8.0,1,1,25,12274
Fall 2024,CR-Lowell,Lowell Line,346,1,day_type_01,weekday,1/1/2024 23:34,Anderson/Woburn,4.0,1,0,2,12275
Fall 2024,CR-Lowell,Lowell Line,338,1,day_type_01,weekday,1/1/2024 19:44,Anderson/Woburn,4.0,3,0,10,12276
Fall 2024,CR-Lowell,Lowell Line,334,1,day_type_01,weekday,1/1/2024 18:33,Wedgemere,5.0,11,5,118,12277
Fall 2024,CR-Fitchburg,Fitchburg Line,411,0,day_type_01,weekday,1/1/2024 11:09,Concord,9.0,0,4,21,12278
Fall 2024,CR-Fitchburg,Fitchburg Line,411,0,day_type_01,weekday,1/1/2024 11:13,West Concord,10.0,0,4,17,12279
Fall 2024,CR-Fitchburg,Fitchburg Line,411,0,day_type_01,weekday,1/1/2024 11:18,South Acton,11.0,0,3,14,12280
Fall 2024,CR-Fitchburg,Fitchburg Line,411,0,day_type_01,weekday,1/1/2024 11:25,Littleton/Rte 495,12.0,0,1,13,12281
Fall 2024,CR-Fitchburg,Fitchburg Line,411,0,day_type_01,weekday,1/1/2024 11:33,Ayer,13.0,2,2,13,12282
Fall 2024,CR-Fitchburg,Fitchburg Line,411,0,day_type_01,weekday,1/1/2024 11:38,Shirley,14.0,0,2,11,12283
Fall 2024,CR-Fitchburg,Fitchburg Line,411,0,day_type_01,weekday,1/1/2024 11:47,North Leominster,15.0,0,1,10,12284
Fall 2024,CR-Fitchburg,Fitchburg Line,411,0,day_type_01,weekday,1/1/2024 11:55,Fitchburg,16.0,0,8,2,12285
Fall 2024,CR-Fitchburg,Fitchburg Line,411,0,day_type_01,weekday,1/1/2024 12:06,Wachusett,17.0,0,2,0,12286
Fall 2024,CR-Fitchburg,Fitchburg Line,414,1,day_type_01,weekday,1/1/2024 11:25,Wachusett,1.0,4,0,4,12287
Fall 2024,CR-Fitchburg,Fitchburg Line,414,1,day_type_01,weekday,1/1/2024 11:33,Fitchburg,2.0,16,0,20,12288
Fall 2024,CR-Fitchburg,Fitchburg Line,414,1,day_type_01,weekday,1/1/2024 11:40,North Leominster,3.0,4,0,24,12289
Fall 2024,CR-Fitchburg,Fitchburg Line,414,1,day_type_01,weekday,1/1/2024 11:48,Shirley,4.0,2,0,26,12290
Fall 2024,CR-Fitchburg,Fitchburg Line,414,1,day_type_01,weekday,1/1/2024 11:53,Ayer,5.0,9,2,33,12291
Fall 2024,CR-Fitchburg,Fitchburg Line,414,1,day_type_01,weekday,1/1/2024 12:01,Littleton/Rte 495,6.0,2,0,35,12292
Fall 2024,CR-Fitchburg,Fitchburg Line,414,1,day_type_01,weekday,1/1/2024 12:07,South Acton,7.0,8,1,42,12293
Fall 2024,CR-Fitchburg,Fitchburg Line,414,1,day_type_01,weekday,1/1/2024 12:11,West Concord,8.0,4,0,46,12294
Fall 2024,CR-Fitchburg,Fitchburg Line,414,1,day_type_01,weekday,1/1/2024 12:15,Concord,9.0,2,0,48,12295
Fall 2024,CR-Fitchburg,Fitchburg Line,414,1,day_type_01,weekday,1/1/2024 12:21,Lincoln,10.0,5,1,52,12296
Fall 2024,CR-Fitchburg,Fitchburg Line,414,1,day_type_01,weekday,1/1/2024 12:27,Kendal Green,11.0,0,0,52,12297
Fall 2024,CR-Fitchburg,Fitchburg Line,414,1,day_type_01,weekday,1/1/2024 12:30,Brandeis/Roberts,12.0,4,1,55,12298
Fall 2024,CR-Fitchburg,Fitchburg Line,414,1,day_type_01,weekday,1/1/2024 12:34,Waltham,13.0,9,2,62,12299
Fall 2024,CR-Fitchburg,Fitchburg Line,414,1,day_type_01,weekday,1/1/2024 12:39,Waverley,14.0,2,1,63,12300
Fall 2024,CR-Fitchburg,Fitchburg Line,414,1,day_type_01,weekday,1/1/2024 12:41,Belmont,15.0,1,1,63,12301
Fall 2024,CR-Fitchburg,Fitchburg Line,408,1,day_type_01,weekday,1/1/2024 8:35,North Leominster,3.0,7,0,28,12302
Fall 2024,CR-Lowell,Lowell Line,338,1,day_type_01,weekday,1/1/2024 19:51,Wedgemere,5.0,0,0,10,12303
Fall 2024,CR-Lowell,Lowell Line,334,1,day_type_01,weekday,1/1/2024 18:36,West Medford,6.0,10,3,125,12304
Fall 2024,CR-Fitchburg,Fitchburg Line,408,1,day_type_01,weekday,1/1/2024 8:43,Shirley,4.0,6,0,34,12305
Fall 2024,CR-Lowell,Lowell Line,338,1,day_type_01,weekday,1/1/2024 19:54,West Medford,6.0,0,3,7,12306
Fall 2024,CR-Lowell,Lowell Line,334,1,day_type_01,weekday,1/1/2024 18:50,North Station,7.0,0,125,0,12307
Fall 2024,CR-Fitchburg,Fitchburg Line,408,1,day_type_01,weekday,1/1/2024 8:48,Ayer,5.0,5,0,39,12308
Fall 2024,CR-Lowell,Lowell Line,338,1,day_type_01,weekday,1/1/2024 20:08,North Station,7.0,0,7,0,12309
Fall 2024,CR-Lowell,Lowell Line,335,0,day_type_01,weekday,1/1/2024 18:20,North Station,1.0,191,0,191,12310
Fall 2024,CR-Lowell,Lowell Line,346,1,day_type_01,weekday,1/1/2024 23:41,Wedgemere,5.0,0,0,2,12311
Fall 2024,CR-Fitchburg,Fitchburg Line,408,1,day_type_01,weekday,1/1/2024 8:56,Littleton/Rte 495,6.0,18,0,57,12312
Fall 2024,CR-Lowell,Lowell Line,339,0,day_type_01,weekday,1/1/2024 19:45,North Station,1.0,103,0,103,12313
Fall 2024,CR-Lowell,Lowell Line,335,0,day_type_01,weekday,1/1/2024 18:31,West Medford,2.0,3,28,166,12314
Fall 2024,CR-Lowell,Lowell Line,335,0,day_type_01,weekday,1/1/2024 18:34,Wedgemere,3.0,1,34,133,12315
Fall 2024,CR-Lowell,Lowell Line,335,0,day_type_01,weekday,1/1/2024 18:41,Anderson/Woburn,4.0,4,29,108,12316
Fall 2024,CR-Lowell,Lowell Line,335,0,day_type_01,weekday,1/1/2024 18:45,Wilmington,5.0,0,15,93,12317
Fall 2024,CR-Lowell,Lowell Line,335,0,day_type_01,weekday,1/1/2024 18:55,North Billerica,6.0,0,36,57,12318
Fall 2024,CR-Lowell,Lowell Line,335,0,day_type_01,weekday,1/1/2024 19:07,Lowell,7.0,0,57,0,12319
Fall 2024,CR-Lowell,Lowell Line,336,1,day_type_01,weekday,1/1/2024 18:44,Lowell,1.0,11,0,11,12320
Fall 2024,CR-Lowell,Lowell Line,336,1,day_type_01,weekday,1/1/2024 18:52,North Billerica,2.0,3,1,13,12321
Fall 2024,CR-Lowell,Lowell Line,336,1,day_type_01,weekday,1/1/2024 18:59,Wilmington,3.0,2,0,15,12322
Fall 2024,CR-Lowell,Lowell Line,336,1,day_type_01,weekday,1/1/2024 19:03,Anderson/Woburn,4.0,7,1,21,12323
Fall 2024,CR-Lowell,Lowell Line,336,1,day_type_01,weekday,1/1/2024 19:10,Wedgemere,5.0,4,3,22,12324
Fall 2024,CR-Lowell,Lowell Line,336,1,day_type_01,weekday,1/1/2024 19:10,Winchester Center,6.0,1,1,22,12325
Fall 2024,CR-Lowell,Lowell Line,336,1,day_type_01,weekday,1/1/2024 19:13,West Medford,7.0,2,1,23,12326
Fall 2024,CR-Lowell,Lowell Line,336,1,day_type_01,weekday,1/1/2024 19:27,North Station,8.0,0,22,1,12327
Fall 2024,CR-Lowell,Lowell Line,346,1,day_type_01,weekday,1/1/2024 23:44,West Medford,6.0,0,1,1,12328
Fall 2024,CR-Lowell,Lowell Line,339,0,day_type_01,weekday,1/1/2024 19:56,West Medford,2.0,1,16,88,12329
Fall 2024,CR-Lowell,Lowell Line,346,1,day_type_01,weekday,1/1/2024 23:58,North Station,7.0,0,2,-1,12330
Fall 2024,CR-Fitchburg,Fitchburg Line,408,1,day_type_01,weekday,1/1/2024 9:02,South Acton,7.0,18,2,73,12331
Fall 2024,CR-Lowell,Lowell Line,339,0,day_type_01,weekday,1/1/2024 19:59,Wedgemere,3.0,0,10,78,12332
Fall 2024,CR-Fitchburg,Fitchburg Line,400,1,day_type_01,weekday,1/1/2024 4:25,Wachusett,1.0,2,0,2,12333
Fall 2024,CR-Fitchburg,Fitchburg Line,408,1,day_type_01,weekday,1/1/2024 9:06,West Concord,8.0,15,0,88,12334
Fall 2024,CR-Lowell,Lowell Line,339,0,day_type_01,weekday,1/1/2024 20:01,Winchester Center,4.0,1,7,72,12335
Fall 2024,CR-Fitchburg,Fitchburg Line,400,1,day_type_01,weekday,1/1/2024 4:33,Fitchburg,2.0,9,0,11,12336
Fall 2024,CR-Fitchburg,Fitchburg Line,408,1,day_type_01,weekday,1/1/2024 9:10,Concord,9.0,13,5,96,12337
Fall 2024,CR-Lowell,Lowell Line,339,0,day_type_01,weekday,1/1/2024 20:08,Anderson/Woburn,5.0,1,10,63,12338
Fall 2024,CR-Fitchburg,Fitchburg Line,400,1,day_type_01,weekday,1/1/2024 4:40,North Leominster,3.0,6,0,17,12339
Fall 2024,CR-Fitchburg,Fitchburg Line,408,1,day_type_01,weekday,1/1/2024 9:16,Lincoln,10.0,6,1,101,12340
Fall 2024,CR-Lowell,Lowell Line,339,0,day_type_01,weekday,1/1/2024 20:11,Wilmington,6.0,2,12,53,12341
Fall 2024,CR-Fitchburg,Fitchburg Line,400,1,day_type_01,weekday,1/1/2024 4:48,Shirley,4.0,4,0,21,12342
Fall 2024,CR-Fitchburg,Fitchburg Line,408,1,day_type_01,weekday,1/1/2024 9:22,Kendal Green,11.0,2,1,102,12343
Fall 2024,CR-Lowell,Lowell Line,339,0,day_type_01,weekday,1/1/2024 20:20,North Billerica,7.0,0,15,38,12344
Fall 2024,CR-Fitchburg,Fitchburg Line,400,1,day_type_01,weekday,1/1/2024 4:53,Ayer,5.0,6,1,26,12345
Fall 2024,CR-Fitchburg,Fitchburg Line,408,1,day_type_01,weekday,1/1/2024 9:26,Brandeis/Roberts,12.0,5,3,104,12346
Fall 2024,CR-Lowell,Lowell Line,339,0,day_type_01,weekday,1/1/2024 20:32,Lowell,8.0,0,38,0,12347
Fall 2024,CR-Fitchburg,Fitchburg Line,400,1,day_type_01,weekday,1/1/2024 5:01,Littleton/Rte 495,6.0,9,1,34,12348
Fall 2024,CR-Fitchburg,Fitchburg Line,408,1,day_type_01,weekday,1/1/2024 9:30,Waltham,13.0,15,4,115,12349
Fall 2024,CR-Lowell,Lowell Line,340,1,day_type_01,weekday,1/1/2024 20:00,Lowell,1.0,7,0,7,12350
Fall 2024,CR-Fitchburg,Fitchburg Line,408,1,day_type_01,weekday,1/1/2024 9:35,Waverley,14.0,4,4,115,12351
Fall 2024,CR-Fitchburg,Fitchburg Line,400,1,day_type_01,weekday,1/1/2024 5:07,South Acton,7.0,11,0,45,12352
Fall 2024,CR-Lowell,Lowell Line,340,1,day_type_01,weekday,1/1/2024 20:08,North Billerica,2.0,1,0,8,12353
Fall 2024,CR-Fitchburg,Fitchburg Line,400,1,day_type_01,weekday,1/1/2024 5:11,West Concord,8.0,4,1,48,12354
Fall 2024,CR-Fitchburg,Fitchburg Line,408,1,day_type_01,weekday,1/1/2024 9:37,Belmont,15.0,8,4,119,12355
Fall 2024,CR-Lowell,Lowell Line,340,1,day_type_01,weekday,1/1/2024 20:15,Wilmington,3.0,1,1,8,12356
Fall 2024,CR-Fitchburg,Fitchburg Line,400,1,day_type_01,weekday,1/1/2024 5:15,Concord,9.0,5,0,53,12357
Fall 2024,CR-Fitchburg,Fitchburg Line,408,1,day_type_01,weekday,1/1/2024 9:43,Porter Square,16.0,3,45,77,12358
Fall 2024,CR-Lowell,Lowell Line,340,1,day_type_01,weekday,1/1/2024 20:19,Anderson/Woburn,4.0,2,0,10,12359
Fall 2024,CR-Fitchburg,Fitchburg Line,400,1,day_type_01,weekday,1/1/2024 5:21,Lincoln,10.0,6,0,59,12360
Fall 2024,CR-Lowell,Lowell Line,340,1,day_type_01,weekday,1/1/2024 20:26,Wedgemere,5.0,0,0,10,12361
Fall 2024,CR-Fitchburg,Fitchburg Line,400,1,day_type_01,weekday,1/1/2024 5:27,Kendal Green,11.0,4,0,63,12362
Fall 2024,CR-Lowell,Lowell Line,340,1,day_type_01,weekday,1/1/2024 20:29,West Medford,6.0,0,3,7,12363
Fall 2024,CR-Fitchburg,Fitchburg Line,400,1,day_type_01,weekday,1/1/2024 5:30,Brandeis/Roberts,12.0,4,0,67,12364
Fall 2024,CR-Lowell,Lowell Line,340,1,day_type_01,weekday,1/1/2024 20:43,North Station,7.0,0,7,0,12365
Fall 2024,CR-Fitchburg,Fitchburg Line,400,1,day_type_01,weekday,1/1/2024 5:34,Waltham,13.0,6,4,69,12366
Fall 2024,CR-Lowell,Lowell Line,341,0,day_type_01,weekday,1/1/2024 20:45,North Station,1.0,103,0,103,12367
Fall 2024,CR-Fitchburg,Fitchburg Line,400,1,day_type_01,weekday,1/1/2024 5:39,Waverley,14.0,1,0,70,12368
Fall 2024,CR-Lowell,Lowell Line,341,0,day_type_01,weekday,1/1/2024 20:56,West Medford,2.0,3,14,92,12369
Fall 2024,CR-Fitchburg,Fitchburg Line,400,1,day_type_01,weekday,1/1/2024 5:41,Belmont,15.0,2,0,72,12370
Fall 2024,CR-Lowell,Lowell Line,341,0,day_type_01,weekday,1/1/2024 20:59,Wedgemere,3.0,0,9,83,12371
Fall 2024,CR-Fitchburg,Fitchburg Line,400,1,day_type_01,weekday,1/1/2024 5:47,Porter Square,16.0,0,14,58,12372
Fall 2024,CR-Lowell,Lowell Line,341,0,day_type_01,weekday,1/1/2024 21:06,Anderson/Woburn,4.0,0,8,75,12373
Fall 2024,CR-Lowell,Lowell Line,341,0,day_type_01,weekday,1/1/2024 21:09,Wilmington,5.0,2,11,66,12374
Fall 2024,CR-Fitchburg,Fitchburg Line,400,1,day_type_01,weekday,1/1/2024 6:01,North Station,17.0,0,58,0,12375
Fall 2024,CR-Lowell,Lowell Line,341,0,day_type_01,weekday,1/1/2024 21:18,North Billerica,6.0,0,18,48,12376
Fall 2024,CR-Fitchburg,Fitchburg Line,402,1,day_type_01,weekday,1/1/2024 5:20,Wachusett,1.0,0,0,0,12377
Fall 2024,CR-Lowell,Lowell Line,341,0,day_type_01,weekday,1/1/2024 21:30,Lowell,7.0,0,48,0,12378
Fall 2024,CR-Fitchburg,Fitchburg Line,402,1,day_type_01,weekday,1/1/2024 5:28,Fitchburg,2.0,20,0,20,12379
Fall 2024,CR-Lowell,Lowell Line,342,1,day_type_01,weekday,1/1/2024 20:50,Lowell,1.0,9,0,9,12380
Fall 2024,CR-Fitchburg,Fitchburg Line,402,1,day_type_01,weekday,1/1/2024 5:35,North Leominster,3.0,13,1,32,12381
Fall 2024,CR-Lowell,Lowell Line,342,1,day_type_01,weekday,1/1/2024 20:58,North Billerica,2.0,3,0,12,12382
Fall 2024,CR-Fitchburg,Fitchburg Line,402,1,day_type_01,weekday,1/1/2024 5:43,Shirley,4.0,9,0,41,12383
Fall 2024,CR-Lowell,Lowell Line,342,1,day_type_01,weekday,1/1/2024 21:05,Wilmington,3.0,0,0,12,12384
Fall 2024,CR-Lowell,Lowell Line,342,1,day_type_01,weekday,1/1/2024 21:09,Anderson/Woburn,4.0,1,1,12,12385
Fall 2024,CR-Lowell,Lowell Line,342,1,day_type_01,weekday,1/1/2024 21:16,Wedgemere,5.0,0,0,12,12386
Fall 2024,CR-Lowell,Lowell Line,342,1,day_type_01,weekday,1/1/2024 21:19,West Medford,6.0,0,2,10,12387
Fall 2024,CR-Lowell,Lowell Line,342,1,day_type_01,weekday,1/1/2024 21:33,North Station,7.0,0,10,0,12388
Fall 2024,CR-Lowell,Lowell Line,343,0,day_type_01,weekday,1/1/2024 22:15,North Station,1.0,129,0,129,12389
Fall 2024,CR-Lowell,Lowell Line,343,0,day_type_01,weekday,1/1/2024 22:26,West Medford,2.0,2,15,116,12390
Fall 2024,CR-Lowell,Lowell Line,343,0,day_type_01,weekday,1/1/2024 22:29,Wedgemere,3.0,2,9,109,12391
Fall 2024,CR-Lowell,Lowell Line,343,0,day_type_01,weekday,1/1/2024 22:36,Anderson/Woburn,4.0,2,16,95,12392
Fall 2024,CR-Lowell,Lowell Line,343,0,day_type_01,weekday,1/1/2024 22:39,Wilmington,5.0,2,9,88,12393
Fall 2024,CR-Lowell,Lowell Line,343,0,day_type_01,weekday,1/1/2024 22:48,North Billerica,6.0,0,19,69,12394
Fall 2024,CR-Fitchburg,Fitchburg Line,402,1,day_type_01,weekday,1/1/2024 5:48,Ayer,5.0,15,2,54,12395
Fall 2024,CR-Fitchburg,Fitchburg Line,402,1,day_type_01,weekday,1/1/2024 5:56,Littleton/Rte 495,6.0,16,0,70,12396
Fall 2024,CR-Fitchburg,Fitchburg Line,402,1,day_type_01,weekday,1/1/2024 6:02,South Acton,7.0,33,1,102,12397
Fall 2024,CR-Fitchburg,Fitchburg Line,402,1,day_type_01,weekday,1/1/2024 6:06,West Concord,8.0,9,1,110,12398
Fall 2024,CR-Fitchburg,Fitchburg Line,402,1,day_type_01,weekday,1/1/2024 6:11,Concord,9.0,10,1,119,12399
Fall 2024,CR-Fitchburg,Fitchburg Line,402,1,day_type_01,weekday,1/1/2024 6:17,Lincoln,10.0,18,0,137,12400
Fall 2024,CR-Fitchburg,Fitchburg Line,482,1,day_type_01,weekday,1/1/2024 7:30,Kendal Green,6.0,55,8,307,12401
Fall 2024,CR-Fitchburg,Fitchburg Line,482,1,day_type_01,weekday,1/1/2024 7:34,Brandeis/Roberts,7.0,54,8,353,12402
Fall 2024,CR-Fitchburg,Fitchburg Line,482,1,day_type_01,weekday,1/1/2024 7:38,Waltham,8.0,95,12,436,12403
Fall 2024,CR-Fitchburg,Fitchburg Line,482,1,day_type_01,weekday,1/1/2024 7:43,Waverley,9.0,38,3,471,12404
Fall 2024,CR-Fitchburg,Fitchburg Line,482,1,day_type_01,weekday,1/1/2024 7:46,Belmont,10.0,41,6,506,12405
Fall 2024,CR-Fitchburg,Fitchburg Line,482,1,day_type_01,weekday,1/1/2024 7:52,Porter Square,11.0,12,73,445,12406
Fall 2024,CR-Fitchburg,Fitchburg Line,482,1,day_type_01,weekday,1/1/2024 8:07,North Station,12.0,0,445,0,12407
Fall 2024,CR-Fitchburg,Fitchburg Line,485,0,day_type_01,weekday,1/1/2024 9:30,North Station,1.0,28,0,28,12408
Fall 2024,CR-Fitchburg,Fitchburg Line,485,0,day_type_01,weekday,1/1/2024 9:40,Porter Square,2.0,22,10,40,12409
Fall 2024,CR-Fitchburg,Fitchburg Line,485,0,day_type_01,weekday,1/1/2024 9:45,Belmont,3.0,6,2,44,12410
Fall 2024,CR-Fitchburg,Fitchburg Line,485,0,day_type_01,weekday,1/1/2024 9:47,Waverley,4.0,2,6,40,12411
Fall 2024,CR-Fitchburg,Fitchburg Line,485,0,day_type_01,weekday,1/1/2024 9:52,Waltham,5.0,1,7,34,12412
Fall 2024,CR-Fitchburg,Fitchburg Line,485,0,day_type_01,weekday,1/1/2024 9:55,Brandeis/Roberts,6.0,0,19,15,12413
Fall 2024,CR-Fitchburg,Fitchburg Line,485,0,day_type_01,weekday,1/1/2024 9:59,Kendal Green,7.0,0,0,15,12414
Fall 2024,CR-Fitchburg,Fitchburg Line,485,0,day_type_01,weekday,1/1/2024 10:04,Lincoln,8.0,2,3,14,12415
Fall 2024,CR-Fitchburg,Fitchburg Line,485,0,day_type_01,weekday,1/1/2024 10:09,Concord,9.0,0,1,13,12416
Fall 2024,CR-Fitchburg,Fitchburg Line,485,0,day_type_01,weekday,1/1/2024 10:13,West Concord,10.0,0,4,9,12417
Fall 2024,CR-Fitchburg,Fitchburg Line,485,0,day_type_01,weekday,1/1/2024 10:18,South Acton,11.0,0,6,3,12418
Fall 2024,CR-Fitchburg,Fitchburg Line,498,1,day_type_01,weekday,1/1/2024 18:28,Belmont,10.0,1,14,90,12419
Fall 2024,CR-Fitchburg,Fitchburg Line,433,0,day_type_01,weekday,1/1/2024 22:40,Porter Square,2.0,8,12,165,12420
Fall 2024,CR-Worcester,Framingham/Worcester Line,502,1,day_type_01,weekday,1/1/2024 6:18,Boston Landing,15.0,25,6,437,12421
Fall 2024,CR-Fitchburg,Fitchburg Line,430,1,day_type_01,weekday,1/1/2024 21:40,North Leominster,3.0,8,1,8,12422
Fall 2024,CR-Fitchburg,Fitchburg Line,424,1,day_type_01,weekday,1/1/2024 17:03,Ayer,5.0,14,1,54,12423
Fall 2024,CR-Fitchburg,Fitchburg Line,490,1,day_type_01,weekday,1/1/2024 13:34,Waltham,8.0,11,0,35,12424
Fall 2024,CR-Fitchburg,Fitchburg Line,485,0,day_type_01,weekday,1/1/2024 10:25,Littleton/Rte 495,12.0,0,3,0,12425
Fall 2024,CR-Fitchburg,Fitchburg Line,486,1,day_type_01,weekday,1/1/2024 11:01,Littleton/Rte 495,1.0,4,0,4,12426
Fall 2024,CR-Fitchburg,Fitchburg Line,486,1,day_type_01,weekday,1/1/2024 11:07,South Acton,2.0,4,0,8,12427
Fall 2024,CR-Fitchburg,Fitchburg Line,486,1,day_type_01,weekday,1/1/2024 11:11,West Concord,3.0,3,0,11,12428
Fall 2024,CR-Fitchburg,Fitchburg Line,486,1,day_type_01,weekday,1/1/2024 11:15,Concord,4.0,8,2,17,12429
Fall 2024,CR-Fitchburg,Fitchburg Line,486,1,day_type_01,weekday,1/1/2024 11:21,Lincoln,5.0,4,4,17,12430
Fall 2024,CR-Fitchburg,Fitchburg Line,486,1,day_type_01,weekday,1/1/2024 11:27,Kendal Green,6.0,1,0,18,12431
Fall 2024,CR-Fitchburg,Fitchburg Line,486,1,day_type_01,weekday,1/1/2024 11:30,Brandeis/Roberts,7.0,7,0,25,12432
Fall 2024,CR-Fitchburg,Fitchburg Line,486,1,day_type_01,weekday,1/1/2024 11:34,Waltham,8.0,6,9,22,12433
Fall 2024,CR-Fitchburg,Fitchburg Line,486,1,day_type_01,weekday,1/1/2024 11:39,Waverley,9.0,7,1,28,12434
Fall 2024,CR-Fitchburg,Fitchburg Line,486,1,day_type_01,weekday,1/1/2024 11:41,Belmont,10.0,0,0,28,12435
Fall 2024,CR-Fitchburg,Fitchburg Line,486,1,day_type_01,weekday,1/1/2024 11:47,Porter Square,11.0,8,23,13,12436
Fall 2024,CR-Fitchburg,Fitchburg Line,486,1,day_type_01,weekday,1/1/2024 12:01,North Station,12.0,0,13,0,12437
Fall 2024,CR-Fitchburg,Fitchburg Line,489,0,day_type_01,weekday,1/1/2024 11:30,North Station,1.0,34,0,34,12438
Fall 2024,CR-Fitchburg,Fitchburg Line,489,0,day_type_01,weekday,1/1/2024 11:40,Porter Square,2.0,5,3,36,12439
Fall 2024,CR-Fitchburg,Fitchburg Line,489,0,day_type_01,weekday,1/1/2024 11:45,Belmont,3.0,3,3,36,12440
Fall 2024,CR-Fitchburg,Fitchburg Line,489,0,day_type_01,weekday,1/1/2024 11:47,Waverley,4.0,0,1,35,12441
Fall 2024,CR-Fitchburg,Fitchburg Line,489,0,day_type_01,weekday,1/1/2024 11:52,Waltham,5.0,3,8,30,12442
Fall 2024,CR-Fitchburg,Fitchburg Line,489,0,day_type_01,weekday,1/1/2024 11:55,Brandeis/Roberts,6.0,0,12,18,12443
Fall 2024,CR-Fitchburg,Fitchburg Line,489,0,day_type_01,weekday,1/1/2024 11:59,Kendal Green,7.0,0,0,18,12444
Fall 2024,CR-Fitchburg,Fitchburg Line,489,0,day_type_01,weekday,1/1/2024 12:04,Lincoln,8.0,0,5,13,12445
Fall 2024,CR-Fitchburg,Fitchburg Line,489,0,day_type_01,weekday,1/1/2024 12:09,Concord,9.0,6,5,14,12446
Fall 2024,CR-Fitchburg,Fitchburg Line,489,0,day_type_01,weekday,1/1/2024 12:13,West Concord,10.0,0,9,5,12447
Fall 2024,CR-Fitchburg,Fitchburg Line,489,0,day_type_01,weekday,1/1/2024 12:18,South Acton,11.0,0,2,3,12448
Fall 2024,CR-Fitchburg,Fitchburg Line,489,0,day_type_01,weekday,1/1/2024 12:25,Littleton/Rte 495,12.0,0,3,0,12449
Fall 2024,CR-Fitchburg,Fitchburg Line,490,1,day_type_01,weekday,1/1/2024 13:01,Littleton/Rte 495,1.0,11,0,11,12450
Fall 2024,CR-Fitchburg,Fitchburg Line,490,1,day_type_01,weekday,1/1/2024 13:07,South Acton,2.0,2,0,13,12451
Fall 2024,CR-Fitchburg,Fitchburg Line,490,1,day_type_01,weekday,1/1/2024 13:11,West Concord,3.0,1,0,14,12452
Fall 2024,CR-Fitchburg,Fitchburg Line,490,1,day_type_01,weekday,1/1/2024 13:15,Concord,4.0,2,0,16,12453
Fall 2024,CR-Fitchburg,Fitchburg Line,490,1,day_type_01,weekday,1/1/2024 13:21,Lincoln,5.0,2,0,18,12454
Fall 2024,CR-Fitchburg,Fitchburg Line,490,1,day_type_01,weekday,1/1/2024 13:27,Kendal Green,6.0,0,0,18,12455
Fall 2024,CR-Fitchburg,Fitchburg Line,490,1,day_type_01,weekday,1/1/2024 13:30,Brandeis/Roberts,7.0,6,0,24,12456
Fall 2024,CR-Worcester,Framingham/Worcester Line,502,1,day_type_01,weekday,1/1/2024 6:23,Lansdowne,16.0,13,93,357,12457
Fall 2024,CR-Fitchburg,Fitchburg Line,430,1,day_type_01,weekday,1/1/2024 21:48,Shirley,4.0,0,1,7,12458
Fall 2024,CR-Fitchburg,Fitchburg Line,433,0,day_type_01,weekday,1/1/2024 22:45,Belmont,3.0,0,7,158,12459
Fall 2024,CR-Fitchburg,Fitchburg Line,424,1,day_type_01,weekday,1/1/2024 17:11,Littleton/Rte 495,6.0,6,4,56,12460
Fall 2024,CR-Fitchburg,Fitchburg Line,498,1,day_type_01,weekday,1/1/2024 18:34,Porter Square,11.0,7,34,63,12461
Fall 2024,CR-Worcester,Framingham/Worcester Line,502,1,day_type_01,weekday,1/1/2024 6:30,Back Bay,17.0,4,138,223,12462
Fall 2024,CR-Fitchburg,Fitchburg Line,430,1,day_type_01,weekday,1/1/2024 21:53,Ayer,5.0,4,1,10,12463
Fall 2024,CR-Fitchburg,Fitchburg Line,498,1,day_type_01,weekday,1/1/2024 18:47,North Station,12.0,0,63,0,12464
Fall 2024,CR-Fitchburg,Fitchburg Line,433,0,day_type_01,weekday,1/1/2024 22:47,Waverley,4.0,0,23,135,12465
Fall 2024,CR-Fitchburg,Fitchburg Line,424,1,day_type_01,weekday,1/1/2024 17:17,South Acton,7.0,11,2,65,12466
Fall 2024,CR-Fitchburg,Fitchburg Line,433,0,day_type_01,weekday,1/1/2024 22:52,Waltham,5.0,2,29,108,12467
Fall 2024,CR-Fitchburg,Fitchburg Line,424,1,day_type_01,weekday,1/1/2024 17:21,West Concord,8.0,19,1,83,12468
Fall 2024,CR-Fitchburg,Fitchburg Line,433,0,day_type_01,weekday,1/1/2024 22:55,Brandeis/Roberts,6.0,0,3,105,12469
Fall 2024,CR-Fitchburg,Fitchburg Line,490,1,day_type_01,weekday,1/1/2024 13:39,Waverley,9.0,1,1,35,12470
Fall 2024,CR-Worcester,Framingham/Worcester Line,502,1,day_type_01,weekday,1/1/2024 6:36,South Station,18.0,0,223,0,12471
Fall 2024,CR-Fitchburg,Fitchburg Line,433,0,day_type_01,weekday,1/1/2024 22:59,Kendal Green,7.0,0,1,104,12472
Fall 2024,CR-Fitchburg,Fitchburg Line,424,1,day_type_01,weekday,1/1/2024 17:25,Concord,9.0,16,0,99,12473
Fall 2024,CR-Fitchburg,Fitchburg Line,430,1,day_type_01,weekday,1/1/2024 22:01,Littleton/Rte 495,6.0,0,0,10,12474
Fall 2024,CR-Fitchburg,Fitchburg Line,490,1,day_type_01,weekday,1/1/2024 13:41,Belmont,10.0,1,1,35,12475
Fall 2024,CR-Worcester,Framingham/Worcester Line,500,1,day_type_01,weekday,1/1/2024 4:15,Worcester,1.0,9,0,9,12476
Fall 2024,CR-Worcester,Framingham/Worcester Line,503,0,day_type_01,weekday,1/1/2024 5:25,South Station,1.0,6,0,6,12477
Fall 2024,CR-Fitchburg,Fitchburg Line,433,0,day_type_01,weekday,1/1/2024 23:04,Lincoln,8.0,0,5,99,12478
Fall 2024,CR-Fitchburg,Fitchburg Line,424,1,day_type_01,weekday,1/1/2024 17:31,Lincoln,10.0,7,0,106,12479
Fall 2024,CR-Fitchburg,Fitchburg Line,424,1,day_type_01,weekday,1/1/2024 17:37,Kendal Green,11.0,11,0,117,12480
Fall 2024,CR-Fitchburg,Fitchburg Line,424,1,day_type_01,weekday,1/1/2024 17:40,Brandeis/Roberts,12.0,59,3,173,12481
Fall 2024,CR-Fitchburg,Fitchburg Line,424,1,day_type_01,weekday,1/1/2024 17:44,Waltham,13.0,27,13,187,12482
Fall 2024,CR-Fitchburg,Fitchburg Line,424,1,day_type_01,weekday,1/1/2024 17:49,Waverley,14.0,10,4,193,12483
Fall 2024,CR-Fitchburg,Fitchburg Line,424,1,day_type_01,weekday,1/1/2024 17:51,Belmont,15.0,10,5,198,12484
Fall 2024,CR-Fitchburg,Fitchburg Line,424,1,day_type_01,weekday,1/1/2024 17:57,Porter Square,16.0,31,59,170,12485
Fall 2024,CR-Fitchburg,Fitchburg Line,424,1,day_type_01,weekday,1/1/2024 18:11,North Station,17.0,0,171,-1,12486
Fall 2024,CR-Fitchburg,Fitchburg Line,425,0,day_type_01,weekday,1/1/2024 17:30,North Station,1.0,462,0,462,12487
Fall 2024,CR-Fitchburg,Fitchburg Line,425,0,day_type_01,weekday,1/1/2024 17:40,Porter Square,2.0,33,20,475,12488
Fall 2024,CR-Fitchburg,Fitchburg Line,425,0,day_type_01,weekday,1/1/2024 17:45,Belmont,3.0,3,29,449,12489
Fall 2024,CR-Fitchburg,Fitchburg Line,425,0,day_type_01,weekday,1/1/2024 17:47,Waverley,4.0,3,49,403,12490
Fall 2024,CR-Fitchburg,Fitchburg Line,425,0,day_type_01,weekday,1/1/2024 17:53,Waltham,5.0,5,79,329,12491
Fall 2024,CR-Fitchburg,Fitchburg Line,425,0,day_type_01,weekday,1/1/2024 17:56,Brandeis/Roberts,6.0,6,20,315,12492
Fall 2024,CR-Fitchburg,Fitchburg Line,425,0,day_type_01,weekday,1/1/2024 18:00,Kendal Green,7.0,0,21,294,12493
Fall 2024,CR-Fitchburg,Fitchburg Line,425,0,day_type_01,weekday,1/1/2024 18:05,Lincoln,8.0,1,39,256,12494
Fall 2024,CR-Fitchburg,Fitchburg Line,425,0,day_type_01,weekday,1/1/2024 18:10,Concord,9.0,0,56,200,12495
Fall 2024,CR-Fitchburg,Fitchburg Line,425,0,day_type_01,weekday,1/1/2024 18:15,West Concord,10.0,3,48,155,12496
Fall 2024,CR-Fitchburg,Fitchburg Line,425,0,day_type_01,weekday,1/1/2024 18:20,South Acton,11.0,0,64,91,12497
Fall 2024,CR-Fitchburg,Fitchburg Line,425,0,day_type_01,weekday,1/1/2024 18:28,Littleton/Rte 495,12.0,0,31,60,12498
Fall 2024,CR-Fitchburg,Fitchburg Line,425,0,day_type_01,weekday,1/1/2024 18:36,Ayer,13.0,7,23,44,12499
Fall 2024,CR-Fitchburg,Fitchburg Line,425,0,day_type_01,weekday,1/1/2024 18:41,Shirley,14.0,0,13,31,12500
Fall 2024,CR-Fitchburg,Fitchburg Line,425,0,day_type_01,weekday,1/1/2024 18:50,North Leominster,15.0,0,20,11,12501
Fall 2024,CR-Fitchburg,Fitchburg Line,425,0,day_type_01,weekday,1/1/2024 18:59,Fitchburg,16.0,0,8,3,12502
Fall 2024,CR-Fitchburg,Fitchburg Line,425,0,day_type_01,weekday,1/1/2024 19:11,Wachusett,17.0,0,3,0,12503
Fall 2024,CR-Fitchburg,Fitchburg Line,426,1,day_type_01,weekday,1/1/2024 18:15,Wachusett,1.0,0,0,0,12504
Fall 2024,CR-Fitchburg,Fitchburg Line,426,1,day_type_01,weekday,1/1/2024 18:25,Fitchburg,2.0,12,0,12,12505
Fall 2024,CR-Fitchburg,Fitchburg Line,426,1,day_type_01,weekday,1/1/2024 18:32,North Leominster,3.0,12,0,24,12506
Fall 2024,CR-Fitchburg,Fitchburg Line,426,1,day_type_01,weekday,1/1/2024 18:40,Shirley,4.0,3,4,23,12507
Fall 2024,CR-Fitchburg,Fitchburg Line,426,1,day_type_01,weekday,1/1/2024 18:45,Ayer,5.0,2,6,19,12508
Fall 2024,CR-Fitchburg,Fitchburg Line,426,1,day_type_01,weekday,1/1/2024 18:53,Littleton/Rte 495,6.0,10,0,29,12509
Fall 2024,CR-Fitchburg,Fitchburg Line,426,1,day_type_01,weekday,1/1/2024 18:59,South Acton,7.0,6,0,35,12510
Fall 2024,CR-Fitchburg,Fitchburg Line,426,1,day_type_01,weekday,1/1/2024 19:03,West Concord,8.0,10,0,45,12511
Fall 2024,CR-Fitchburg,Fitchburg Line,426,1,day_type_01,weekday,1/1/2024 19:07,Concord,9.0,28,2,71,12512
Fall 2024,CR-Fitchburg,Fitchburg Line,426,1,day_type_01,weekday,1/1/2024 19:13,Lincoln,10.0,0,2,69,12513
Fall 2024,CR-Fitchburg,Fitchburg Line,426,1,day_type_01,weekday,1/1/2024 19:19,Kendal Green,11.0,0,0,69,12514
Fall 2024,CR-Fitchburg,Fitchburg Line,426,1,day_type_01,weekday,1/1/2024 19:22,Brandeis/Roberts,12.0,36,8,97,12515
Fall 2024,CR-Fitchburg,Fitchburg Line,426,1,day_type_01,weekday,1/1/2024 19:26,Waltham,13.0,22,12,107,12516
Fall 2024,CR-Fitchburg,Fitchburg Line,426,1,day_type_01,weekday,1/1/2024 19:31,Waverley,14.0,3,0,110,12517
Fall 2024,CR-Fitchburg,Fitchburg Line,426,1,day_type_01,weekday,1/1/2024 19:33,Belmont,15.0,2,6,106,12518
Fall 2024,CR-Fitchburg,Fitchburg Line,426,1,day_type_01,weekday,1/1/2024 19:39,Porter Square,16.0,0,48,58,12519
Fall 2024,CR-Fitchburg,Fitchburg Line,426,1,day_type_01,weekday,1/1/2024 19:53,North Station,17.0,0,58,0,12520
Fall 2024,CR-Fitchburg,Fitchburg Line,427,0,day_type_01,weekday,1/1/2024 18:30,North Station,1.0,138,0,138,12521
Fall 2024,CR-Fitchburg,Fitchburg Line,427,0,day_type_01,weekday,1/1/2024 18:40,Porter Square,2.0,48,9,177,12522
Fall 2024,CR-Fitchburg,Fitchburg Line,427,0,day_type_01,weekday,1/1/2024 18:45,Belmont,3.0,1,9,169,12523
Fall 2024,CR-Worcester,Framingham/Worcester Line,500,1,day_type_01,weekday,1/1/2024 4:28,Grafton,2.0,4,0,13,12524
Fall 2024,CR-Fitchburg,Fitchburg Line,433,0,day_type_01,weekday,1/1/2024 23:09,Concord,9.0,0,4,95,12525
Fall 2024,CR-Fitchburg,Fitchburg Line,490,1,day_type_01,weekday,1/1/2024 13:47,Porter Square,11.0,4,11,28,12526
Fall 2024,CR-Worcester,Framingham/Worcester Line,500,1,day_type_01,weekday,1/1/2024 4:31,Westborough,3.0,5,0,18,12527
Fall 2024,CR-Worcester,Framingham/Worcester Line,503,0,day_type_01,weekday,1/1/2024 5:31,Back Bay,2.0,1,0,7,12528
Fall 2024,CR-Fitchburg,Fitchburg Line,433,0,day_type_01,weekday,1/1/2024 23:13,West Concord,10.0,0,12,83,12529
Fall 2024,CR-Fitchburg,Fitchburg Line,430,1,day_type_01,weekday,1/1/2024 22:07,South Acton,7.0,3,1,12,12530
Fall 2024,CR-Worcester,Framingham/Worcester Line,500,1,day_type_01,weekday,1/1/2024 4:41,Southborough,4.0,6,0,24,12531
Fall 2024,CR-Worcester,Framingham/Worcester Line,503,0,day_type_01,weekday,1/1/2024 5:36,Lansdowne,3.0,0,0,7,12532
Fall 2024,CR-Fitchburg,Fitchburg Line,433,0,day_type_01,weekday,1/1/2024 23:18,South Acton,11.0,0,17,66,12533
Fall 2024,CR-Fitchburg,Fitchburg Line,490,1,day_type_01,weekday,1/1/2024 14:01,North Station,12.0,0,28,0,12534
Fall 2024,CR-Fitchburg,Fitchburg Line,430,1,day_type_01,weekday,1/1/2024 22:11,West Concord,8.0,4,0,16,12535
Fall 2024,CR-Worcester,Framingham/Worcester Line,500,1,day_type_01,weekday,1/1/2024 4:45,Ashland,5.0,3,0,27,12536
Fall 2024,CR-Worcester,Framingham/Worcester Line,503,0,day_type_01,weekday,1/1/2024 5:41,Boston Landing,4.0,4,2,9,12537
Fall 2024,CR-Fitchburg,Fitchburg Line,433,0,day_type_01,weekday,1/1/2024 23:25,Littleton/Rte 495,12.0,0,21,45,12538
Fall 2024,CR-Fitchburg,Fitchburg Line,493,0,day_type_01,weekday,1/1/2024 13:30,North Station,1.0,31,0,31,12539
Fall 2024,CR-Fitchburg,Fitchburg Line,430,1,day_type_01,weekday,1/1/2024 22:15,Concord,9.0,4,0,20,12540
Fall 2024,CR-Worcester,Framingham/Worcester Line,500,1,day_type_01,weekday,1/1/2024 4:55,Framingham,6.0,9,0,36,12541
Fall 2024,CR-Worcester,Framingham/Worcester Line,503,0,day_type_01,weekday,1/1/2024 5:51,Wellesley Farms,5.0,1,0,10,12542
Fall 2024,CR-Fitchburg,Fitchburg Line,433,0,day_type_01,weekday,1/1/2024 23:33,Ayer,13.0,0,12,33,12543
Fall 2024,CR-Fitchburg,Fitchburg Line,493,0,day_type_01,weekday,1/1/2024 13:40,Porter Square,2.0,17,1,47,12544
Fall 2024,CR-Fitchburg,Fitchburg Line,430,1,day_type_01,weekday,1/1/2024 22:21,Lincoln,10.0,4,1,23,12545
Fall 2024,CR-Worcester,Framingham/Worcester Line,500,1,day_type_01,weekday,1/1/2024 5:00,West Natick,7.0,7,0,43,12546
Fall 2024,CR-Worcester,Framingham/Worcester Line,503,0,day_type_01,weekday,1/1/2024 5:53,Wellesley Hills,6.0,0,1,9,12547
Fall 2024,CR-Fitchburg,Fitchburg Line,433,0,day_type_01,weekday,1/1/2024 23:38,Shirley,14.0,0,1,32,12548
Fall 2024,CR-Fitchburg,Fitchburg Line,493,0,day_type_01,weekday,1/1/2024 13:45,Belmont,3.0,0,1,46,12549
Fall 2024,CR-Fitchburg,Fitchburg Line,430,1,day_type_01,weekday,1/1/2024 22:27,Kendal Green,11.0,1,0,24,12550
Fall 2024,CR-Worcester,Framingham/Worcester Line,500,1,day_type_01,weekday,1/1/2024 5:05,Natick Center,8.0,7,0,50,12551
Fall 2024,CR-Worcester,Framingham/Worcester Line,503,0,day_type_01,weekday,1/1/2024 5:56,Wellesley Square,7.0,0,1,8,12552
Fall 2024,CR-Worcester,Framingham/Worcester Line,503,0,day_type_01,weekday,1/1/2024 6:00,Natick Center,8.0,1,1,8,12553
Fall 2024,CR-Worcester,Framingham/Worcester Line,503,0,day_type_01,weekday,1/1/2024 6:05,West Natick,9.0,1,0,9,12554
Fall 2024,CR-Worcester,Framingham/Worcester Line,503,0,day_type_01,weekday,1/1/2024 6:10,Framingham,10.0,2,3,8,12555
Fall 2024,CR-Worcester,Framingham/Worcester Line,503,0,day_type_01,weekday,1/1/2024 6:16,Ashland,11.0,0,0,8,12556
Fall 2024,CR-Worcester,Framingham/Worcester Line,503,0,day_type_01,weekday,1/1/2024 6:21,Southborough,12.0,1,0,9,12557
Fall 2024,CR-Worcester,Framingham/Worcester Line,503,0,day_type_01,weekday,1/1/2024 6:30,Westborough,13.0,2,3,8,12558
Fall 2024,CR-Worcester,Framingham/Worcester Line,503,0,day_type_01,weekday,1/1/2024 6:35,Grafton,14.0,1,0,9,12559
Fall 2024,CR-Worcester,Framingham/Worcester Line,503,0,day_type_01,weekday,1/1/2024 6:52,Worcester,15.0,0,9,0,12560
Fall 2024,CR-Worcester,Framingham/Worcester Line,504,1,day_type_01,weekday,1/1/2024 5:45,Worcester,1.0,105,0,105,12561
Fall 2024,CR-Worcester,Framingham/Worcester Line,504,1,day_type_01,weekday,1/1/2024 5:58,Grafton,2.0,44,0,149,12562
Fall 2024,CR-Worcester,Framingham/Worcester Line,504,1,day_type_01,weekday,1/1/2024 6:02,Westborough,3.0,25,2,172,12563
Fall 2024,CR-Worcester,Framingham/Worcester Line,504,1,day_type_01,weekday,1/1/2024 6:11,Southborough,4.0,36,0,208,12564
Fall 2024,CR-Worcester,Framingham/Worcester Line,504,1,day_type_01,weekday,1/1/2024 6:16,Ashland,5.0,32,0,240,12565
Fall 2024,CR-Worcester,Framingham/Worcester Line,504,1,day_type_01,weekday,1/1/2024 6:26,Framingham,6.0,59,7,292,12566
Fall 2024,CR-Worcester,Framingham/Worcester Line,504,1,day_type_01,weekday,1/1/2024 6:32,West Natick,7.0,44,2,334,12567
Fall 2024,CR-Worcester,Framingham/Worcester Line,504,1,day_type_01,weekday,1/1/2024 6:49,Boston Landing,8.0,39,10,363,12568
Fall 2024,CR-Worcester,Framingham/Worcester Line,504,1,day_type_01,weekday,1/1/2024 6:54,Lansdowne,9.0,7,93,277,12569
Fall 2024,CR-Worcester,Framingham/Worcester Line,504,1,day_type_01,weekday,1/1/2024 7:04,Back Bay,10.0,0,120,157,12570
Fall 2024,CR-Worcester,Framingham/Worcester Line,504,1,day_type_01,weekday,1/1/2024 7:10,South Station,11.0,0,157,0,12571
Fall 2024,CR-Worcester,Framingham/Worcester Line,505,0,day_type_01,weekday,1/1/2024 6:02,South Station,1.0,29,0,29,12572
Fall 2024,CR-Worcester,Framingham/Worcester Line,505,0,day_type_01,weekday,1/1/2024 6:08,Back Bay,2.0,15,2,42,12573
Fall 2024,CR-Worcester,Framingham/Worcester Line,505,0,day_type_01,weekday,1/1/2024 6:13,Lansdowne,3.0,2,2,42,12574
Fall 2024,CR-Worcester,Framingham/Worcester Line,505,0,day_type_01,weekday,1/1/2024 6:18,Boston Landing,4.0,6,6,42,12575
Fall 2024,CR-Worcester,Framingham/Worcester Line,505,0,day_type_01,weekday,1/1/2024 6:31,Wellesley Square,5.0,0,5,37,12576
Fall 2024,CR-Worcester,Framingham/Worcester Line,505,0,day_type_01,weekday,1/1/2024 6:43,Framingham,6.0,5,4,38,12577
Fall 2024,CR-Worcester,Framingham/Worcester Line,505,0,day_type_01,weekday,1/1/2024 6:49,Ashland,7.0,0,4,34,12578
Fall 2024,CR-Worcester,Framingham/Worcester Line,505,0,day_type_01,weekday,1/1/2024 6:54,Southborough,8.0,1,1,34,12579
Fall 2024,CR-Worcester,Framingham/Worcester Line,505,0,day_type_01,weekday,1/1/2024 7:03,Westborough,9.0,0,5,29,12580
Fall 2024,CR-Worcester,Framingham/Worcester Line,505,0,day_type_01,weekday,1/1/2024 7:08,Grafton,10.0,1,3,27,12581
Fall 2024,CR-Worcester,Framingham/Worcester Line,505,0,day_type_01,weekday,1/1/2024 7:25,Worcester,11.0,0,27,0,12582
Fall 2024,CR-Worcester,Framingham/Worcester Line,506,1,day_type_01,weekday,1/1/2024 6:30,Worcester,1.0,123,0,123,12583
Fall 2024,CR-Worcester,Framingham/Worcester Line,506,1,day_type_01,weekday,1/1/2024 6:43,Grafton,2.0,49,0,172,12584
Fall 2024,CR-Worcester,Framingham/Worcester Line,506,1,day_type_01,weekday,1/1/2024 6:47,Westborough,3.0,46,1,217,12585
Fall 2024,CR-Worcester,Framingham/Worcester Line,506,1,day_type_01,weekday,1/1/2024 6:56,Southborough,4.0,46,2,261,12586
Fall 2024,CR-Worcester,Framingham/Worcester Line,506,1,day_type_01,weekday,1/1/2024 7:01,Ashland,5.0,67,1,327,12587
Fall 2024,CR-Worcester,Framingham/Worcester Line,506,1,day_type_01,weekday,1/1/2024 7:11,Framingham,6.0,64,13,378,12588
Fall 2024,CR-Worcester,Framingham/Worcester Line,506,1,day_type_01,weekday,1/1/2024 7:17,West Natick,7.0,77,1,454,12589
Fall 2024,CR-Worcester,Framingham/Worcester Line,506,1,day_type_01,weekday,1/1/2024 7:35,Boston Landing,8.0,45,14,485,12590
Fall 2024,CR-Worcester,Framingham/Worcester Line,506,1,day_type_01,weekday,1/1/2024 7:40,Lansdowne,9.0,16,113,388,12591
Fall 2024,CR-Fitchburg,Fitchburg Line,430,1,day_type_01,weekday,1/1/2024 22:30,Brandeis/Roberts,12.0,9,0,33,12592
Fall 2024,CR-Fitchburg,Fitchburg Line,433,0,day_type_01,weekday,1/1/2024 23:47,North Leominster,15.0,0,2,30,12593
Fall 2024,CR-Worcester,Framingham/Worcester Line,500,1,day_type_01,weekday,1/1/2024 5:09,Wellesley Square,9.0,2,0,52,12594
Fall 2024,CR-Fitchburg,Fitchburg Line,430,1,day_type_01,weekday,1/1/2024 22:34,Waltham,13.0,6,10,29,12595
Fall 2024,CR-Fitchburg,Fitchburg Line,433,0,day_type_01,weekday,1/1/2024 23:55,Fitchburg,16.0,0,15,15,12596
Fall 2024,CR-Fitchburg,Fitchburg Line,493,0,day_type_01,weekday,1/1/2024 13:47,Waverley,4.0,1,2,45,12597
Fall 2024,CR-Worcester,Framingham/Worcester Line,500,1,day_type_01,weekday,1/1/2024 5:13,Wellesley Hills,10.0,2,0,54,12598
Fall 2024,CR-Fitchburg,Fitchburg Line,433,0,day_type_01,weekday,1/1/2024 0:06,Wachusett,17.0,0,15,0,12599
Fall 2024,CR-Fitchburg,Fitchburg Line,430,1,day_type_01,weekday,1/1/2024 22:39,Waverley,14.0,0,2,27,12600
Fall 2024,CR-Fitchburg,Fitchburg Line,493,0,day_type_01,weekday,1/1/2024 13:52,Waltham,5.0,2,4,43,12601
Fall 2024,CR-Worcester,Framingham/Worcester Line,500,1,day_type_01,weekday,1/1/2024 5:16,Wellesley Farms,11.0,4,0,58,12602
Fall 2024,CR-Fitchburg,Fitchburg Line,435,0,day_type_01,weekday,1/1/2024 23:50,North Station,1.0,45,0,45,12603
Fall 2024,CR-Fitchburg,Fitchburg Line,430,1,day_type_01,weekday,1/1/2024 22:41,Belmont,15.0,0,1,26,12604
Fall 2024,CR-Fitchburg,Fitchburg Line,493,0,day_type_01,weekday,1/1/2024 13:55,Brandeis/Roberts,6.0,0,10,33,12605
Fall 2024,CR-Worcester,Framingham/Worcester Line,500,1,day_type_01,weekday,1/1/2024 5:21,Auburndale,12.0,0,0,58,12606
Fall 2024,CR-Fitchburg,Fitchburg Line,435,0,day_type_01,weekday,1/1/2024,Porter Square,2.0,5,4,46,12607
Fall 2024,CR-Fitchburg,Fitchburg Line,430,1,day_type_01,weekday,1/1/2024 22:47,Porter Square,16.0,0,9,17,12608
Fall 2024,CR-Fitchburg,Fitchburg Line,493,0,day_type_01,weekday,1/1/2024 13:59,Kendal Green,7.0,0,2,31,12609
Fall 2024,CR-Worcester,Framingham/Worcester Line,500,1,day_type_01,weekday,1/1/2024 5:24,West Newton,13.0,3,0,61,12610
Fall 2024,CR-Fitchburg,Fitchburg Line,435,0,day_type_01,weekday,1/1/2024 0:05,Belmont,3.0,0,0,46,12611
Fall 2024,CR-Fitchburg,Fitchburg Line,430,1,day_type_01,weekday,1/1/2024 23:01,North Station,17.0,0,16,1,12612
Fall 2024,CR-Fitchburg,Fitchburg Line,493,0,day_type_01,weekday,1/1/2024 14:04,Lincoln,8.0,0,2,29,12613
Fall 2024,CR-Worcester,Framingham/Worcester Line,500,1,day_type_01,weekday,1/1/2024 5:27,Newtonville,14.0,4,1,64,12614
Fall 2024,CR-Fitchburg,Fitchburg Line,435,0,day_type_01,weekday,1/1/2024 0:07,Waverley,4.0,0,0,46,12615
Fall 2024,CR-Fitchburg,Fitchburg Line,431,0,day_type_01,weekday,1/1/2024 21:00,North Station,1.0,70,0,70,12616
Fall 2024,CR-Fitchburg,Fitchburg Line,493,0,day_type_01,weekday,1/1/2024 14:09,Concord,9.0,2,6,25,12617
Fall 2024,CR-Worcester,Framingham/Worcester Line,500,1,day_type_01,weekday,1/1/2024 5:32,Boston Landing,15.0,5,4,65,12618
Fall 2024,CR-Fitchburg,Fitchburg Line,435,0,day_type_01,weekday,1/1/2024 0:12,Waltham,5.0,1,17,30,12619
Fall 2024,CR-Fitchburg,Fitchburg Line,431,0,day_type_01,weekday,1/1/2024 21:10,Porter Square,2.0,3,20,53,12620
Fall 2024,CR-Fitchburg,Fitchburg Line,493,0,day_type_01,weekday,1/1/2024 14:13,West Concord,10.0,0,9,16,12621
Fall 2024,CR-Fitchburg,Fitchburg Line,493,0,day_type_01,weekday,1/1/2024 14:18,South Acton,11.0,0,9,7,12622
Fall 2024,CR-Fitchburg,Fitchburg Line,493,0,day_type_01,weekday,1/1/2024 14:25,Littleton/Rte 495,12.0,0,7,0,12623
Fall 2024,CR-Fitchburg,Fitchburg Line,494,1,day_type_01,weekday,1/1/2024 15:01,Littleton/Rte 495,1.0,4,0,4,12624
Fall 2024,CR-Fitchburg,Fitchburg Line,494,1,day_type_01,weekday,1/1/2024 15:07,South Acton,2.0,6,0,10,12625
Fall 2024,CR-Fitchburg,Fitchburg Line,494,1,day_type_01,weekday,1/1/2024 15:11,West Concord,3.0,6,0,16,12626
Fall 2024,CR-Fitchburg,Fitchburg Line,494,1,day_type_01,weekday,1/1/2024 15:15,Concord,4.0,8,1,23,12627
Fall 2024,CR-Fitchburg,Fitchburg Line,494,1,day_type_01,weekday,1/1/2024 15:21,Lincoln,5.0,7,0,30,12628
Fall 2024,CR-Fitchburg,Fitchburg Line,494,1,day_type_01,weekday,1/1/2024 15:27,Kendal Green,6.0,2,0,32,12629
Fall 2024,CR-Fitchburg,Fitchburg Line,494,1,day_type_01,weekday,1/1/2024 15:30,Brandeis/Roberts,7.0,19,0,51,12630
Fall 2024,CR-Fitchburg,Fitchburg Line,494,1,day_type_01,weekday,1/1/2024 15:34,Waltham,8.0,13,10,54,12631
Fall 2024,CR-Fitchburg,Fitchburg Line,494,1,day_type_01,weekday,1/1/2024 15:39,Waverley,9.0,6,5,55,12632
Fall 2024,CR-Fitchburg,Fitchburg Line,494,1,day_type_01,weekday,1/1/2024 15:41,Belmont,10.0,0,2,53,12633
Fall 2024,CR-Fitchburg,Fitchburg Line,494,1,day_type_01,weekday,1/1/2024 15:47,Porter Square,11.0,6,27,32,12634
Fall 2024,CR-Fitchburg,Fitchburg Line,494,1,day_type_01,weekday,1/1/2024 16:01,North Station,12.0,0,32,0,12635
Fall 2024,CR-Fitchburg,Fitchburg Line,497,0,day_type_01,weekday,1/1/2024 16:25,North Station,1.0,292,0,292,12636
Fall 2024,CR-Fitchburg,Fitchburg Line,497,0,day_type_01,weekday,1/1/2024 16:35,Porter Square,2.0,39,8,323,12637
Fall 2024,CR-Fitchburg,Fitchburg Line,497,0,day_type_01,weekday,1/1/2024 16:40,Belmont,3.0,1,13,311,12638
Fall 2024,CR-Fitchburg,Fitchburg Line,497,0,day_type_01,weekday,1/1/2024 16:42,Waverley,4.0,3,20,294,12639
Fall 2024,CR-Fitchburg,Fitchburg Line,497,0,day_type_01,weekday,1/1/2024 16:47,Waltham,5.0,13,51,256,12640
Fall 2024,CR-Fitchburg,Fitchburg Line,497,0,day_type_01,weekday,1/1/2024 16:50,Brandeis/Roberts,6.0,6,17,245,12641
Fall 2024,CR-Fitchburg,Fitchburg Line,497,0,day_type_01,weekday,1/1/2024 16:54,Kendal Green,7.0,2,21,226,12642
Fall 2024,CR-Fitchburg,Fitchburg Line,497,0,day_type_01,weekday,1/1/2024 16:59,Lincoln,8.0,0,26,200,12643
Fall 2024,CR-Fitchburg,Fitchburg Line,497,0,day_type_01,weekday,1/1/2024 17:04,Concord,9.0,2,38,164,12644
Fall 2024,CR-Fitchburg,Fitchburg Line,497,0,day_type_01,weekday,1/1/2024 17:09,West Concord,10.0,1,35,130,12645
Fall 2024,CR-Fitchburg,Fitchburg Line,497,0,day_type_01,weekday,1/1/2024 17:14,South Acton,11.0,1,73,58,12646
Fall 2024,CR-Fitchburg,Fitchburg Line,497,0,day_type_01,weekday,1/1/2024 17:22,Littleton/Rte 495,12.0,0,58,0,12647
Fall 2024,CR-Fitchburg,Fitchburg Line,498,1,day_type_01,weekday,1/1/2024 17:48,Littleton/Rte 495,1.0,5,0,5,12648
Fall 2024,CR-Fitchburg,Fitchburg Line,498,1,day_type_01,weekday,1/1/2024 17:54,South Acton,2.0,6,0,11,12649
Fall 2024,CR-Fitchburg,Fitchburg Line,498,1,day_type_01,weekday,1/1/2024 17:58,West Concord,3.0,4,0,15,12650
Fall 2024,CR-Fitchburg,Fitchburg Line,498,1,day_type_01,weekday,1/1/2024 18:02,Concord,4.0,52,2,65,12651
Fall 2024,CR-Fitchburg,Fitchburg Line,498,1,day_type_01,weekday,1/1/2024 18:08,Lincoln,5.0,5,1,69,12652
Fall 2024,CR-Fitchburg,Fitchburg Line,498,1,day_type_01,weekday,1/1/2024 18:14,Kendal Green,6.0,2,1,70,12653
Fall 2024,CR-Fitchburg,Fitchburg Line,498,1,day_type_01,weekday,1/1/2024 18:17,Brandeis/Roberts,7.0,21,15,76,12654
Fall 2024,CR-Fitchburg,Fitchburg Line,498,1,day_type_01,weekday,1/1/2024 18:21,Waltham,8.0,28,6,98,12655
Fall 2024,CR-Fitchburg,Fitchburg Line,498,1,day_type_01,weekday,1/1/2024 18:26,Waverley,9.0,9,4,103,12656
Fall 2024,CR-Fitchburg,Fitchburg Line,427,0,day_type_01,weekday,1/1/2024 18:47,Waverley,4.0,1,12,158,12657
Fall 2024,CR-Worcester,Framingham/Worcester Line,500,1,day_type_01,weekday,1/1/2024 5:37,Lansdowne,16.0,0,16,49,12658
Fall 2024,CR-Fitchburg,Fitchburg Line,427,0,day_type_01,weekday,1/1/2024 18:52,Waltham,5.0,6,27,137,12659
Fall 2024,CR-Fitchburg,Fitchburg Line,435,0,day_type_01,weekday,1/1/2024 0:15,Brandeis/Roberts,6.0,0,7,23,12660
Fall 2024,CR-Worcester,Framingham/Worcester Line,500,1,day_type_01,weekday,1/1/2024 5:44,Back Bay,17.0,0,21,28,12661
Fall 2024,CR-Fitchburg,Fitchburg Line,427,0,day_type_01,weekday,1/1/2024 18:55,Brandeis/Roberts,6.0,0,3,134,12662
Fall 2024,CR-Fitchburg,Fitchburg Line,435,0,day_type_01,weekday,1/1/2024 0:19,Kendal Green,7.0,0,0,23,12663
Fall 2024,CR-Fitchburg,Fitchburg Line,431,0,day_type_01,weekday,1/1/2024 21:15,Belmont,3.0,0,5,48,12664
Fall 2024,CR-Worcester,Framingham/Worcester Line,500,1,day_type_01,weekday,1/1/2024 5:50,South Station,18.0,0,28,0,12665
Fall 2024,CR-Fitchburg,Fitchburg Line,435,0,day_type_01,weekday,1/1/2024 0:24,Lincoln,8.0,0,1,22,12666
Fall 2024,CR-Fitchburg,Fitchburg Line,431,0,day_type_01,weekday,1/1/2024 21:17,Waverley,4.0,2,2,48,12667
Fall 2024,CR-Worcester,Framingham/Worcester Line,501,0,day_type_01,weekday,1/1/2024 4:45,South Station,1.0,0,0,0,12668
Fall 2024,CR-Fitchburg,Fitchburg Line,427,0,day_type_01,weekday,1/1/2024 18:59,Kendal Green,7.0,0,6,128,12669
Fall 2024,CR-Fitchburg,Fitchburg Line,435,0,day_type_01,weekday,1/1/2024 0:29,Concord,9.0,0,0,22,12670
Fall 2024,CR-Fitchburg,Fitchburg Line,431,0,day_type_01,weekday,1/1/2024 21:22,Waltham,5.0,1,28,21,12671
Fall 2024,CR-Worcester,Framingham/Worcester Line,501,0,day_type_01,weekday,1/1/2024 4:51,Back Bay,2.0,3,0,3,12672
Fall 2024,CR-Fitchburg,Fitchburg Line,427,0,day_type_01,weekday,1/1/2024 19:04,Lincoln,8.0,0,1,127,12673
Fall 2024,CR-Fitchburg,Fitchburg Line,435,0,day_type_01,weekday,1/1/2024 0:33,West Concord,10.0,0,1,21,12674
Fall 2024,CR-Fitchburg,Fitchburg Line,431,0,day_type_01,weekday,1/1/2024 21:25,Brandeis/Roberts,6.0,0,10,11,12675
Fall 2024,CR-Worcester,Framingham/Worcester Line,501,0,day_type_01,weekday,1/1/2024 4:56,Lansdowne,3.0,1,0,4,12676
Fall 2024,CR-Fitchburg,Fitchburg Line,427,0,day_type_01,weekday,1/1/2024 19:09,Concord,9.0,1,13,115,12677
Fall 2024,CR-Fitchburg,Fitchburg Line,435,0,day_type_01,weekday,1/1/2024 0:38,South Acton,11.0,0,4,17,12678
Fall 2024,CR-Fitchburg,Fitchburg Line,431,0,day_type_01,weekday,1/1/2024 21:29,Kendal Green,7.0,0,3,8,12679
Fall 2024,CR-Worcester,Framingham/Worcester Line,501,0,day_type_01,weekday,1/1/2024 5:01,Boston Landing,4.0,0,0,4,12680
Fall 2024,CR-Fitchburg,Fitchburg Line,427,0,day_type_01,weekday,1/1/2024 19:13,West Concord,10.0,0,11,104,12681
Fall 2024,CR-Fitchburg,Fitchburg Line,435,0,day_type_01,weekday,1/1/2024 0:45,Littleton/Rte 495,12.0,0,1,16,12682
Fall 2024,CR-Fitchburg,Fitchburg Line,431,0,day_type_01,weekday,1/1/2024 21:34,Lincoln,8.0,0,1,7,12683
Fall 2024,CR-Worcester,Framingham/Worcester Line,501,0,day_type_01,weekday,1/1/2024 5:11,Wellesley Farms,5.0,0,0,4,12684
Fall 2024,CR-Fitchburg,Fitchburg Line,427,0,day_type_01,weekday,1/1/2024 19:18,South Acton,11.0,0,38,66,12685
Fall 2024,CR-Fitchburg,Fitchburg Line,435,0,day_type_01,weekday,1/1/2024 0:53,Ayer,13.0,0,0,16,12686
Fall 2024,CR-Fitchburg,Fitchburg Line,431,0,day_type_01,weekday,1/1/2024 21:39,Concord,9.0,0,0,7,12687
Fall 2024,CR-Worcester,Framingham/Worcester Line,501,0,day_type_01,weekday,1/1/2024 5:13,Wellesley Hills,6.0,0,0,4,12688
Fall 2024,CR-Fitchburg,Fitchburg Line,427,0,day_type_01,weekday,1/1/2024 19:25,Littleton/Rte 495,12.0,0,14,52,12689
Fall 2024,CR-Fitchburg,Fitchburg Line,435,0,day_type_01,weekday,1/1/2024 0:58,Shirley,14.0,0,1,15,12690
Fall 2024,CR-Fitchburg,Fitchburg Line,431,0,day_type_01,weekday,1/1/2024 21:43,West Concord,10.0,0,0,7,12691
Fall 2024,CR-Worcester,Framingham/Worcester Line,501,0,day_type_01,weekday,1/1/2024 5:16,Wellesley Square,7.0,0,0,4,12692
Fall 2024,CR-Fitchburg,Fitchburg Line,427,0,day_type_01,weekday,1/1/2024 19:33,Ayer,13.0,0,12,40,12693
Fall 2024,CR-Fitchburg,Fitchburg Line,427,0,day_type_01,weekday,1/1/2024 19:38,Shirley,14.0,0,19,21,12694
Fall 2024,CR-Fitchburg,Fitchburg Line,427,0,day_type_01,weekday,1/1/2024 19:47,North Leominster,15.0,0,11,10,12695
Fall 2024,CR-Fitchburg,Fitchburg Line,427,0,day_type_01,weekday,1/1/2024 19:56,Fitchburg,16.0,0,10,0,12696
Fall 2024,CR-Fitchburg,Fitchburg Line,427,0,day_type_01,weekday,1/1/2024 20:08,Wachusett,17.0,0,0,0,12697
Fall 2024,CR-Fitchburg,Fitchburg Line,428,1,day_type_01,weekday,1/1/2024 19:30,Wachusett,1.0,0,0,0,12698
Fall 2024,CR-Fitchburg,Fitchburg Line,428,1,day_type_01,weekday,1/1/2024 19:38,Fitchburg,2.0,7,0,7,12699
Fall 2024,CR-Fitchburg,Fitchburg Line,428,1,day_type_01,weekday,1/1/2024 19:45,North Leominster,3.0,3,0,10,12700
Fall 2024,CR-Fitchburg,Fitchburg Line,428,1,day_type_01,weekday,1/1/2024 19:53,Shirley,4.0,1,0,11,12701
Fall 2024,CR-Fitchburg,Fitchburg Line,428,1,day_type_01,weekday,1/1/2024 19:58,Ayer,5.0,0,0,11,12702
Fall 2024,CR-Fitchburg,Fitchburg Line,428,1,day_type_01,weekday,1/1/2024 20:06,Littleton/Rte 495,6.0,5,0,16,12703
Fall 2024,CR-Fitchburg,Fitchburg Line,428,1,day_type_01,weekday,1/1/2024 20:12,South Acton,7.0,1,0,17,12704
Fall 2024,CR-Fitchburg,Fitchburg Line,428,1,day_type_01,weekday,1/1/2024 20:16,West Concord,8.0,2,0,19,12705
Fall 2024,CR-Fitchburg,Fitchburg Line,428,1,day_type_01,weekday,1/1/2024 20:20,Concord,9.0,10,0,29,12706
Fall 2024,CR-Fitchburg,Fitchburg Line,428,1,day_type_01,weekday,1/1/2024 20:26,Lincoln,10.0,0,2,27,12707
Fall 2024,CR-Fitchburg,Fitchburg Line,428,1,day_type_01,weekday,1/1/2024 20:32,Kendal Green,11.0,5,0,32,12708
Fall 2024,CR-Fitchburg,Fitchburg Line,428,1,day_type_01,weekday,1/1/2024 20:35,Brandeis/Roberts,12.0,0,0,32,12709
Fall 2024,CR-Fitchburg,Fitchburg Line,428,1,day_type_01,weekday,1/1/2024 20:39,Waltham,13.0,0,0,32,12710
Fall 2024,CR-Fitchburg,Fitchburg Line,428,1,day_type_01,weekday,1/1/2024 20:44,Waverley,14.0,5,0,37,12711
Fall 2024,CR-Fitchburg,Fitchburg Line,428,1,day_type_01,weekday,1/1/2024 20:46,Belmont,15.0,0,0,37,12712
Fall 2024,CR-Fitchburg,Fitchburg Line,428,1,day_type_01,weekday,1/1/2024 20:52,Porter Square,16.0,0,1,36,12713
Fall 2024,CR-Fitchburg,Fitchburg Line,428,1,day_type_01,weekday,1/1/2024 21:06,North Station,17.0,0,36,0,12714
Fall 2024,CR-Fitchburg,Fitchburg Line,429,0,day_type_01,weekday,1/1/2024 19:30,North Station,1.0,143,0,143,12715
Fall 2024,CR-Fitchburg,Fitchburg Line,429,0,day_type_01,weekday,1/1/2024 19:40,Porter Square,2.0,31,11,163,12716
Fall 2024,CR-Fitchburg,Fitchburg Line,429,0,day_type_01,weekday,1/1/2024 19:45,Belmont,3.0,4,6,161,12717
Fall 2024,CR-Fitchburg,Fitchburg Line,429,0,day_type_01,weekday,1/1/2024 19:47,Waverley,4.0,2,10,153,12718
Fall 2024,CR-Fitchburg,Fitchburg Line,429,0,day_type_01,weekday,1/1/2024 19:52,Waltham,5.0,4,22,135,12719
Fall 2024,CR-Fitchburg,Fitchburg Line,429,0,day_type_01,weekday,1/1/2024 19:55,Brandeis/Roberts,6.0,4,5,134,12720
Fall 2024,CR-Fitchburg,Fitchburg Line,429,0,day_type_01,weekday,1/1/2024 19:59,Kendal Green,7.0,0,16,118,12721
Fall 2024,CR-Fitchburg,Fitchburg Line,429,0,day_type_01,weekday,1/1/2024 20:04,Lincoln,8.0,2,11,109,12722
Fall 2024,CR-Fitchburg,Fitchburg Line,429,0,day_type_01,weekday,1/1/2024 20:09,Concord,9.0,2,6,105,12723
Fall 2024,CR-Fitchburg,Fitchburg Line,429,0,day_type_01,weekday,1/1/2024 20:13,West Concord,10.0,1,7,99,12724
Fall 2024,CR-Fitchburg,Fitchburg Line,429,0,day_type_01,weekday,1/1/2024 20:18,South Acton,11.0,0,24,75,12725
Fall 2024,CR-Fitchburg,Fitchburg Line,429,0,day_type_01,weekday,1/1/2024 20:25,Littleton/Rte 495,12.0,4,11,68,12726
Fall 2024,CR-Fitchburg,Fitchburg Line,429,0,day_type_01,weekday,1/1/2024 20:33,Ayer,13.0,0,11,57,12727
Fall 2024,CR-Fitchburg,Fitchburg Line,429,0,day_type_01,weekday,1/1/2024 20:38,Shirley,14.0,2,4,55,12728
Fall 2024,CR-Fitchburg,Fitchburg Line,429,0,day_type_01,weekday,1/1/2024 20:47,North Leominster,15.0,0,18,37,12729
Fall 2024,CR-Fitchburg,Fitchburg Line,429,0,day_type_01,weekday,1/1/2024 20:56,Fitchburg,16.0,0,27,10,12730
Fall 2024,CR-Fitchburg,Fitchburg Line,429,0,day_type_01,weekday,1/1/2024 21:08,Wachusett,17.0,0,10,0,12731
Fall 2024,CR-Fitchburg,Fitchburg Line,430,1,day_type_01,weekday,1/1/2024 21:25,Wachusett,1.0,0,0,0,12732
Fall 2024,CR-Fitchburg,Fitchburg Line,430,1,day_type_01,weekday,1/1/2024 21:33,Fitchburg,2.0,1,0,1,12733
Fall 2024,CR-Fitchburg,Fitchburg Line,435,0,day_type_01,weekday,1/1/2024 1:07,North Leominster,15.0,0,2,13,12734
Fall 2024,CR-Fitchburg,Fitchburg Line,431,0,day_type_01,weekday,1/1/2024 21:48,South Acton,11.0,0,2,5,12735
Fall 2024,CR-Fitchburg,Fitchburg Line,435,0,day_type_01,weekday,1/1/2024 1:15,Fitchburg,16.0,1,4,10,12736
Fall 2024,CR-Worcester,Framingham/Worcester Line,501,0,day_type_01,weekday,1/1/2024 5:20,Natick Center,8.0,0,0,4,12737
Fall 2024,CR-Fitchburg,Fitchburg Line,435,0,day_type_01,weekday,1/1/2024 1:26,Wachusett,17.0,0,10,0,12738
Fall 2024,CR-Fitchburg,Fitchburg Line,481,0,day_type_01,weekday,1/1/2024 5:40,North Station,1.0,2,0,2,12739
Fall 2024,CR-Fitchburg,Fitchburg Line,431,0,day_type_01,weekday,1/1/2024 21:55,Littleton/Rte 495,12.0,0,3,2,12740
Fall 2024,CR-Worcester,Framingham/Worcester Line,501,0,day_type_01,weekday,1/1/2024 5:25,West Natick,9.0,0,0,4,12741
Fall 2024,CR-Fitchburg,Fitchburg Line,481,0,day_type_01,weekday,1/1/2024 5:50,Porter Square,2.0,2,0,4,12742
Fall 2024,CR-Worcester,Framingham/Worcester Line,501,0,day_type_01,weekday,1/1/2024 5:30,Framingham,10.0,2,0,6,12743
Fall 2024,CR-Fitchburg,Fitchburg Line,431,0,day_type_01,weekday,1/1/2024 22:03,Ayer,13.0,0,1,1,12744
Fall 2024,CR-Fitchburg,Fitchburg Line,481,0,day_type_01,weekday,1/1/2024 5:55,Belmont,3.0,0,0,4,12745
Fall 2024,CR-Worcester,Framingham/Worcester Line,501,0,day_type_01,weekday,1/1/2024 5:36,Ashland,11.0,0,0,6,12746
Fall 2024,CR-Fitchburg,Fitchburg Line,431,0,day_type_01,weekday,1/1/2024 22:08,Shirley,14.0,0,0,1,12747
Fall 2024,CR-Fitchburg,Fitchburg Line,481,0,day_type_01,weekday,1/1/2024 5:57,Waverley,4.0,0,0,4,12748
Fall 2024,CR-Worcester,Framingham/Worcester Line,501,0,day_type_01,weekday,1/1/2024 5:41,Southborough,12.0,0,0,6,12749
Fall 2024,CR-Fitchburg,Fitchburg Line,431,0,day_type_01,weekday,1/1/2024 22:17,North Leominster,15.0,0,1,0,12750
Fall 2024,CR-Fitchburg,Fitchburg Line,481,0,day_type_01,weekday,1/1/2024 6:02,Waltham,5.0,1,1,4,12751
Fall 2024,CR-Fitchburg,Fitchburg Line,431,0,day_type_01,weekday,1/1/2024 22:25,Fitchburg,16.0,0,0,0,12752
Fall 2024,CR-Fitchburg,Fitchburg Line,481,0,day_type_01,weekday,1/1/2024 6:05,Brandeis/Roberts,6.0,0,1,3,12753
Fall 2024,CR-Worcester,Framingham/Worcester Line,501,0,day_type_01,weekday,1/1/2024 5:50,Westborough,13.0,1,0,7,12754
Fall 2024,CR-Fitchburg,Fitchburg Line,431,0,day_type_01,weekday,1/1/2024 22:36,Wachusett,17.0,0,0,0,12755
Fall 2024,CR-Fitchburg,Fitchburg Line,481,0,day_type_01,weekday,1/1/2024 6:09,Kendal Green,7.0,0,0,3,12756
Fall 2024,CR-Worcester,Framingham/Worcester Line,501,0,day_type_01,weekday,1/1/2024 5:55,Grafton,14.0,0,1,6,12757
Fall 2024,CR-Fitchburg,Fitchburg Line,432,1,day_type_01,weekday,1/1/2024 22:55,Wachusett,1.0,0,0,0,12758
Fall 2024,CR-Fitchburg,Fitchburg Line,481,0,day_type_01,weekday,1/1/2024 6:14,Lincoln,8.0,0,0,3,12759
Fall 2024,CR-Worcester,Framingham/Worcester Line,501,0,day_type_01,weekday,1/1/2024 6:11,Worcester,15.0,0,6,0,12760
Fall 2024,CR-Fitchburg,Fitchburg Line,432,1,day_type_01,weekday,1/1/2024 23:03,Fitchburg,2.0,0,0,0,12761
Fall 2024,CR-Fitchburg,Fitchburg Line,481,0,day_type_01,weekday,1/1/2024 6:19,Concord,9.0,0,1,2,12762
Fall 2024,CR-Worcester,Framingham/Worcester Line,502,1,day_type_01,weekday,1/1/2024 5:00,Worcester,1.0,64,0,64,12763
Fall 2024,CR-Fitchburg,Fitchburg Line,432,1,day_type_01,weekday,1/1/2024 23:10,North Leominster,3.0,0,0,0,12764
Fall 2024,CR-Fitchburg,Fitchburg Line,481,0,day_type_01,weekday,1/1/2024 6:23,West Concord,10.0,0,1,1,12765
Fall 2024,CR-Fitchburg,Fitchburg Line,432,1,day_type_01,weekday,1/1/2024 23:18,Shirley,4.0,0,0,0,12766
Fall 2024,CR-Fitchburg,Fitchburg Line,481,0,day_type_01,weekday,1/1/2024 6:28,South Acton,11.0,0,0,1,12767
Fall 2024,CR-Worcester,Framingham/Worcester Line,502,1,day_type_01,weekday,1/1/2024 5:13,Grafton,2.0,45,3,106,12768
Fall 2024,CR-Fitchburg,Fitchburg Line,432,1,day_type_01,weekday,1/1/2024 23:23,Ayer,5.0,1,0,1,12769
Fall 2024,CR-Worcester,Framingham/Worcester Line,502,1,day_type_01,weekday,1/1/2024 5:17,Westborough,3.0,41,4,143,12770
Fall 2024,CR-Fitchburg,Fitchburg Line,432,1,day_type_01,weekday,1/1/2024 23:31,Littleton/Rte 495,6.0,1,0,2,12771
Fall 2024,CR-Fitchburg,Fitchburg Line,481,0,day_type_01,weekday,1/1/2024 6:36,Littleton/Rte 495,12.0,0,0,1,12772
Fall 2024,CR-Worcester,Framingham/Worcester Line,502,1,day_type_01,weekday,1/1/2024 5:26,Southborough,4.0,48,2,189,12773
Fall 2024,CR-Fitchburg,Fitchburg Line,432,1,day_type_01,weekday,1/1/2024 23:37,South Acton,7.0,0,0,2,12774
Fall 2024,CR-Fitchburg,Fitchburg Line,482,1,day_type_01,weekday,1/1/2024 7:03,Littleton/Rte 495,1.0,57,0,57,12775
Fall 2024,CR-Worcester,Framingham/Worcester Line,502,1,day_type_01,weekday,1/1/2024 5:30,Ashland,5.0,51,1,239,12776
Fall 2024,CR-Fitchburg,Fitchburg Line,432,1,day_type_01,weekday,1/1/2024 23:41,West Concord,8.0,0,1,1,12777
Fall 2024,CR-Fitchburg,Fitchburg Line,482,1,day_type_01,weekday,1/1/2024 7:09,South Acton,2.0,35,0,92,12778
Fall 2024,CR-Worcester,Framingham/Worcester Line,502,1,day_type_01,weekday,1/1/2024 5:40,Framingham,6.0,72,7,304,12779
Fall 2024,CR-Fitchburg,Fitchburg Line,432,1,day_type_01,weekday,1/1/2024 23:45,Concord,9.0,0,0,1,12780
Fall 2024,CR-Fitchburg,Fitchburg Line,482,1,day_type_01,weekday,1/1/2024 7:13,West Concord,3.0,90,4,178,12781
Fall 2024,CR-Worcester,Framingham/Worcester Line,502,1,day_type_01,weekday,1/1/2024 5:45,West Natick,7.0,48,3,349,12782
Fall 2024,CR-Fitchburg,Fitchburg Line,432,1,day_type_01,weekday,1/1/2024 23:51,Lincoln,10.0,1,0,2,12783
Fall 2024,CR-Fitchburg,Fitchburg Line,482,1,day_type_01,weekday,1/1/2024 7:18,Concord,4.0,45,1,222,12784
Fall 2024,CR-Worcester,Framingham/Worcester Line,502,1,day_type_01,weekday,1/1/2024 5:50,Natick Center,8.0,11,1,359,12785
Fall 2024,CR-Fitchburg,Fitchburg Line,432,1,day_type_01,weekday,1/1/2024 23:57,Kendal Green,11.0,0,0,2,12786
Fall 2024,CR-Fitchburg,Fitchburg Line,482,1,day_type_01,weekday,1/1/2024 7:24,Lincoln,5.0,38,0,260,12787
Fall 2024,CR-Worcester,Framingham/Worcester Line,502,1,day_type_01,weekday,1/1/2024 5:54,Wellesley Square,9.0,14,1,372,12788
Fall 2024,CR-Fitchburg,Fitchburg Line,432,1,day_type_01,weekday,1/1/2024,Brandeis/Roberts,12.0,3,0,5,12789
Fall 2024,CR-Worcester,Framingham/Worcester Line,502,1,day_type_01,weekday,1/1/2024 5:58,Wellesley Hills,10.0,2,1,373,12790
Fall 2024,CR-Fitchburg,Fitchburg Line,432,1,day_type_01,weekday,1/1/2024 0:04,Waltham,13.0,0,0,5,12791
Fall 2024,CR-Worcester,Framingham/Worcester Line,502,1,day_type_01,weekday,1/1/2024 6:01,Wellesley Farms,11.0,7,0,380,12792
Fall 2024,CR-Fitchburg,Fitchburg Line,432,1,day_type_01,weekday,1/1/2024 0:09,Waverley,14.0,0,0,5,12793
Fall 2024,CR-Worcester,Framingham/Worcester Line,502,1,day_type_01,weekday,1/1/2024 6:06,Auburndale,12.0,2,0,382,12794
Fall 2024,CR-Fitchburg,Fitchburg Line,432,1,day_type_01,weekday,1/1/2024 0:11,Belmont,15.0,0,0,5,12795
Fall 2024,CR-Worcester,Framingham/Worcester Line,502,1,day_type_01,weekday,1/1/2024 6:09,West Newton,13.0,9,0,391,12796
Fall 2024,CR-Fitchburg,Fitchburg Line,432,1,day_type_01,weekday,1/1/2024 0:17,Porter Square,16.0,0,1,4,12797
Fall 2024,CR-Worcester,Framingham/Worcester Line,502,1,day_type_01,weekday,1/1/2024 6:13,Newtonville,14.0,28,1,418,12798
Fall 2024,CR-Fitchburg,Fitchburg Line,432,1,day_type_01,weekday,1/1/2024 0:31,North Station,17.0,0,4,0,12799
Fall 2024,CR-Fitchburg,Fitchburg Line,433,0,day_type_01,weekday,1/1/2024 22:30,North Station,1.0,169,0,169,12800
Fall 2024,CR-Worcester,Framingham/Worcester Line,513,0,day_type_01,weekday,1/1/2024 10:32,West Natick,9.0,0,3,33,12801
Fall 2024,CR-Worcester,Framingham/Worcester Line,513,0,day_type_01,weekday,1/1/2024 10:37,Framingham,10.0,6,10,29,12802
Fall 2024,CR-Worcester,Framingham/Worcester Line,513,0,day_type_01,weekday,1/1/2024 10:43,Ashland,11.0,0,1,28,12803
Fall 2024,CR-Worcester,Framingham/Worcester Line,513,0,day_type_01,weekday,1/1/2024 10:48,Southborough,12.0,0,2,26,12804
Fall 2024,CR-Worcester,Framingham/Worcester Line,513,0,day_type_01,weekday,1/1/2024 10:57,Westborough,13.0,0,4,22,12805
Fall 2024,CR-Worcester,Framingham/Worcester Line,513,0,day_type_01,weekday,1/1/2024 11:02,Grafton,14.0,0,1,21,12806
Fall 2024,CR-Worcester,Framingham/Worcester Line,513,0,day_type_01,weekday,1/1/2024 11:21,Worcester,15.0,0,19,2,12807
Fall 2024,CR-Worcester,Framingham/Worcester Line,514,1,day_type_01,weekday,1/1/2024 10:00,Worcester,1.0,39,0,39,12808
Fall 2024,CR-Worcester,Framingham/Worcester Line,514,1,day_type_01,weekday,1/1/2024 10:13,Grafton,2.0,11,10,40,12809
Fall 2024,CR-Worcester,Framingham/Worcester Line,514,1,day_type_01,weekday,1/1/2024 10:17,Westborough,3.0,9,2,47,12810
Fall 2024,CR-Worcester,Framingham/Worcester Line,514,1,day_type_01,weekday,1/1/2024 10:26,Southborough,4.0,15,0,62,12811
Fall 2024,CR-Worcester,Framingham/Worcester Line,514,1,day_type_01,weekday,1/1/2024 10:30,Ashland,5.0,9,0,71,12812
Fall 2024,CR-Worcester,Framingham/Worcester Line,514,1,day_type_01,weekday,1/1/2024 10:40,Framingham,6.0,20,4,87,12813
Fall 2024,CR-Worcester,Framingham/Worcester Line,514,1,day_type_01,weekday,1/1/2024 10:45,West Natick,7.0,2,1,88,12814
Fall 2024,CR-Worcester,Framingham/Worcester Line,514,1,day_type_01,weekday,1/1/2024 10:50,Natick Center,8.0,7,1,94,12815
Fall 2024,CR-Worcester,Framingham/Worcester Line,514,1,day_type_01,weekday,1/1/2024 10:55,Wellesley Square,9.0,1,2,93,12816
Fall 2024,CR-Worcester,Framingham/Worcester Line,514,1,day_type_01,weekday,1/1/2024 10:58,Wellesley Hills,10.0,4,1,96,12817
Fall 2024,CR-Worcester,Framingham/Worcester Line,514,1,day_type_01,weekday,1/1/2024 11:01,Wellesley Farms,11.0,13,0,109,12818
Fall 2024,CR-Worcester,Framingham/Worcester Line,514,1,day_type_01,weekday,1/1/2024 11:06,Auburndale,12.0,3,0,112,12819
Fall 2024,CR-Worcester,Framingham/Worcester Line,514,1,day_type_01,weekday,1/1/2024 11:09,West Newton,13.0,2,0,114,12820
Fall 2024,CR-Worcester,Framingham/Worcester Line,514,1,day_type_01,weekday,1/1/2024 11:12,Newtonville,14.0,7,0,121,12821
Fall 2024,CR-Worcester,Framingham/Worcester Line,514,1,day_type_01,weekday,1/1/2024 11:17,Boston Landing,15.0,15,4,132,12822
Fall 2024,CR-Worcester,Framingham/Worcester Line,514,1,day_type_01,weekday,1/1/2024 11:22,Lansdowne,16.0,0,16,116,12823
Fall 2024,CR-Worcester,Framingham/Worcester Line,514,1,day_type_01,weekday,1/1/2024 11:32,Back Bay,17.0,0,41,75,12824
Fall 2024,CR-Worcester,Framingham/Worcester Line,514,1,day_type_01,weekday,1/1/2024 11:38,South Station,18.0,0,75,0,12825
Fall 2024,CR-Worcester,Framingham/Worcester Line,515,0,day_type_01,weekday,1/1/2024 10:50,South Station,1.0,29,0,29,12826
Fall 2024,CR-Worcester,Framingham/Worcester Line,515,0,day_type_01,weekday,1/1/2024 10:56,Back Bay,2.0,19,1,47,12827
Fall 2024,CR-Worcester,Framingham/Worcester Line,515,0,day_type_01,weekday,1/1/2024 11:01,Lansdowne,3.0,13,1,59,12828
Fall 2024,CR-Worcester,Framingham/Worcester Line,525,0,day_type_01,weekday,1/1/2024 17:24,Worcester,11.0,0,152,0,12829
Fall 2024,CR-Worcester,Framingham/Worcester Line,530,1,day_type_01,weekday,1/1/2024 18:35,Natick Center,8.0,12,1,53,12830
Fall 2024,CR-Worcester,Framingham/Worcester Line,519,0,day_type_01,weekday,1/1/2024 13:42,Framingham,10.0,0,1,12,12831
Fall 2024,CR-Worcester,Framingham/Worcester Line,516,1,day_type_01,weekday,1/1/2024 12:01,Wellesley Farms,11.0,1,0,76,12832
Fall 2024,CR-Worcester,Framingham/Worcester Line,515,0,day_type_01,weekday,1/1/2024 11:07,Boston Landing,4.0,5,11,53,12833
Fall 2024,CR-Worcester,Framingham/Worcester Line,515,0,day_type_01,weekday,1/1/2024 11:17,Wellesley Farms,5.0,0,0,53,12834
Fall 2024,CR-Worcester,Framingham/Worcester Line,515,0,day_type_01,weekday,1/1/2024 11:19,Wellesley Hills,6.0,0,7,46,12835
Fall 2024,CR-Worcester,Framingham/Worcester Line,515,0,day_type_01,weekday,1/1/2024 11:22,Wellesley Square,7.0,1,7,40,12836
Fall 2024,CR-Worcester,Framingham/Worcester Line,515,0,day_type_01,weekday,1/1/2024 11:27,Natick Center,8.0,2,3,39,12837
Fall 2024,CR-Worcester,Framingham/Worcester Line,515,0,day_type_01,weekday,1/1/2024 11:32,West Natick,9.0,0,4,35,12838
Fall 2024,CR-Worcester,Framingham/Worcester Line,515,0,day_type_01,weekday,1/1/2024 11:37,Framingham,10.0,3,13,25,12839
Fall 2024,CR-Worcester,Framingham/Worcester Line,515,0,day_type_01,weekday,1/1/2024 11:43,Ashland,11.0,3,2,26,12840
Fall 2024,CR-Worcester,Framingham/Worcester Line,515,0,day_type_01,weekday,1/1/2024 11:48,Southborough,12.0,0,3,23,12841
Fall 2024,CR-Worcester,Framingham/Worcester Line,515,0,day_type_01,weekday,1/1/2024 11:57,Westborough,13.0,0,1,22,12842
Fall 2024,CR-Worcester,Framingham/Worcester Line,515,0,day_type_01,weekday,1/1/2024 12:02,Grafton,14.0,1,2,21,12843
Fall 2024,CR-Worcester,Framingham/Worcester Line,515,0,day_type_01,weekday,1/1/2024 12:21,Worcester,15.0,0,19,2,12844
Fall 2024,CR-Worcester,Framingham/Worcester Line,516,1,day_type_01,weekday,1/1/2024 11:00,Worcester,1.0,35,0,35,12845
Fall 2024,CR-Worcester,Framingham/Worcester Line,516,1,day_type_01,weekday,1/1/2024 11:13,Grafton,2.0,9,0,44,12846
Fall 2024,CR-Worcester,Framingham/Worcester Line,516,1,day_type_01,weekday,1/1/2024 11:17,Westborough,3.0,11,0,55,12847
Fall 2024,CR-Worcester,Framingham/Worcester Line,516,1,day_type_01,weekday,1/1/2024 11:26,Southborough,4.0,5,1,59,12848
Fall 2024,CR-Worcester,Framingham/Worcester Line,516,1,day_type_01,weekday,1/1/2024 11:30,Ashland,5.0,0,3,56,12849
Fall 2024,CR-Worcester,Framingham/Worcester Line,516,1,day_type_01,weekday,1/1/2024 11:40,Framingham,6.0,17,4,69,12850
Fall 2024,CR-Worcester,Framingham/Worcester Line,516,1,day_type_01,weekday,1/1/2024 11:45,West Natick,7.0,9,2,76,12851
Fall 2024,CR-Worcester,Framingham/Worcester Line,516,1,day_type_01,weekday,1/1/2024 11:50,Natick Center,8.0,4,7,73,12852
Fall 2024,CR-Worcester,Framingham/Worcester Line,516,1,day_type_01,weekday,1/1/2024 11:55,Wellesley Square,9.0,1,5,69,12853
Fall 2024,CR-Worcester,Framingham/Worcester Line,516,1,day_type_01,weekday,1/1/2024 11:58,Wellesley Hills,10.0,6,0,75,12854
Fall 2024,CR-Worcester,Framingham/Worcester Line,506,1,day_type_01,weekday,1/1/2024 7:50,Back Bay,10.0,7,145,250,12855
Fall 2024,CR-Worcester,Framingham/Worcester Line,510,1,day_type_01,weekday,1/1/2024 9:11,Wellesley Hills,10.0,8,8,361,12856
Fall 2024,CR-Worcester,Framingham/Worcester Line,522,1,day_type_01,weekday,1/1/2024 15:12,Boston Landing,12.0,16,18,133,12857
Fall 2024,CR-Worcester,Framingham/Worcester Line,526,1,day_type_01,weekday,1/1/2024 15:47,Worcester,1.0,38,0,38,12858
Fall 2024,CR-Worcester,Framingham/Worcester Line,530,1,day_type_01,weekday,1/1/2024 18:39,Wellesley Square,9.0,12,0,65,12859
Fall 2024,CR-Worcester,Framingham/Worcester Line,519,0,day_type_01,weekday,1/1/2024 13:48,Ashland,11.0,0,5,7,12860
Fall 2024,CR-Worcester,Framingham/Worcester Line,516,1,day_type_01,weekday,1/1/2024 12:12,Boston Landing,12.0,5,1,80,12861
Fall 2024,CR-Worcester,Framingham/Worcester Line,510,1,day_type_01,weekday,1/1/2024 9:14,Wellesley Farms,11.0,16,1,376,12862
Fall 2024,CR-Worcester,Framingham/Worcester Line,526,1,day_type_01,weekday,1/1/2024 16:00,Grafton,2.0,3,0,41,12863
Fall 2024,CR-Worcester,Framingham/Worcester Line,506,1,day_type_01,weekday,1/1/2024 7:56,South Station,11.0,0,250,0,12864
Fall 2024,CR-Worcester,Framingham/Worcester Line,530,1,day_type_01,weekday,1/1/2024 18:42,Wellesley Hills,10.0,9,0,74,12865
Fall 2024,CR-Worcester,Framingham/Worcester Line,519,0,day_type_01,weekday,1/1/2024 13:53,Southborough,12.0,0,2,5,12866
Fall 2024,CR-Worcester,Framingham/Worcester Line,516,1,day_type_01,weekday,1/1/2024 12:17,Lansdowne,13.0,4,17,67,12867
Fall 2024,CR-Worcester,Framingham/Worcester Line,516,1,day_type_01,weekday,1/1/2024 12:27,Back Bay,14.0,8,27,48,12868
Fall 2024,CR-Worcester,Framingham/Worcester Line,516,1,day_type_01,weekday,1/1/2024 12:33,South Station,15.0,0,48,0,12869
Fall 2024,CR-Worcester,Framingham/Worcester Line,517,0,day_type_01,weekday,1/1/2024 11:45,South Station,1.0,65,0,65,12870
Fall 2024,CR-Worcester,Framingham/Worcester Line,517,0,day_type_01,weekday,1/1/2024 11:51,Back Bay,2.0,31,3,93,12871
Fall 2024,CR-Worcester,Framingham/Worcester Line,517,0,day_type_01,weekday,1/1/2024 11:56,Lansdowne,3.0,11,2,102,12872
Fall 2024,CR-Worcester,Framingham/Worcester Line,517,0,day_type_01,weekday,1/1/2024 12:02,Boston Landing,4.0,5,9,98,12873
Fall 2024,CR-Worcester,Framingham/Worcester Line,517,0,day_type_01,weekday,1/1/2024 12:07,Newtonville,5.0,1,6,93,12874
Fall 2024,CR-Worcester,Framingham/Worcester Line,517,0,day_type_01,weekday,1/1/2024 12:10,West Newton,6.0,2,7,88,12875
Fall 2024,CR-Worcester,Framingham/Worcester Line,517,0,day_type_01,weekday,1/1/2024 12:13,Auburndale,7.0,1,0,89,12876
Fall 2024,CR-Worcester,Framingham/Worcester Line,517,0,day_type_01,weekday,1/1/2024 12:17,Wellesley Farms,8.0,0,0,89,12877
Fall 2024,CR-Worcester,Framingham/Worcester Line,517,0,day_type_01,weekday,1/1/2024 12:19,Wellesley Hills,9.0,4,7,86,12878
Fall 2024,CR-Worcester,Framingham/Worcester Line,517,0,day_type_01,weekday,1/1/2024 12:22,Wellesley Square,10.0,0,14,72,12879
Fall 2024,CR-Worcester,Framingham/Worcester Line,517,0,day_type_01,weekday,1/1/2024 12:27,Natick Center,11.0,0,7,65,12880
Fall 2024,CR-Worcester,Framingham/Worcester Line,517,0,day_type_01,weekday,1/1/2024 12:32,West Natick,12.0,0,5,60,12881
Fall 2024,CR-Worcester,Framingham/Worcester Line,517,0,day_type_01,weekday,1/1/2024 12:37,Framingham,13.0,3,20,43,12882
Fall 2024,CR-Worcester,Framingham/Worcester Line,517,0,day_type_01,weekday,1/1/2024 12:43,Ashland,14.0,0,2,41,12883
Fall 2024,CR-Worcester,Framingham/Worcester Line,517,0,day_type_01,weekday,1/1/2024 12:48,Southborough,15.0,0,4,37,12884
Fall 2024,CR-Worcester,Framingham/Worcester Line,517,0,day_type_01,weekday,1/1/2024 12:57,Westborough,16.0,1,1,37,12885
Fall 2024,CR-Worcester,Framingham/Worcester Line,517,0,day_type_01,weekday,1/1/2024 13:02,Grafton,17.0,1,4,34,12886
Fall 2024,CR-Worcester,Framingham/Worcester Line,517,0,day_type_01,weekday,1/1/2024 13:21,Worcester,18.0,0,34,0,12887
Fall 2024,CR-Worcester,Framingham/Worcester Line,518,1,day_type_01,weekday,1/1/2024 12:00,Worcester,1.0,78,0,78,12888
Fall 2024,CR-Worcester,Framingham/Worcester Line,518,1,day_type_01,weekday,1/1/2024 12:13,Grafton,2.0,4,2,80,12889
Fall 2024,CR-Worcester,Framingham/Worcester Line,518,1,day_type_01,weekday,1/1/2024 12:17,Westborough,3.0,20,0,100,12890
Fall 2024,CR-Worcester,Framingham/Worcester Line,518,1,day_type_01,weekday,1/1/2024 12:26,Southborough,4.0,8,6,102,12891
Fall 2024,CR-Worcester,Framingham/Worcester Line,518,1,day_type_01,weekday,1/1/2024 12:30,Ashland,5.0,0,0,102,12892
Fall 2024,CR-Worcester,Framingham/Worcester Line,518,1,day_type_01,weekday,1/1/2024 12:40,Framingham,6.0,30,2,130,12893
Fall 2024,CR-Worcester,Framingham/Worcester Line,518,1,day_type_01,weekday,1/1/2024 12:45,West Natick,7.0,20,2,148,12894
Fall 2024,CR-Worcester,Framingham/Worcester Line,518,1,day_type_01,weekday,1/1/2024 12:50,Natick Center,8.0,4,0,152,12895
Fall 2024,CR-Worcester,Framingham/Worcester Line,518,1,day_type_01,weekday,1/1/2024 12:55,Wellesley Square,9.0,18,0,170,12896
Fall 2024,CR-Worcester,Framingham/Worcester Line,518,1,day_type_01,weekday,1/1/2024 12:58,Wellesley Hills,10.0,26,2,194,12897
Fall 2024,CR-Worcester,Framingham/Worcester Line,518,1,day_type_01,weekday,1/1/2024 13:01,Wellesley Farms,11.0,2,0,196,12898
Fall 2024,CR-Worcester,Framingham/Worcester Line,522,1,day_type_01,weekday,1/1/2024 15:17,Lansdowne,13.0,21,21,133,12899
Fall 2024,CR-Worcester,Framingham/Worcester Line,518,1,day_type_01,weekday,1/1/2024 13:06,Auburndale,12.0,12,0,208,12900
Fall 2024,CR-Worcester,Framingham/Worcester Line,518,1,day_type_01,weekday,1/1/2024 13:09,West Newton,13.0,12,6,214,12901
Fall 2024,CR-Worcester,Framingham/Worcester Line,518,1,day_type_01,weekday,1/1/2024 13:12,Newtonville,14.0,18,12,220,12902
Fall 2024,CR-Worcester,Framingham/Worcester Line,518,1,day_type_01,weekday,1/1/2024 13:17,Boston Landing,15.0,40,20,240,12903
Fall 2024,CR-Worcester,Framingham/Worcester Line,518,1,day_type_01,weekday,1/1/2024 13:22,Lansdowne,16.0,12,56,196,12904
Fall 2024,CR-Worcester,Framingham/Worcester Line,518,1,day_type_01,weekday,1/1/2024 13:32,Back Bay,17.0,8,76,128,12905
Fall 2024,CR-Worcester,Framingham/Worcester Line,518,1,day_type_01,weekday,1/1/2024 13:38,South Station,18.0,0,128,0,12906
Fall 2024,CR-Worcester,Framingham/Worcester Line,519,0,day_type_01,weekday,1/1/2024 12:55,South Station,1.0,21,0,21,12907
Fall 2024,CR-Worcester,Framingham/Worcester Line,519,0,day_type_01,weekday,1/1/2024 13:01,Back Bay,2.0,8,0,29,12908
Fall 2024,CR-Worcester,Framingham/Worcester Line,519,0,day_type_01,weekday,1/1/2024 13:06,Lansdowne,3.0,7,1,35,12909
Fall 2024,CR-Worcester,Framingham/Worcester Line,519,0,day_type_01,weekday,1/1/2024 13:12,Boston Landing,4.0,0,5,30,12910
Fall 2024,CR-Worcester,Framingham/Worcester Line,519,0,day_type_01,weekday,1/1/2024 13:22,Wellesley Farms,5.0,0,4,26,12911
Fall 2024,CR-Worcester,Framingham/Worcester Line,519,0,day_type_01,weekday,1/1/2024 13:24,Wellesley Hills,6.0,0,3,23,12912
Fall 2024,CR-Worcester,Framingham/Worcester Line,519,0,day_type_01,weekday,1/1/2024 13:27,Wellesley Square,7.0,0,5,18,12913
Fall 2024,CR-Worcester,Framingham/Worcester Line,519,0,day_type_01,weekday,1/1/2024 13:32,Natick Center,8.0,0,5,13,12914
Fall 2024,CR-Worcester,Framingham/Worcester Line,519,0,day_type_01,weekday,1/1/2024 13:37,West Natick,9.0,0,0,13,12915
Fall 2024,CR-Worcester,Framingham/Worcester Line,526,1,day_type_01,weekday,1/1/2024 16:04,Westborough,3.0,8,1,48,12916
Fall 2024,CR-Worcester,Framingham/Worcester Line,522,1,day_type_01,weekday,1/1/2024 15:27,Back Bay,14.0,3,67,69,12917
Fall 2024,CR-Worcester,Framingham/Worcester Line,507,0,day_type_01,weekday,1/1/2024 7:30,South Station,1.0,8,0,8,12918
Fall 2024,CR-Worcester,Framingham/Worcester Line,510,1,day_type_01,weekday,1/1/2024 9:19,Auburndale,12.0,16,3,389,12919
Fall 2024,CR-Worcester,Framingham/Worcester Line,522,1,day_type_01,weekday,1/1/2024 15:33,South Station,15.0,0,69,0,12920
Fall 2024,CR-Worcester,Framingham/Worcester Line,507,0,day_type_01,weekday,1/1/2024 7:36,Back Bay,2.0,34,2,40,12921
Fall 2024,CR-Worcester,Framingham/Worcester Line,526,1,day_type_01,weekday,1/1/2024 16:13,Southborough,4.0,9,2,55,12922
Fall 2024,CR-Worcester,Framingham/Worcester Line,530,1,day_type_01,weekday,1/1/2024 18:45,Wellesley Farms,11.0,2,1,75,12923
Fall 2024,CR-Worcester,Framingham/Worcester Line,507,0,day_type_01,weekday,1/1/2024 7:41,Lansdowne,3.0,13,10,43,12924
Fall 2024,CR-Worcester,Framingham/Worcester Line,526,1,day_type_01,weekday,1/1/2024 16:17,Ashland,5.0,0,1,54,12925
Fall 2024,CR-Worcester,Framingham/Worcester Line,519,0,day_type_01,weekday,1/1/2024 14:02,Westborough,13.0,1,4,2,12926
Fall 2024,CR-Worcester,Framingham/Worcester Line,507,0,day_type_01,weekday,1/1/2024 7:46,Boston Landing,4.0,24,21,46,12927
Fall 2024,CR-Worcester,Framingham/Worcester Line,530,1,day_type_01,weekday,1/1/2024 18:55,Boston Landing,12.0,4,30,49,12928
Fall 2024,CR-Worcester,Framingham/Worcester Line,510,1,day_type_01,weekday,1/1/2024 9:22,West Newton,13.0,12,3,398,12929
Fall 2024,CR-Worcester,Framingham/Worcester Line,523,0,day_type_01,weekday,1/1/2024 14:40,South Station,1.0,58,0,58,12930
Fall 2024,CR-Worcester,Framingham/Worcester Line,526,1,day_type_01,weekday,1/1/2024 16:27,Framingham,6.0,11,11,54,12931
Fall 2024,CR-Worcester,Framingham/Worcester Line,519,0,day_type_01,weekday,1/1/2024 14:07,Grafton,14.0,0,0,2,12932
Fall 2024,CR-Worcester,Framingham/Worcester Line,507,0,day_type_01,weekday,1/1/2024 8:07,Framingham,5.0,14,21,39,12933
Fall 2024,CR-Worcester,Framingham/Worcester Line,530,1,day_type_01,weekday,1/1/2024 19:00,Lansdowne,13.0,6,8,47,12934
Fall 2024,CR-Worcester,Framingham/Worcester Line,510,1,day_type_01,weekday,1/1/2024 9:26,Newtonville,14.0,8,1,405,12935
Fall 2024,CR-Worcester,Framingham/Worcester Line,526,1,day_type_01,weekday,1/1/2024 16:44,Boston Landing,7.0,39,10,83,12936
Fall 2024,CR-Worcester,Framingham/Worcester Line,519,0,day_type_01,weekday,1/1/2024 14:26,Worcester,15.0,0,2,0,12937
Fall 2024,CR-Worcester,Framingham/Worcester Line,530,1,day_type_01,weekday,1/1/2024 19:07,Back Bay,14.0,15,0,62,12938
Fall 2024,CR-Worcester,Framingham/Worcester Line,523,0,day_type_01,weekday,1/1/2024 14:46,Back Bay,2.0,94,1,151,12939
Fall 2024,CR-Worcester,Framingham/Worcester Line,526,1,day_type_01,weekday,1/1/2024 16:49,Lansdowne,8.0,23,15,91,12940
Fall 2024,CR-Worcester,Framingham/Worcester Line,507,0,day_type_01,weekday,1/1/2024 8:13,Ashland,6.0,0,9,30,12941
Fall 2024,CR-Worcester,Framingham/Worcester Line,510,1,day_type_01,weekday,1/1/2024 9:31,Boston Landing,15.0,33,13,425,12942
Fall 2024,CR-Worcester,Framingham/Worcester Line,526,1,day_type_01,weekday,1/1/2024 17:01,Back Bay,9.0,18,46,63,12943
Fall 2024,CR-Worcester,Framingham/Worcester Line,507,0,day_type_01,weekday,1/1/2024 8:18,Southborough,7.0,1,10,21,12944
Fall 2024,CR-Worcester,Framingham/Worcester Line,523,0,day_type_01,weekday,1/1/2024 14:51,Lansdowne,3.0,58,3,206,12945
Fall 2024,CR-Worcester,Framingham/Worcester Line,530,1,day_type_01,weekday,1/1/2024 19:13,South Station,15.0,0,62,0,12946
Fall 2024,CR-Worcester,Framingham/Worcester Line,510,1,day_type_01,weekday,1/1/2024 9:36,Lansdowne,16.0,11,65,371,12947
Fall 2024,CR-Worcester,Framingham/Worcester Line,520,1,day_type_01,weekday,1/1/2024 13:05,Worcester,1.0,38,0,38,12948
Fall 2024,CR-Worcester,Framingham/Worcester Line,526,1,day_type_01,weekday,1/1/2024 17:07,South Station,10.0,0,63,0,12949
Fall 2024,CR-Worcester,Framingham/Worcester Line,507,0,day_type_01,weekday,1/1/2024 8:27,Westborough,8.0,9,7,23,12950
Fall 2024,CR-Worcester,Framingham/Worcester Line,523,0,day_type_01,weekday,1/1/2024 14:56,Boston Landing,4.0,10,43,173,12951
Fall 2024,CR-Worcester,Framingham/Worcester Line,531,0,day_type_01,weekday,1/1/2024 18:15,South Station,1.0,242,0,242,12952
Fall 2024,CR-Worcester,Framingham/Worcester Line,510,1,day_type_01,weekday,1/1/2024 9:43,Back Bay,17.0,1,84,288,12953
Fall 2024,CR-Worcester,Framingham/Worcester Line,520,1,day_type_01,weekday,1/1/2024 13:18,Grafton,2.0,4,0,42,12954
Fall 2024,CR-Worcester,Framingham/Worcester Line,527,0,day_type_01,weekday,1/1/2024 16:45,South Station,1.0,271,0,271,12955
Fall 2024,CR-Worcester,Framingham/Worcester Line,507,0,day_type_01,weekday,1/1/2024 8:32,Grafton,9.0,2,4,21,12956
Fall 2024,CR-Worcester,Framingham/Worcester Line,523,0,day_type_01,weekday,1/1/2024 15:01,Newtonville,5.0,4,31,146,12957
Fall 2024,CR-Worcester,Framingham/Worcester Line,531,0,day_type_01,weekday,1/1/2024 18:21,Back Bay,2.0,80,8,314,12958
Fall 2024,CR-Worcester,Framingham/Worcester Line,510,1,day_type_01,weekday,1/1/2024 9:49,South Station,18.0,0,288,0,12959
Fall 2024,CR-Worcester,Framingham/Worcester Line,520,1,day_type_01,weekday,1/1/2024 13:22,Westborough,3.0,8,3,47,12960
Fall 2024,CR-Worcester,Framingham/Worcester Line,527,0,day_type_01,weekday,1/1/2024 16:51,Back Bay,2.0,249,12,508,12961
Fall 2024,CR-Worcester,Framingham/Worcester Line,507,0,day_type_01,weekday,1/1/2024 8:49,Worcester,10.0,0,21,0,12962
Fall 2024,CR-Worcester,Framingham/Worcester Line,523,0,day_type_01,weekday,1/1/2024 15:04,West Newton,6.0,1,10,137,12963
Fall 2024,CR-Worcester,Framingham/Worcester Line,531,0,day_type_01,weekday,1/1/2024 18:26,Lansdowne,3.0,59,12,361,12964
Fall 2024,CR-Worcester,Framingham/Worcester Line,511,0,day_type_01,weekday,1/1/2024 8:55,South Station,1.0,137,0,137,12965
Fall 2024,CR-Worcester,Framingham/Worcester Line,520,1,day_type_01,weekday,1/1/2024 13:31,Southborough,4.0,9,1,55,12966
Fall 2024,CR-Worcester,Framingham/Worcester Line,527,0,day_type_01,weekday,1/1/2024 16:56,Lansdowne,3.0,167,5,670,12967
Fall 2024,CR-Worcester,Framingham/Worcester Line,508,1,day_type_01,weekday,1/1/2024 7:20,Grafton,1.0,71,0,71,12968
Fall 2024,CR-Worcester,Framingham/Worcester Line,508,1,day_type_01,weekday,1/1/2024 7:24,Westborough,2.0,91,1,161,12969
Fall 2024,CR-Worcester,Framingham/Worcester Line,508,1,day_type_01,weekday,1/1/2024 7:33,Southborough,3.0,126,1,286,12970
Fall 2024,CR-Worcester,Framingham/Worcester Line,508,1,day_type_01,weekday,1/1/2024 7:37,Worcester,4.0,176,0,462,12971
Fall 2024,CR-Worcester,Framingham/Worcester Line,508,1,day_type_01,weekday,1/1/2024 7:38,Ashland,5.0,129,0,591,12972
Fall 2024,CR-Worcester,Framingham/Worcester Line,508,1,day_type_01,weekday,1/1/2024 7:48,Framingham,6.0,69,6,654,12973
Fall 2024,CR-Worcester,Framingham/Worcester Line,508,1,day_type_01,weekday,1/1/2024 7:54,West Natick,7.0,100,2,752,12974
Fall 2024,CR-Worcester,Framingham/Worcester Line,508,1,day_type_01,weekday,1/1/2024 8:12,Boston Landing,8.0,56,17,791,12975
Fall 2024,CR-Worcester,Framingham/Worcester Line,508,1,day_type_01,weekday,1/1/2024 8:17,Lansdowne,9.0,16,127,680,12976
Fall 2024,CR-Worcester,Framingham/Worcester Line,508,1,day_type_01,weekday,1/1/2024 8:27,Back Bay,10.0,6,221,465,12977
Fall 2024,CR-Worcester,Framingham/Worcester Line,508,1,day_type_01,weekday,1/1/2024 8:33,South Station,11.0,0,465,0,12978
Fall 2024,CR-Worcester,Framingham/Worcester Line,509,0,day_type_01,weekday,1/1/2024 7:55,South Station,1.0,84,0,84,12979
Fall 2024,CR-Worcester,Framingham/Worcester Line,509,0,day_type_01,weekday,1/1/2024 8:01,Back Bay,2.0,67,3,148,12980
Fall 2024,CR-Worcester,Framingham/Worcester Line,509,0,day_type_01,weekday,1/1/2024 8:06,Lansdowne,3.0,23,22,149,12981
Fall 2024,CR-Worcester,Framingham/Worcester Line,509,0,day_type_01,weekday,1/1/2024 8:11,Boston Landing,4.0,40,29,160,12982
Fall 2024,CR-Worcester,Framingham/Worcester Line,509,0,day_type_01,weekday,1/1/2024 8:16,Newtonville,5.0,16,16,160,12983
Fall 2024,CR-Worcester,Framingham/Worcester Line,509,0,day_type_01,weekday,1/1/2024 8:19,West Newton,6.0,0,8,152,12984
Fall 2024,CR-Worcester,Framingham/Worcester Line,509,0,day_type_01,weekday,1/1/2024 8:22,Auburndale,7.0,1,10,143,12985
Fall 2024,CR-Worcester,Framingham/Worcester Line,509,0,day_type_01,weekday,1/1/2024 8:27,Wellesley Farms,8.0,0,4,139,12986
Fall 2024,CR-Worcester,Framingham/Worcester Line,509,0,day_type_01,weekday,1/1/2024 8:29,Wellesley Hills,9.0,0,12,127,12987
Fall 2024,CR-Worcester,Framingham/Worcester Line,509,0,day_type_01,weekday,1/1/2024 8:32,Wellesley Square,10.0,5,26,106,12988
Fall 2024,CR-Worcester,Framingham/Worcester Line,509,0,day_type_01,weekday,1/1/2024 8:37,Natick Center,11.0,2,23,85,12989
Fall 2024,CR-Worcester,Framingham/Worcester Line,509,0,day_type_01,weekday,1/1/2024 8:42,West Natick,12.0,3,10,78,12990
Fall 2024,CR-Worcester,Framingham/Worcester Line,509,0,day_type_01,weekday,1/1/2024 8:47,Framingham,13.0,3,15,66,12991
Fall 2024,CR-Worcester,Framingham/Worcester Line,509,0,day_type_01,weekday,1/1/2024 8:53,Ashland,14.0,0,0,66,12992
Fall 2024,CR-Worcester,Framingham/Worcester Line,509,0,day_type_01,weekday,1/1/2024 8:58,Southborough,15.0,0,11,55,12993
Fall 2024,CR-Worcester,Framingham/Worcester Line,509,0,day_type_01,weekday,1/1/2024 9:07,Westborough,16.0,2,21,36,12994
Fall 2024,CR-Worcester,Framingham/Worcester Line,509,0,day_type_01,weekday,1/1/2024 9:12,Grafton,17.0,0,13,23,12995
Fall 2024,CR-Worcester,Framingham/Worcester Line,509,0,day_type_01,weekday,1/1/2024 9:31,Worcester,18.0,0,23,0,12996
Fall 2024,CR-Worcester,Framingham/Worcester Line,510,1,day_type_01,weekday,1/1/2024 8:13,Worcester,1.0,63,0,63,12997
Fall 2024,CR-Worcester,Framingham/Worcester Line,510,1,day_type_01,weekday,1/1/2024 8:26,Grafton,2.0,46,2,107,12998
Fall 2024,CR-Worcester,Framingham/Worcester Line,510,1,day_type_01,weekday,1/1/2024 8:30,Westborough,3.0,44,3,148,12999
Fall 2024,CR-Worcester,Framingham/Worcester Line,510,1,day_type_01,weekday,1/1/2024 8:39,Southborough,4.0,49,2,195,13000
Fall 2024,CR-Worcester,Framingham/Worcester Line,510,1,day_type_01,weekday,1/1/2024 8:43,Ashland,5.0,57,1,251,13001
Fall 2024,CR-Worcester,Framingham/Worcester Line,510,1,day_type_01,weekday,1/1/2024 8:53,Framingham,6.0,53,8,296,13002
Fall 2024,CR-Worcester,Framingham/Worcester Line,510,1,day_type_01,weekday,1/1/2024 8:58,West Natick,7.0,33,6,323,13003
Fall 2024,CR-Worcester,Framingham/Worcester Line,510,1,day_type_01,weekday,1/1/2024 9:03,Natick Center,8.0,41,6,358,13004
Fall 2024,CR-Worcester,Framingham/Worcester Line,510,1,day_type_01,weekday,1/1/2024 9:07,Wellesley Square,9.0,7,4,361,13005
Fall 2024,CR-Worcester,Framingham/Worcester Line,520,1,day_type_01,weekday,1/1/2024 13:35,Ashland,5.0,4,0,59,13006
Fall 2024,CR-Worcester,Framingham/Worcester Line,531,0,day_type_01,weekday,1/1/2024 18:31,Boston Landing,4.0,31,46,346,13007
Fall 2024,CR-Worcester,Framingham/Worcester Line,523,0,day_type_01,weekday,1/1/2024 15:07,Auburndale,7.0,1,3,135,13008
Fall 2024,CR-Worcester,Framingham/Worcester Line,511,0,day_type_01,weekday,1/1/2024 9:01,Back Bay,2.0,22,24,135,13009
Fall 2024,CR-Worcester,Framingham/Worcester Line,531,0,day_type_01,weekday,1/1/2024 18:48,West Natick,5.0,1,51,296,13010
Fall 2024,CR-Worcester,Framingham/Worcester Line,527,0,day_type_01,weekday,1/1/2024 17:01,Boston Landing,4.0,7,46,631,13011
Fall 2024,CR-Worcester,Framingham/Worcester Line,523,0,day_type_01,weekday,1/1/2024 15:11,Wellesley Farms,8.0,0,6,129,13012
Fall 2024,CR-Worcester,Framingham/Worcester Line,511,0,day_type_01,weekday,1/1/2024 9:06,Lansdowne,3.0,9,21,123,13013
Fall 2024,CR-Worcester,Framingham/Worcester Line,531,0,day_type_01,weekday,1/1/2024 18:53,Framingham,6.0,9,80,225,13014
Fall 2024,CR-Worcester,Framingham/Worcester Line,520,1,day_type_01,weekday,1/1/2024 13:45,Framingham,6.0,14,2,71,13015
Fall 2024,CR-Worcester,Framingham/Worcester Line,527,0,day_type_01,weekday,1/1/2024 17:18,West Natick,5.0,7,128,510,13016
Fall 2024,CR-Worcester,Framingham/Worcester Line,523,0,day_type_01,weekday,1/1/2024 15:13,Wellesley Hills,9.0,6,6,129,13017
Fall 2024,CR-Worcester,Framingham/Worcester Line,511,0,day_type_01,weekday,1/1/2024 9:12,Boston Landing,4.0,13,48,88,13018
Fall 2024,CR-Worcester,Framingham/Worcester Line,531,0,day_type_01,weekday,1/1/2024 18:59,Ashland,7.0,0,34,191,13019
Fall 2024,CR-Worcester,Framingham/Worcester Line,520,1,day_type_01,weekday,1/1/2024 13:50,West Natick,7.0,9,0,80,13020
Fall 2024,CR-Worcester,Framingham/Worcester Line,527,0,day_type_01,weekday,1/1/2024 17:23,Framingham,6.0,5,85,430,13021
Fall 2024,CR-Worcester,Framingham/Worcester Line,523,0,day_type_01,weekday,1/1/2024 15:16,Wellesley Square,10.0,5,17,117,13022
Fall 2024,CR-Worcester,Framingham/Worcester Line,511,0,day_type_01,weekday,1/1/2024 9:22,Wellesley Farms,5.0,0,1,87,13023
Fall 2024,CR-Worcester,Framingham/Worcester Line,531,0,day_type_01,weekday,1/1/2024 19:04,Southborough,8.0,2,64,129,13024
Fall 2024,CR-Worcester,Framingham/Worcester Line,520,1,day_type_01,weekday,1/1/2024 13:55,Natick Center,8.0,6,1,85,13025
Fall 2024,CR-Worcester,Framingham/Worcester Line,527,0,day_type_01,weekday,1/1/2024 17:29,Ashland,7.0,1,56,375,13026
Fall 2024,CR-Worcester,Framingham/Worcester Line,523,0,day_type_01,weekday,1/1/2024 15:20,Natick Center,11.0,6,25,98,13027
Fall 2024,CR-Worcester,Framingham/Worcester Line,511,0,day_type_01,weekday,1/1/2024 9:24,Wellesley Hills,6.0,1,5,83,13028
Fall 2024,CR-Worcester,Framingham/Worcester Line,531,0,day_type_01,weekday,1/1/2024 19:13,Westborough,9.0,0,42,87,13029
Fall 2024,CR-Worcester,Framingham/Worcester Line,520,1,day_type_01,weekday,1/1/2024 14:00,Wellesley Square,9.0,6,1,90,13030
Fall 2024,CR-Worcester,Framingham/Worcester Line,527,0,day_type_01,weekday,1/1/2024 17:34,Southborough,8.0,3,122,256,13031
Fall 2024,CR-Worcester,Framingham/Worcester Line,523,0,day_type_01,weekday,1/1/2024 15:25,West Natick,12.0,2,14,86,13032
Fall 2024,CR-Worcester,Framingham/Worcester Line,511,0,day_type_01,weekday,1/1/2024 9:27,Wellesley Square,7.0,0,8,75,13033
Fall 2024,CR-Worcester,Framingham/Worcester Line,531,0,day_type_01,weekday,1/1/2024 19:19,Grafton,10.0,1,24,64,13034
Fall 2024,CR-Worcester,Framingham/Worcester Line,520,1,day_type_01,weekday,1/1/2024 14:03,Wellesley Hills,10.0,7,1,96,13035
Fall 2024,CR-Worcester,Framingham/Worcester Line,523,0,day_type_01,weekday,1/1/2024 15:30,Framingham,13.0,8,20,74,13036
Fall 2024,CR-Worcester,Framingham/Worcester Line,527,0,day_type_01,weekday,1/1/2024 17:43,Westborough,9.0,5,95,166,13037
Fall 2024,CR-Worcester,Framingham/Worcester Line,520,1,day_type_01,weekday,1/1/2024 14:06,Wellesley Farms,11.0,3,0,99,13038
Fall 2024,CR-Worcester,Framingham/Worcester Line,511,0,day_type_01,weekday,1/1/2024 9:32,Natick Center,8.0,0,4,71,13039
Fall 2024,CR-Worcester,Framingham/Worcester Line,531,0,day_type_01,weekday,1/1/2024 19:39,Worcester,11.0,0,64,0,13040
Fall 2024,CR-Worcester,Framingham/Worcester Line,520,1,day_type_01,weekday,1/1/2024 14:17,Boston Landing,12.0,7,6,100,13041
Fall 2024,CR-Worcester,Framingham/Worcester Line,523,0,day_type_01,weekday,1/1/2024 15:36,Ashland,14.0,1,25,50,13042
Fall 2024,CR-Worcester,Framingham/Worcester Line,532,1,day_type_01,weekday,1/1/2024 18:35,Worcester,1.0,31,0,31,13043
Fall 2024,CR-Worcester,Framingham/Worcester Line,520,1,day_type_01,weekday,1/1/2024 14:22,Lansdowne,13.0,8,19,89,13044
Fall 2024,CR-Worcester,Framingham/Worcester Line,523,0,day_type_01,weekday,1/1/2024 15:41,Southborough,15.0,4,11,43,13045
Fall 2024,CR-Worcester,Framingham/Worcester Line,532,1,day_type_01,weekday,1/1/2024 18:48,Grafton,2.0,5,0,36,13046
Fall 2024,CR-Worcester,Framingham/Worcester Line,520,1,day_type_01,weekday,1/1/2024 14:32,Back Bay,14.0,2,37,54,13047
Fall 2024,CR-Worcester,Framingham/Worcester Line,523,0,day_type_01,weekday,1/1/2024 15:50,Westborough,16.0,3,22,24,13048
Fall 2024,CR-Worcester,Framingham/Worcester Line,532,1,day_type_01,weekday,1/1/2024 18:52,Westborough,3.0,2,0,38,13049
Fall 2024,CR-Worcester,Framingham/Worcester Line,520,1,day_type_01,weekday,1/1/2024 14:38,South Station,15.0,0,54,0,13050
Fall 2024,CR-Worcester,Framingham/Worcester Line,523,0,day_type_01,weekday,1/1/2024 15:55,Grafton,17.0,4,16,12,13051
Fall 2024,CR-Worcester,Framingham/Worcester Line,532,1,day_type_01,weekday,1/1/2024 19:01,Southborough,4.0,3,0,41,13052
Fall 2024,CR-Worcester,Framingham/Worcester Line,521,0,day_type_01,weekday,1/1/2024 13:45,South Station,1.0,98,0,98,13053
Fall 2024,CR-Worcester,Framingham/Worcester Line,523,0,day_type_01,weekday,1/1/2024 16:14,Worcester,18.0,0,12,0,13054
Fall 2024,CR-Worcester,Framingham/Worcester Line,532,1,day_type_01,weekday,1/1/2024 19:05,Ashland,5.0,0,3,38,13055
Fall 2024,CR-Worcester,Framingham/Worcester Line,521,0,day_type_01,weekday,1/1/2024 13:51,Back Bay,2.0,68,11,155,13056
Fall 2024,CR-Worcester,Framingham/Worcester Line,524,1,day_type_01,weekday,1/1/2024 15:00,Worcester,1.0,26,0,26,13057
Fall 2024,CR-Worcester,Framingham/Worcester Line,532,1,day_type_01,weekday,1/1/2024 19:15,Framingham,6.0,5,3,40,13058
Fall 2024,CR-Worcester,Framingham/Worcester Line,521,0,day_type_01,weekday,1/1/2024 13:56,Lansdowne,3.0,40,4,191,13059
Fall 2024,CR-Worcester,Framingham/Worcester Line,524,1,day_type_01,weekday,1/1/2024 15:13,Grafton,2.0,3,0,29,13060
Fall 2024,CR-Worcester,Framingham/Worcester Line,532,1,day_type_01,weekday,1/1/2024 19:20,West Natick,7.0,0,0,40,13061
Fall 2024,CR-Worcester,Framingham/Worcester Line,521,0,day_type_01,weekday,1/1/2024 14:02,Boston Landing,4.0,15,22,184,13062
Fall 2024,CR-Worcester,Framingham/Worcester Line,524,1,day_type_01,weekday,1/1/2024 15:17,Westborough,3.0,11,0,40,13063
Fall 2024,CR-Worcester,Framingham/Worcester Line,532,1,day_type_01,weekday,1/1/2024 19:25,Natick Center,8.0,0,1,39,13064
Fall 2024,CR-Worcester,Framingham/Worcester Line,521,0,day_type_01,weekday,1/1/2024 14:07,Newtonville,5.0,8,15,177,13065
Fall 2024,CR-Worcester,Framingham/Worcester Line,524,1,day_type_01,weekday,1/1/2024 15:26,Southborough,4.0,3,0,43,13066
Fall 2024,CR-Worcester,Framingham/Worcester Line,532,1,day_type_01,weekday,1/1/2024 19:29,Wellesley Square,9.0,7,1,45,13067
Fall 2024,CR-Worcester,Framingham/Worcester Line,511,0,day_type_01,weekday,1/1/2024 9:37,West Natick,9.0,0,1,70,13068
Fall 2024,CR-Worcester,Framingham/Worcester Line,532,1,day_type_01,weekday,1/1/2024 19:32,Wellesley Hills,10.0,9,0,54,13069
Fall 2024,CR-Worcester,Framingham/Worcester Line,521,0,day_type_01,weekday,1/1/2024 14:10,West Newton,6.0,0,10,167,13070
Fall 2024,CR-Worcester,Framingham/Worcester Line,527,0,day_type_01,weekday,1/1/2024 17:49,Grafton,10.0,3,69,100,13071
Fall 2024,CR-Worcester,Framingham/Worcester Line,524,1,day_type_01,weekday,1/1/2024 15:30,Ashland,5.0,9,0,52,13072
Fall 2024,CR-Worcester,Framingham/Worcester Line,532,1,day_type_01,weekday,1/1/2024 19:35,Wellesley Farms,11.0,0,0,54,13073
Fall 2024,CR-Worcester,Framingham/Worcester Line,521,0,day_type_01,weekday,1/1/2024 14:13,Auburndale,7.0,0,2,165,13074
Fall 2024,CR-Worcester,Framingham/Worcester Line,511,0,day_type_01,weekday,1/1/2024 9:42,Framingham,10.0,1,3,68,13075
Fall 2024,CR-Worcester,Framingham/Worcester Line,527,0,day_type_01,weekday,1/1/2024 18:10,Worcester,11.0,0,100,0,13076
Fall 2024,CR-Worcester,Framingham/Worcester Line,524,1,day_type_01,weekday,1/1/2024 15:40,Framingham,6.0,18,5,65,13077
Fall 2024,CR-Worcester,Framingham/Worcester Line,532,1,day_type_01,weekday,1/1/2024 19:45,Boston Landing,12.0,16,6,64,13078
Fall 2024,CR-Worcester,Framingham/Worcester Line,521,0,day_type_01,weekday,1/1/2024 14:17,Wellesley Farms,8.0,1,5,161,13079
Fall 2024,CR-Worcester,Framingham/Worcester Line,511,0,day_type_01,weekday,1/1/2024 9:48,Ashland,11.0,0,0,68,13080
Fall 2024,CR-Worcester,Framingham/Worcester Line,528,1,day_type_01,weekday,1/1/2024 16:30,Worcester,1.0,27,0,27,13081
Fall 2024,CR-Worcester,Framingham/Worcester Line,524,1,day_type_01,weekday,1/1/2024 15:45,West Natick,7.0,14,4,75,13082
Fall 2024,CR-Worcester,Framingham/Worcester Line,532,1,day_type_01,weekday,1/1/2024 19:50,Lansdowne,13.0,5,6,63,13083
Fall 2024,CR-Worcester,Framingham/Worcester Line,521,0,day_type_01,weekday,1/1/2024 14:19,Wellesley Hills,9.0,0,9,152,13084
Fall 2024,CR-Worcester,Framingham/Worcester Line,511,0,day_type_01,weekday,1/1/2024 9:53,Southborough,12.0,0,1,67,13085
Fall 2024,CR-Worcester,Framingham/Worcester Line,528,1,day_type_01,weekday,1/1/2024 16:43,Grafton,2.0,17,0,44,13086
Fall 2024,CR-Worcester,Framingham/Worcester Line,524,1,day_type_01,weekday,1/1/2024 15:50,Natick Center,8.0,11,2,84,13087
Fall 2024,CR-Worcester,Framingham/Worcester Line,532,1,day_type_01,weekday,1/1/2024 19:57,Back Bay,14.0,0,49,14,13088
Fall 2024,CR-Worcester,Framingham/Worcester Line,521,0,day_type_01,weekday,1/1/2024 14:22,Wellesley Square,10.0,0,15,137,13089
Fall 2024,CR-Worcester,Framingham/Worcester Line,511,0,day_type_01,weekday,1/1/2024 10:02,Westborough,13.0,0,3,64,13090
Fall 2024,CR-Worcester,Framingham/Worcester Line,528,1,day_type_01,weekday,1/1/2024 16:47,Westborough,3.0,18,0,62,13091
Fall 2024,CR-Worcester,Framingham/Worcester Line,524,1,day_type_01,weekday,1/1/2024 15:55,Wellesley Square,9.0,18,2,100,13092
Fall 2024,CR-Worcester,Framingham/Worcester Line,532,1,day_type_01,weekday,1/1/2024 20:03,South Station,15.0,0,14,0,13093
Fall 2024,CR-Worcester,Framingham/Worcester Line,521,0,day_type_01,weekday,1/1/2024 14:27,Natick Center,11.0,1,10,128,13094
Fall 2024,CR-Worcester,Framingham/Worcester Line,511,0,day_type_01,weekday,1/1/2024 10:07,Grafton,14.0,0,0,64,13095
Fall 2024,CR-Worcester,Framingham/Worcester Line,528,1,day_type_01,weekday,1/1/2024 16:56,Southborough,4.0,18,3,77,13096
Fall 2024,CR-Worcester,Framingham/Worcester Line,524,1,day_type_01,weekday,1/1/2024 15:58,Wellesley Hills,10.0,14,0,114,13097
Fall 2024,CR-Worcester,Framingham/Worcester Line,533,0,day_type_01,weekday,1/1/2024 18:35,South Station,1.0,154,0,154,13098
Fall 2024,CR-Worcester,Framingham/Worcester Line,521,0,day_type_01,weekday,1/1/2024 14:32,West Natick,12.0,3,11,120,13099
Fall 2024,CR-Worcester,Framingham/Worcester Line,511,0,day_type_01,weekday,1/1/2024 10:26,Worcester,15.0,0,64,0,13100
Fall 2024,CR-Worcester,Framingham/Worcester Line,528,1,day_type_01,weekday,1/1/2024 17:00,Ashland,5.0,5,0,82,13101
Fall 2024,CR-Worcester,Framingham/Worcester Line,533,0,day_type_01,weekday,1/1/2024 18:41,Back Bay,2.0,56,3,207,13102
Fall 2024,CR-Worcester,Framingham/Worcester Line,524,1,day_type_01,weekday,1/1/2024 16:01,Wellesley Farms,11.0,2,1,115,13103
Fall 2024,CR-Worcester,Framingham/Worcester Line,512,1,day_type_01,weekday,1/1/2024 9:05,Worcester,1.0,51,0,51,13104
Fall 2024,CR-Worcester,Framingham/Worcester Line,521,0,day_type_01,weekday,1/1/2024 14:37,Framingham,13.0,5,28,97,13105
Fall 2024,CR-Worcester,Framingham/Worcester Line,528,1,day_type_01,weekday,1/1/2024 17:10,Framingham,6.0,21,17,86,13106
Fall 2024,CR-Worcester,Framingham/Worcester Line,533,0,day_type_01,weekday,1/1/2024 18:46,Lansdowne,3.0,41,16,232,13107
Fall 2024,CR-Worcester,Framingham/Worcester Line,512,1,day_type_01,weekday,1/1/2024 9:18,Grafton,2.0,11,2,60,13108
Fall 2024,CR-Worcester,Framingham/Worcester Line,524,1,day_type_01,weekday,1/1/2024 16:06,Auburndale,12.0,5,2,118,13109
Fall 2024,CR-Worcester,Framingham/Worcester Line,521,0,day_type_01,weekday,1/1/2024 14:43,Ashland,14.0,1,12,86,13110
Fall 2024,CR-Worcester,Framingham/Worcester Line,528,1,day_type_01,weekday,1/1/2024 17:27,Boston Landing,7.0,14,21,79,13111
Fall 2024,CR-Worcester,Framingham/Worcester Line,533,0,day_type_01,weekday,1/1/2024 18:51,Boston Landing,4.0,1,45,188,13112
Fall 2024,CR-Worcester,Framingham/Worcester Line,512,1,day_type_01,weekday,1/1/2024 9:22,Westborough,3.0,14,3,71,13113
Fall 2024,CR-Worcester,Framingham/Worcester Line,524,1,day_type_01,weekday,1/1/2024 16:09,West Newton,13.0,5,3,120,13114
Fall 2024,CR-Worcester,Framingham/Worcester Line,521,0,day_type_01,weekday,1/1/2024 14:48,Southborough,15.0,0,7,79,13115
Fall 2024,CR-Worcester,Framingham/Worcester Line,528,1,day_type_01,weekday,1/1/2024 17:32,Lansdowne,8.0,9,21,67,13116
Fall 2024,CR-Worcester,Framingham/Worcester Line,533,0,day_type_01,weekday,1/1/2024 18:56,Newtonville,5.0,4,28,164,13117
Fall 2024,CR-Worcester,Framingham/Worcester Line,512,1,day_type_01,weekday,1/1/2024 9:31,Southborough,4.0,11,4,78,13118
Fall 2024,CR-Worcester,Framingham/Worcester Line,524,1,day_type_01,weekday,1/1/2024 16:12,Newtonville,14.0,17,5,132,13119
Fall 2024,CR-Worcester,Framingham/Worcester Line,521,0,day_type_01,weekday,1/1/2024 14:57,Westborough,16.0,1,12,68,13120
Fall 2024,CR-Worcester,Framingham/Worcester Line,528,1,day_type_01,weekday,1/1/2024 17:44,Back Bay,9.0,4,56,15,13121
Fall 2024,CR-Worcester,Framingham/Worcester Line,533,0,day_type_01,weekday,1/1/2024 19:00,West Newton,6.0,2,14,152,13122
Fall 2024,CR-Worcester,Framingham/Worcester Line,512,1,day_type_01,weekday,1/1/2024 9:35,Ashland,5.0,7,0,85,13123
Fall 2024,CR-Worcester,Framingham/Worcester Line,524,1,day_type_01,weekday,1/1/2024 16:17,Boston Landing,15.0,67,15,184,13124
Fall 2024,CR-Worcester,Framingham/Worcester Line,521,0,day_type_01,weekday,1/1/2024 15:02,Grafton,17.0,0,12,56,13125
Fall 2024,CR-Worcester,Framingham/Worcester Line,528,1,day_type_01,weekday,1/1/2024 17:50,South Station,10.0,0,15,0,13126
Fall 2024,CR-Worcester,Framingham/Worcester Line,533,0,day_type_01,weekday,1/1/2024 19:03,Auburndale,7.0,3,13,142,13127
Fall 2024,CR-Worcester,Framingham/Worcester Line,512,1,day_type_01,weekday,1/1/2024 9:45,Framingham,6.0,11,3,93,13128
Fall 2024,CR-Worcester,Framingham/Worcester Line,524,1,day_type_01,weekday,1/1/2024 16:22,Lansdowne,16.0,27,17,194,13129
Fall 2024,CR-Worcester,Framingham/Worcester Line,521,0,day_type_01,weekday,1/1/2024 15:21,Worcester,18.0,0,56,0,13130
Fall 2024,CR-Worcester,Framingham/Worcester Line,529,0,day_type_01,weekday,1/1/2024 17:30,South Station,1.0,494,0,494,13131
Fall 2024,CR-Worcester,Framingham/Worcester Line,533,0,day_type_01,weekday,1/1/2024 19:06,Wellesley Farms,8.0,1,15,128,13132
Fall 2024,CR-Worcester,Framingham/Worcester Line,512,1,day_type_01,weekday,1/1/2024 9:50,West Natick,7.0,10,2,101,13133
Fall 2024,CR-Worcester,Framingham/Worcester Line,529,0,day_type_01,weekday,1/1/2024 17:36,Back Bay,2.0,178,13,659,13134
Fall 2024,CR-Worcester,Framingham/Worcester Line,533,0,day_type_01,weekday,1/1/2024 19:08,Wellesley Hills,9.0,1,13,116,13135
Fall 2024,CR-Worcester,Framingham/Worcester Line,524,1,day_type_01,weekday,1/1/2024 16:33,Back Bay,17.0,14,63,145,13136
Fall 2024,CR-Worcester,Framingham/Worcester Line,512,1,day_type_01,weekday,1/1/2024 9:55,Natick Center,8.0,9,5,105,13137
Fall 2024,CR-Worcester,Framingham/Worcester Line,522,1,day_type_01,weekday,1/1/2024 14:00,Worcester,1.0,50,0,50,13138
Fall 2024,CR-Worcester,Framingham/Worcester Line,524,1,day_type_01,weekday,1/1/2024 16:39,South Station,18.0,0,145,0,13139
Fall 2024,CR-Worcester,Framingham/Worcester Line,533,0,day_type_01,weekday,1/1/2024 19:11,Wellesley Square,10.0,3,29,90,13140
Fall 2024,CR-Worcester,Framingham/Worcester Line,512,1,day_type_01,weekday,1/1/2024 10:00,Wellesley Square,9.0,12,0,117,13141
Fall 2024,CR-Worcester,Framingham/Worcester Line,529,0,day_type_01,weekday,1/1/2024 17:41,Lansdowne,3.0,142,29,772,13142
Fall 2024,CR-Worcester,Framingham/Worcester Line,522,1,day_type_01,weekday,1/1/2024 14:13,Grafton,2.0,5,0,55,13143
Fall 2024,CR-Worcester,Framingham/Worcester Line,525,0,day_type_01,weekday,1/1/2024 16:00,South Station,1.0,422,0,422,13144
Fall 2024,CR-Worcester,Framingham/Worcester Line,533,0,day_type_01,weekday,1/1/2024 19:15,Natick Center,11.0,1,10,81,13145
Fall 2024,CR-Worcester,Framingham/Worcester Line,512,1,day_type_01,weekday,1/1/2024 10:03,Wellesley Hills,10.0,0,1,116,13146
Fall 2024,CR-Worcester,Framingham/Worcester Line,529,0,day_type_01,weekday,1/1/2024 17:46,Boston Landing,4.0,12,106,678,13147
Fall 2024,CR-Worcester,Framingham/Worcester Line,522,1,day_type_01,weekday,1/1/2024 14:17,Westborough,3.0,3,0,58,13148
Fall 2024,CR-Worcester,Framingham/Worcester Line,525,0,day_type_01,weekday,1/1/2024 16:06,Back Bay,2.0,226,0,648,13149
Fall 2024,CR-Worcester,Framingham/Worcester Line,533,0,day_type_01,weekday,1/1/2024 19:20,West Natick,12.0,1,18,64,13150
Fall 2024,CR-Worcester,Framingham/Worcester Line,512,1,day_type_01,weekday,1/1/2024 10:06,Wellesley Farms,11.0,4,0,120,13151
Fall 2024,CR-Worcester,Framingham/Worcester Line,529,0,day_type_01,weekday,1/1/2024 18:03,West Natick,5.0,4,117,565,13152
Fall 2024,CR-Worcester,Framingham/Worcester Line,522,1,day_type_01,weekday,1/1/2024 14:26,Southborough,4.0,4,0,62,13153
Fall 2024,CR-Worcester,Framingham/Worcester Line,525,0,day_type_01,weekday,1/1/2024 16:11,Lansdowne,3.0,114,1,761,13154
Fall 2024,CR-Worcester,Framingham/Worcester Line,533,0,day_type_01,weekday,1/1/2024 19:25,Framingham,13.0,4,20,48,13155
Fall 2024,CR-Worcester,Framingham/Worcester Line,512,1,day_type_01,weekday,1/1/2024 10:11,Auburndale,12.0,0,0,120,13156
Fall 2024,CR-Worcester,Framingham/Worcester Line,529,0,day_type_01,weekday,1/1/2024 18:08,Framingham,6.0,10,131,444,13157
Fall 2024,CR-Worcester,Framingham/Worcester Line,522,1,day_type_01,weekday,1/1/2024 14:30,Ashland,5.0,2,1,63,13158
Fall 2024,CR-Worcester,Framingham/Worcester Line,525,0,day_type_01,weekday,1/1/2024 16:16,Boston Landing,4.0,40,47,754,13159
Fall 2024,CR-Worcester,Framingham/Worcester Line,533,0,day_type_01,weekday,1/1/2024 19:31,Ashland,14.0,0,7,41,13160
Fall 2024,CR-Worcester,Framingham/Worcester Line,512,1,day_type_01,weekday,1/1/2024 10:14,West Newton,13.0,4,0,124,13161
Fall 2024,CR-Worcester,Framingham/Worcester Line,529,0,day_type_01,weekday,1/1/2024 18:14,Ashland,7.0,3,101,346,13162
Fall 2024,CR-Worcester,Framingham/Worcester Line,522,1,day_type_01,weekday,1/1/2024 14:40,Framingham,6.0,13,3,73,13163
Fall 2024,CR-Worcester,Framingham/Worcester Line,525,0,day_type_01,weekday,1/1/2024 16:33,West Natick,5.0,4,102,656,13164
Fall 2024,CR-Worcester,Framingham/Worcester Line,533,0,day_type_01,weekday,1/1/2024 19:36,Southborough,15.0,0,10,31,13165
Fall 2024,CR-Worcester,Framingham/Worcester Line,529,0,day_type_01,weekday,1/1/2024 18:19,Southborough,8.0,2,94,254,13166
Fall 2024,CR-Worcester,Framingham/Worcester Line,512,1,day_type_01,weekday,1/1/2024 10:17,Newtonville,14.0,10,2,132,13167
Fall 2024,CR-Worcester,Framingham/Worcester Line,525,0,day_type_01,weekday,1/1/2024 16:38,Framingham,6.0,26,107,575,13168
Fall 2024,CR-Worcester,Framingham/Worcester Line,533,0,day_type_01,weekday,1/1/2024 19:45,Westborough,16.0,0,11,20,13169
Fall 2024,CR-Worcester,Framingham/Worcester Line,522,1,day_type_01,weekday,1/1/2024 14:45,West Natick,7.0,7,2,78,13170
Fall 2024,CR-Worcester,Framingham/Worcester Line,529,0,day_type_01,weekday,1/1/2024 18:28,Westborough,9.0,5,83,176,13171
Fall 2024,CR-Worcester,Framingham/Worcester Line,512,1,day_type_01,weekday,1/1/2024 10:22,Boston Landing,15.0,8,3,137,13172
Fall 2024,CR-Worcester,Framingham/Worcester Line,525,0,day_type_01,weekday,1/1/2024 16:44,Ashland,7.0,4,110,469,13173
Fall 2024,CR-Worcester,Framingham/Worcester Line,522,1,day_type_01,weekday,1/1/2024 14:50,Natick Center,8.0,8,0,86,13174
Fall 2024,CR-Worcester,Framingham/Worcester Line,529,0,day_type_01,weekday,1/1/2024 18:34,Grafton,10.0,0,65,111,13175
Fall 2024,CR-Worcester,Framingham/Worcester Line,512,1,day_type_01,weekday,1/1/2024 10:27,Lansdowne,16.0,10,34,113,13176
Fall 2024,CR-Worcester,Framingham/Worcester Line,525,0,day_type_01,weekday,1/1/2024 16:49,Southborough,8.0,5,134,340,13177
Fall 2024,CR-Worcester,Framingham/Worcester Line,522,1,day_type_01,weekday,1/1/2024 14:55,Wellesley Square,9.0,47,0,133,13178
Fall 2024,CR-Worcester,Framingham/Worcester Line,529,0,day_type_01,weekday,1/1/2024 18:55,Worcester,11.0,0,111,0,13179
Fall 2024,CR-Worcester,Framingham/Worcester Line,512,1,day_type_01,weekday,1/1/2024 10:37,Back Bay,17.0,14,13,114,13180
Fall 2024,CR-Worcester,Framingham/Worcester Line,525,0,day_type_01,weekday,1/1/2024 16:58,Westborough,9.0,6,111,235,13181
Fall 2024,CR-Worcester,Framingham/Worcester Line,522,1,day_type_01,weekday,1/1/2024 14:58,Wellesley Hills,10.0,7,0,140,13182
Fall 2024,CR-Worcester,Framingham/Worcester Line,530,1,day_type_01,weekday,1/1/2024 17:45,Worcester,1.0,31,0,31,13183
Fall 2024,CR-Worcester,Framingham/Worcester Line,512,1,day_type_01,weekday,1/1/2024 10:43,South Station,18.0,0,114,0,13184
Fall 2024,CR-Worcester,Framingham/Worcester Line,525,0,day_type_01,weekday,1/1/2024 17:04,Grafton,10.0,16,99,152,13185
Fall 2024,CR-Worcester,Framingham/Worcester Line,522,1,day_type_01,weekday,1/1/2024 15:01,Wellesley Farms,11.0,0,5,135,13186
Fall 2024,CR-Worcester,Framingham/Worcester Line,530,1,day_type_01,weekday,1/1/2024 17:58,Grafton,2.0,6,0,37,13187
Fall 2024,CR-Worcester,Framingham/Worcester Line,513,0,day_type_01,weekday,1/1/2024 9:50,South Station,1.0,28,0,28,13188
Fall 2024,CR-Worcester,Framingham/Worcester Line,530,1,day_type_01,weekday,1/1/2024 18:02,Westborough,3.0,9,2,44,13189
Fall 2024,CR-Worcester,Framingham/Worcester Line,513,0,day_type_01,weekday,1/1/2024 9:56,Back Bay,2.0,30,0,58,13190
Fall 2024,CR-Worcester,Framingham/Worcester Line,530,1,day_type_01,weekday,1/1/2024 18:11,Southborough,4.0,6,1,49,13191
Fall 2024,CR-Worcester,Framingham/Worcester Line,513,0,day_type_01,weekday,1/1/2024 10:01,Lansdowne,3.0,7,7,58,13192
Fall 2024,CR-Worcester,Framingham/Worcester Line,530,1,day_type_01,weekday,1/1/2024 18:15,Ashland,5.0,3,2,50,13193
Fall 2024,CR-Worcester,Framingham/Worcester Line,513,0,day_type_01,weekday,1/1/2024 10:07,Boston Landing,4.0,6,10,54,13194
Fall 2024,CR-Worcester,Framingham/Worcester Line,530,1,day_type_01,weekday,1/1/2024 18:25,Framingham,6.0,8,11,47,13195
Fall 2024,CR-Worcester,Framingham/Worcester Line,513,0,day_type_01,weekday,1/1/2024 10:17,Wellesley Farms,5.0,0,1,53,13196
Fall 2024,CR-Worcester,Framingham/Worcester Line,530,1,day_type_01,weekday,1/1/2024 18:30,West Natick,7.0,0,5,42,13197
Fall 2024,CR-Worcester,Framingham/Worcester Line,513,0,day_type_01,weekday,1/1/2024 10:19,Wellesley Hills,6.0,1,5,49,13198
Fall 2024,CR-Worcester,Framingham/Worcester Line,513,0,day_type_01,weekday,1/1/2024 10:22,Wellesley Square,7.0,0,12,37,13199
Fall 2024,CR-Worcester,Framingham/Worcester Line,513,0,day_type_01,weekday,1/1/2024 10:27,Natick Center,8.0,0,1,36,13200
Fall 2024,CR-Worcester,Framingham/Worcester Line,583,0,day_type_01,weekday,1/1/2024 6:26,Lansdowne,3.0,2,5,11,13201
Fall 2024,CR-Worcester,Framingham/Worcester Line,583,0,day_type_01,weekday,1/1/2024 6:31,Boston Landing,4.0,8,5,14,13202
Fall 2024,CR-Worcester,Framingham/Worcester Line,583,0,day_type_01,weekday,1/1/2024 6:35,Newtonville,5.0,2,0,16,13203
Fall 2024,CR-Worcester,Framingham/Worcester Line,583,0,day_type_01,weekday,1/1/2024 6:38,West Newton,6.0,0,0,16,13204
Fall 2024,CR-Worcester,Framingham/Worcester Line,583,0,day_type_01,weekday,1/1/2024 6:41,Auburndale,7.0,3,0,19,13205
Fall 2024,CR-Worcester,Framingham/Worcester Line,583,0,day_type_01,weekday,1/1/2024 6:46,Wellesley Farms,8.0,0,0,19,13206
Fall 2024,CR-Worcester,Framingham/Worcester Line,583,0,day_type_01,weekday,1/1/2024 6:48,Wellesley Hills,9.0,0,2,17,13207
Fall 2024,CR-Worcester,Framingham/Worcester Line,583,0,day_type_01,weekday,1/1/2024 6:51,Wellesley Square,10.0,1,8,10,13208
Fall 2024,CR-Worcester,Framingham/Worcester Line,583,0,day_type_01,weekday,1/1/2024 6:55,Natick Center,11.0,5,2,13,13209
Fall 2024,CR-Worcester,Framingham/Worcester Line,583,0,day_type_01,weekday,1/1/2024 7:00,West Natick,12.0,0,1,12,13210
Fall 2024,CR-Worcester,Framingham/Worcester Line,583,0,day_type_01,weekday,1/1/2024 7:07,Framingham,13.0,0,12,0,13211
Fall 2024,CR-Worcester,Framingham/Worcester Line,584,1,day_type_01,weekday,1/1/2024 7:25,Framingham,1.0,46,0,46,13212
Fall 2024,CR-Worcester,Framingham/Worcester Line,584,1,day_type_01,weekday,1/1/2024 7:30,West Natick,2.0,37,0,83,13213
Fall 2024,CR-Worcester,Framingham/Worcester Line,584,1,day_type_01,weekday,1/1/2024 7:35,Natick Center,3.0,113,4,192,13214
Fall 2024,CR-Worcester,Framingham/Worcester Line,584,1,day_type_01,weekday,1/1/2024 7:40,Wellesley Square,4.0,102,2,292,13215
Fall 2024,CR-Worcester,Framingham/Worcester Line,584,1,day_type_01,weekday,1/1/2024 7:44,Wellesley Hills,5.0,78,3,367,13216
Fall 2024,CR-Worcester,Framingham/Worcester Line,584,1,day_type_01,weekday,1/1/2024 7:47,Wellesley Farms,6.0,96,1,462,13217
Fall 2024,CR-Worcester,Framingham/Worcester Line,584,1,day_type_01,weekday,1/1/2024 7:52,Auburndale,7.0,44,4,502,13218
Fall 2024,CR-Worcester,Framingham/Worcester Line,584,1,day_type_01,weekday,1/1/2024 7:55,West Newton,8.0,78,1,579,13219
Fall 2024,CR-Worcester,Framingham/Worcester Line,584,1,day_type_01,weekday,1/1/2024 7:59,Newtonville,9.0,122,6,695,13220
Fall 2024,CR-Worcester,Framingham/Worcester Line,584,1,day_type_01,weekday,1/1/2024 8:04,Boston Landing,10.0,114,11,798,13221
Fall 2024,CR-Worcester,Framingham/Worcester Line,584,1,day_type_01,weekday,1/1/2024 8:09,Lansdowne,11.0,72,84,786,13222
Fall 2024,CR-Worcester,Framingham/Worcester Line,533,0,day_type_01,weekday,1/1/2024 19:50,Grafton,17.0,0,8,12,13223
Fall 2024,CR-Worcester,Framingham/Worcester Line,584,1,day_type_01,weekday,1/1/2024 8:17,Back Bay,12.0,11,129,668,13224
Fall 2024,CR-Worcester,Framingham/Worcester Line,584,1,day_type_01,weekday,1/1/2024 8:23,South Station,13.0,0,668,0,13225
Fall 2024,CR-Worcester,Framingham/Worcester Line,585,0,day_type_01,weekday,1/1/2024 7:10,South Station,1.0,73,0,73,13226
Fall 2024,CR-Needham,Needham Line,602,1,day_type_01,weekday,1/1/2024 6:16,Hersey,4.0,28,0,71,13227
Fall 2024,CR-Needham,Needham Line,606,1,day_type_01,weekday,1/1/2024 8:24,Highland,6.0,99,0,618,13228
Fall 2024,CR-Worcester,Framingham/Worcester Line,539,0,day_type_01,weekday,1/1/2024 22:45,West Natick,12.0,1,6,43,13229
Fall 2024,CR-Worcester,Framingham/Worcester Line,595,0,day_type_01,weekday,1/1/2024 17:17,Newtonville,5.0,4,152,494,13230
Fall 2024,CR-Worcester,Framingham/Worcester Line,585,0,day_type_01,weekday,1/1/2024 7:16,Back Bay,2.0,35,30,78,13231
Fall 2024,CR-Worcester,Framingham/Worcester Line,585,0,day_type_01,weekday,1/1/2024 7:21,Lansdowne,3.0,8,14,72,13232
Fall 2024,CR-Worcester,Framingham/Worcester Line,585,0,day_type_01,weekday,1/1/2024 7:26,Boston Landing,4.0,13,10,75,13233
Fall 2024,CR-Worcester,Framingham/Worcester Line,585,0,day_type_01,weekday,1/1/2024 7:36,Wellesley Farms,5.0,1,3,73,13234
Fall 2024,CR-Worcester,Framingham/Worcester Line,585,0,day_type_01,weekday,1/1/2024 7:38,Wellesley Hills,6.0,0,10,63,13235
Fall 2024,CR-Worcester,Framingham/Worcester Line,585,0,day_type_01,weekday,1/1/2024 7:41,Wellesley Square,7.0,0,21,42,13236
Fall 2024,CR-Worcester,Framingham/Worcester Line,585,0,day_type_01,weekday,1/1/2024 7:45,Natick Center,8.0,2,21,23,13237
Fall 2024,CR-Worcester,Framingham/Worcester Line,585,0,day_type_01,weekday,1/1/2024 7:50,West Natick,9.0,2,6,19,13238
Fall 2024,CR-Worcester,Framingham/Worcester Line,585,0,day_type_01,weekday,1/1/2024 7:57,Framingham,10.0,0,19,0,13239
Fall 2024,CR-Worcester,Framingham/Worcester Line,586,1,day_type_01,weekday,1/1/2024 8:15,Framingham,1.0,34,0,34,13240
Fall 2024,CR-Worcester,Framingham/Worcester Line,586,1,day_type_01,weekday,1/1/2024 8:20,West Natick,2.0,49,0,83,13241
Fall 2024,CR-Worcester,Framingham/Worcester Line,586,1,day_type_01,weekday,1/1/2024 8:25,Natick Center,3.0,56,1,138,13242
Fall 2024,CR-Worcester,Framingham/Worcester Line,586,1,day_type_01,weekday,1/1/2024 8:29,Wellesley Square,4.0,65,2,201,13243
Fall 2024,CR-Worcester,Framingham/Worcester Line,586,1,day_type_01,weekday,1/1/2024 8:33,Wellesley Hills,5.0,43,3,241,13244
Fall 2024,CR-Worcester,Framingham/Worcester Line,586,1,day_type_01,weekday,1/1/2024 8:36,Wellesley Farms,6.0,44,2,283,13245
Fall 2024,CR-Worcester,Framingham/Worcester Line,586,1,day_type_01,weekday,1/1/2024 8:41,Auburndale,7.0,31,0,314,13246
Fall 2024,CR-Worcester,Framingham/Worcester Line,586,1,day_type_01,weekday,1/1/2024 8:44,West Newton,8.0,43,4,353,13247
Fall 2024,CR-Worcester,Framingham/Worcester Line,586,1,day_type_01,weekday,1/1/2024 8:48,Newtonville,9.0,78,4,427,13248
Fall 2024,CR-Worcester,Framingham/Worcester Line,586,1,day_type_01,weekday,1/1/2024 8:53,Boston Landing,10.0,118,11,534,13249
Fall 2024,CR-Worcester,Framingham/Worcester Line,586,1,day_type_01,weekday,1/1/2024 8:58,Lansdowne,11.0,0,0,534,13250
Fall 2024,CR-Worcester,Framingham/Worcester Line,586,1,day_type_01,weekday,1/1/2024 9:05,Back Bay,12.0,1,149,386,13251
Fall 2024,CR-Worcester,Framingham/Worcester Line,586,1,day_type_01,weekday,1/1/2024 9:11,South Station,13.0,0,386,0,13252
Fall 2024,CR-Worcester,Framingham/Worcester Line,591,0,day_type_01,weekday,1/1/2024 15:25,South Station,1.0,128,0,128,13253
Fall 2024,CR-Worcester,Framingham/Worcester Line,591,0,day_type_01,weekday,1/1/2024 15:31,Back Bay,2.0,99,7,220,13254
Fall 2024,CR-Worcester,Framingham/Worcester Line,591,0,day_type_01,weekday,1/1/2024 15:36,Lansdowne,3.0,45,1,264,13255
Fall 2024,CR-Worcester,Framingham/Worcester Line,591,0,day_type_01,weekday,1/1/2024 15:41,Boston Landing,4.0,52,73,243,13256
Fall 2024,CR-Worcester,Framingham/Worcester Line,536,1,day_type_01,weekday,1/1/2024 22:03,West Newton,13.0,1,0,20,13257
Fall 2024,CR-Worcester,Framingham/Worcester Line,533,0,day_type_01,weekday,1/1/2024 20:10,Worcester,18.0,0,12,0,13258
Fall 2024,CR-Worcester,Framingham/Worcester Line,539,0,day_type_01,weekday,1/1/2024 22:50,Framingham,13.0,2,9,36,13259
Fall 2024,CR-Worcester,Framingham/Worcester Line,536,1,day_type_01,weekday,1/1/2024 22:06,Newtonville,14.0,0,0,20,13260
Fall 2024,CR-Worcester,Framingham/Worcester Line,595,0,day_type_01,weekday,1/1/2024 17:21,West Newton,6.0,1,94,401,13261
Fall 2024,CR-Worcester,Framingham/Worcester Line,591,0,day_type_01,weekday,1/1/2024 15:46,Newtonville,5.0,7,28,222,13262
Fall 2024,CR-Needham,Needham Line,602,1,day_type_01,weekday,1/1/2024 6:22,West Roxbury,5.0,53,0,124,13263
Fall 2024,CR-Needham,Needham Line,606,1,day_type_01,weekday,1/1/2024 8:27,Bellevue,7.0,86,0,704,13264
Fall 2024,CR-Worcester,Framingham/Worcester Line,534,1,day_type_01,weekday,1/1/2024 19:55,Worcester,1.0,30,0,30,13265
Fall 2024,CR-Worcester,Framingham/Worcester Line,539,0,day_type_01,weekday,1/1/2024 22:56,Ashland,14.0,0,4,32,13266
Fall 2024,CR-Worcester,Framingham/Worcester Line,595,0,day_type_01,weekday,1/1/2024 17:24,Auburndale,7.0,2,67,336,13267
Fall 2024,CR-Needham,Needham Line,606,1,day_type_01,weekday,1/1/2024 8:30,Roslindale Village,8.0,146,0,850,13268
Fall 2024,CR-Worcester,Framingham/Worcester Line,536,1,day_type_01,weekday,1/1/2024 22:11,Boston Landing,15.0,1,4,17,13269
Fall 2024,CR-Needham,Needham Line,602,1,day_type_01,weekday,1/1/2024 6:24,Highland,6.0,43,1,166,13270
Fall 2024,CR-Worcester,Framingham/Worcester Line,595,0,day_type_01,weekday,1/1/2024 17:29,Wellesley Farms,8.0,1,79,258,13271
Fall 2024,CR-Worcester,Framingham/Worcester Line,536,1,day_type_01,weekday,1/1/2024 22:16,Lansdowne,16.0,2,0,19,13272
Fall 2024,CR-Needham,Needham Line,606,1,day_type_01,weekday,1/1/2024 8:34,Forest Hills,9.0,49,3,896,13273
Fall 2024,CR-Worcester,Framingham/Worcester Line,539,0,day_type_01,weekday,1/1/2024 23:01,Southborough,15.0,0,3,29,13274
Fall 2024,CR-Worcester,Framingham/Worcester Line,534,1,day_type_01,weekday,1/1/2024 20:08,Grafton,2.0,0,3,27,13275
Fall 2024,CR-Worcester,Framingham/Worcester Line,591,0,day_type_01,weekday,1/1/2024 15:50,West Newton,6.0,0,20,202,13276
Fall 2024,CR-Worcester,Framingham/Worcester Line,539,0,day_type_01,weekday,1/1/2024 23:10,Westborough,16.0,1,5,25,13277
Fall 2024,CR-Worcester,Framingham/Worcester Line,534,1,day_type_01,weekday,1/1/2024 20:12,Westborough,3.0,4,2,29,13278
Fall 2024,CR-Worcester,Framingham/Worcester Line,595,0,day_type_01,weekday,1/1/2024 17:32,Wellesley Hills,9.0,3,63,198,13279
Fall 2024,CR-Needham,Needham Line,602,1,day_type_01,weekday,1/1/2024 6:27,Bellevue,7.0,51,0,217,13280
Fall 2024,CR-Worcester,Framingham/Worcester Line,536,1,day_type_01,weekday,1/1/2024 22:25,Back Bay,17.0,0,13,6,13281
Fall 2024,CR-Needham,Needham Line,602,1,day_type_01,weekday,1/1/2024 6:30,Roslindale Village,8.0,56,1,272,13282
Fall 2024,CR-Worcester,Framingham/Worcester Line,539,0,day_type_01,weekday,1/1/2024 23:15,Grafton,17.0,0,5,20,13283
Fall 2024,CR-Worcester,Framingham/Worcester Line,591,0,day_type_01,weekday,1/1/2024 15:53,Auburndale,7.0,2,9,195,13284
Fall 2024,CR-Worcester,Framingham/Worcester Line,595,0,day_type_01,weekday,1/1/2024 17:36,Wellesley Square,10.0,2,84,116,13285
Fall 2024,CR-Needham,Needham Line,602,1,day_type_01,weekday,1/1/2024 6:34,Forest Hills,9.0,41,3,310,13286
Fall 2024,CR-Worcester,Framingham/Worcester Line,539,0,day_type_01,weekday,1/1/2024 23:34,Worcester,18.0,0,20,0,13287
Fall 2024,CR-Worcester,Framingham/Worcester Line,536,1,day_type_01,weekday,1/1/2024 22:30,South Station,18.0,0,6,0,13288
Fall 2024,CR-Needham,Needham Line,606,1,day_type_01,weekday,1/1/2024 8:40,Ruggles,10.0,3,90,809,13289
Fall 2024,CR-Worcester,Framingham/Worcester Line,534,1,day_type_01,weekday,1/1/2024 20:21,Southborough,4.0,1,0,30,13290
Fall 2024,CR-Worcester,Framingham/Worcester Line,591,0,day_type_01,weekday,1/1/2024 15:57,Wellesley Farms,8.0,2,20,177,13291
Fall 2024,CR-Needham,Needham Line,606,1,day_type_01,weekday,1/1/2024 8:44,Back Bay,11.0,12,269,552,13292
Fall 2024,CR-Worcester,Framingham/Worcester Line,537,0,day_type_01,weekday,1/1/2024 21:00,South Station,1.0,65,0,65,13293
Fall 2024,CR-Needham,Needham Line,602,1,day_type_01,weekday,1/1/2024 6:40,Ruggles,10.0,1,126,185,13294
Fall 2024,CR-Worcester,Framingham/Worcester Line,595,0,day_type_01,weekday,1/1/2024 17:41,Natick Center,11.0,2,63,55,13295
Fall 2024,CR-Worcester,Framingham/Worcester Line,541,0,day_type_01,weekday,1/1/2024 23:45,South Station,1.0,28,0,28,13296
Fall 2024,CR-Worcester,Framingham/Worcester Line,534,1,day_type_01,weekday,1/1/2024 20:25,Ashland,5.0,0,0,30,13297
Fall 2024,CR-Worcester,Framingham/Worcester Line,591,0,day_type_01,weekday,1/1/2024 16:00,Wellesley Hills,9.0,4,11,170,13298
Fall 2024,CR-Worcester,Framingham/Worcester Line,591,0,day_type_01,weekday,1/1/2024 16:03,Wellesley Square,10.0,5,30,145,13299
Fall 2024,CR-Worcester,Framingham/Worcester Line,591,0,day_type_01,weekday,1/1/2024 16:07,Natick Center,11.0,4,40,109,13300
Fall 2024,CR-Worcester,Framingham/Worcester Line,591,0,day_type_01,weekday,1/1/2024 16:12,West Natick,12.0,0,37,72,13301
Fall 2024,CR-Worcester,Framingham/Worcester Line,591,0,day_type_01,weekday,1/1/2024 16:19,Framingham,13.0,0,72,0,13302
Fall 2024,CR-Worcester,Framingham/Worcester Line,592,1,day_type_01,weekday,1/1/2024 16:40,Framingham,1.0,8,0,8,13303
Fall 2024,CR-Worcester,Framingham/Worcester Line,592,1,day_type_01,weekday,1/1/2024 16:45,West Natick,2.0,13,1,20,13304
Fall 2024,CR-Worcester,Framingham/Worcester Line,592,1,day_type_01,weekday,1/1/2024 16:50,Natick Center,3.0,26,2,44,13305
Fall 2024,CR-Worcester,Framingham/Worcester Line,592,1,day_type_01,weekday,1/1/2024 16:54,Wellesley Square,4.0,24,1,67,13306
Fall 2024,CR-Worcester,Framingham/Worcester Line,592,1,day_type_01,weekday,1/1/2024 16:57,Wellesley Hills,5.0,12,1,78,13307
Fall 2024,CR-Worcester,Framingham/Worcester Line,592,1,day_type_01,weekday,1/1/2024 17:00,Wellesley Farms,6.0,3,1,80,13308
Fall 2024,CR-Worcester,Framingham/Worcester Line,592,1,day_type_01,weekday,1/1/2024 17:11,Boston Landing,7.0,39,17,102,13309
Fall 2024,CR-Worcester,Framingham/Worcester Line,592,1,day_type_01,weekday,1/1/2024 17:16,Lansdowne,8.0,21,13,110,13310
Fall 2024,CR-Worcester,Framingham/Worcester Line,592,1,day_type_01,weekday,1/1/2024 17:23,Back Bay,9.0,20,71,59,13311
Fall 2024,CR-Worcester,Framingham/Worcester Line,592,1,day_type_01,weekday,1/1/2024 17:29,South Station,10.0,0,59,0,13312
Fall 2024,CR-Worcester,Framingham/Worcester Line,593,0,day_type_01,weekday,1/1/2024 16:10,South Station,1.0,379,0,379,13313
Fall 2024,CR-Worcester,Framingham/Worcester Line,593,0,day_type_01,weekday,1/1/2024 16:16,Back Bay,2.0,112,1,490,13314
Fall 2024,CR-Worcester,Framingham/Worcester Line,593,0,day_type_01,weekday,1/1/2024 16:21,Lansdowne,3.0,63,9,544,13315
Fall 2024,CR-Worcester,Framingham/Worcester Line,593,0,day_type_01,weekday,1/1/2024 16:26,Boston Landing,4.0,15,37,522,13316
Fall 2024,CR-Worcester,Framingham/Worcester Line,593,0,day_type_01,weekday,1/1/2024 16:31,Newtonville,5.0,6,97,431,13317
Fall 2024,CR-Worcester,Framingham/Worcester Line,593,0,day_type_01,weekday,1/1/2024 16:35,West Newton,6.0,3,48,386,13318
Fall 2024,CR-Worcester,Framingham/Worcester Line,593,0,day_type_01,weekday,1/1/2024 16:38,Auburndale,7.0,4,38,352,13319
Fall 2024,CR-Worcester,Framingham/Worcester Line,593,0,day_type_01,weekday,1/1/2024 16:42,Wellesley Farms,8.0,0,51,301,13320
Fall 2024,CR-Worcester,Framingham/Worcester Line,593,0,day_type_01,weekday,1/1/2024 16:45,Wellesley Hills,9.0,3,46,258,13321
Fall 2024,CR-Worcester,Framingham/Worcester Line,593,0,day_type_01,weekday,1/1/2024 16:48,Wellesley Square,10.0,5,139,124,13322
Fall 2024,CR-Worcester,Framingham/Worcester Line,593,0,day_type_01,weekday,1/1/2024 16:52,Natick Center,11.0,5,78,51,13323
Fall 2024,CR-Worcester,Framingham/Worcester Line,593,0,day_type_01,weekday,1/1/2024 16:57,West Natick,12.0,0,18,33,13324
Fall 2024,CR-Worcester,Framingham/Worcester Line,593,0,day_type_01,weekday,1/1/2024 17:04,Framingham,13.0,0,33,0,13325
Fall 2024,CR-Worcester,Framingham/Worcester Line,594,1,day_type_01,weekday,1/1/2024 17:20,Framingham,1.0,7,0,7,13326
Fall 2024,CR-Worcester,Framingham/Worcester Line,594,1,day_type_01,weekday,1/1/2024 17:25,West Natick,2.0,15,2,20,13327
Fall 2024,CR-Worcester,Framingham/Worcester Line,594,1,day_type_01,weekday,1/1/2024 17:30,Natick Center,3.0,22,1,41,13328
Fall 2024,CR-Worcester,Framingham/Worcester Line,594,1,day_type_01,weekday,1/1/2024 17:34,Wellesley Square,4.0,29,2,68,13329
Fall 2024,CR-Worcester,Framingham/Worcester Line,594,1,day_type_01,weekday,1/1/2024 17:37,Wellesley Hills,5.0,3,5,66,13330
Fall 2024,CR-Worcester,Framingham/Worcester Line,594,1,day_type_01,weekday,1/1/2024 17:40,Wellesley Farms,6.0,3,0,69,13331
Fall 2024,CR-Worcester,Framingham/Worcester Line,594,1,day_type_01,weekday,1/1/2024 17:45,Auburndale,7.0,10,1,78,13332
Fall 2024,CR-Worcester,Framingham/Worcester Line,594,1,day_type_01,weekday,1/1/2024 17:48,West Newton,8.0,12,1,89,13333
Fall 2024,CR-Worcester,Framingham/Worcester Line,594,1,day_type_01,weekday,1/1/2024 17:51,Newtonville,9.0,6,3,92,13334
Fall 2024,CR-Worcester,Framingham/Worcester Line,594,1,day_type_01,weekday,1/1/2024 17:56,Boston Landing,10.0,40,15,117,13335
Fall 2024,CR-Worcester,Framingham/Worcester Line,594,1,day_type_01,weekday,1/1/2024 18:01,Lansdowne,11.0,10,43,84,13336
Fall 2024,CR-Worcester,Framingham/Worcester Line,594,1,day_type_01,weekday,1/1/2024 18:07,Back Bay,12.0,27,15,96,13337
Fall 2024,CR-Worcester,Framingham/Worcester Line,594,1,day_type_01,weekday,1/1/2024 18:13,South Station,13.0,0,96,0,13338
Fall 2024,CR-Worcester,Framingham/Worcester Line,595,0,day_type_01,weekday,1/1/2024 16:55,South Station,1.0,511,0,511,13339
Fall 2024,CR-Worcester,Framingham/Worcester Line,595,0,day_type_01,weekday,1/1/2024 17:01,Back Bay,2.0,143,1,653,13340
Fall 2024,CR-Worcester,Framingham/Worcester Line,595,0,day_type_01,weekday,1/1/2024 17:06,Lansdowne,3.0,43,32,664,13341
Fall 2024,CR-Worcester,Framingham/Worcester Line,595,0,day_type_01,weekday,1/1/2024 17:11,Boston Landing,4.0,16,38,642,13342
Fall 2024,CR-Needham,Needham Line,602,1,day_type_01,weekday,1/1/2024 6:44,Back Bay,11.0,2,59,128,13343
Fall 2024,CR-Worcester,Framingham/Worcester Line,537,0,day_type_01,weekday,1/1/2024 21:06,Back Bay,2.0,23,1,87,13344
Fall 2024,CR-Worcester,Framingham/Worcester Line,534,1,day_type_01,weekday,1/1/2024 20:35,Framingham,6.0,8,3,35,13345
Fall 2024,CR-Needham,Needham Line,602,1,day_type_01,weekday,1/1/2024 6:50,South Station,12.0,0,128,0,13346
Fall 2024,CR-Needham,Needham Line,606,1,day_type_01,weekday,1/1/2024 8:50,South Station,12.0,0,552,0,13347
Fall 2024,CR-Worcester,Framingham/Worcester Line,595,0,day_type_01,weekday,1/1/2024 17:46,West Natick,12.0,0,31,24,13348
Fall 2024,CR-Worcester,Framingham/Worcester Line,541,0,day_type_01,weekday,1/1/2024 23:51,Back Bay,2.0,9,1,36,13349
Fall 2024,CR-Needham,Needham Line,607,0,day_type_01,weekday,1/1/2024 8:50,South Station,1.0,9,0,9,13350
Fall 2024,CR-Worcester,Framingham/Worcester Line,595,0,day_type_01,weekday,1/1/2024 17:54,Framingham,13.0,0,24,0,13351
Fall 2024,CR-Needham,Needham Line,603,0,day_type_01,weekday,1/1/2024 6:50,South Station,1.0,39,0,39,13352
Fall 2024,CR-Worcester,Framingham/Worcester Line,534,1,day_type_01,weekday,1/1/2024 20:40,West Natick,7.0,2,0,37,13353
Fall 2024,CR-Needham,Needham Line,607,0,day_type_01,weekday,1/1/2024 8:55,Back Bay,2.0,7,1,15,13354
Fall 2024,CR-Worcester,Framingham/Worcester Line,541,0,day_type_01,weekday,1/1/2024 23:56,Lansdowne,3.0,16,0,52,13355
Fall 2024,CR-Worcester,Framingham/Worcester Line,537,0,day_type_01,weekday,1/1/2024 21:11,Lansdowne,3.0,25,3,109,13356
Fall 2024,CR-Worcester,Framingham/Worcester Line,597,0,day_type_01,weekday,1/1/2024 17:45,South Station,1.0,372,0,372,13357
Fall 2024,CR-Needham,Needham Line,603,0,day_type_01,weekday,1/1/2024 6:55,Back Bay,2.0,11,17,33,13358
Fall 2024,CR-Worcester,Framingham/Worcester Line,534,1,day_type_01,weekday,1/1/2024 20:45,Natick Center,8.0,0,1,36,13359
Fall 2024,CR-Needham,Needham Line,607,0,day_type_01,weekday,1/1/2024 8:58,Ruggles,3.0,3,3,15,13360
Fall 2024,CR-Worcester,Framingham/Worcester Line,541,0,day_type_01,weekday,1/1/2024 0:01,Boston Landing,4.0,4,6,50,13361
Fall 2024,CR-Worcester,Framingham/Worcester Line,537,0,day_type_01,weekday,1/1/2024 21:16,Boston Landing,4.0,3,9,103,13362
Fall 2024,CR-Worcester,Framingham/Worcester Line,597,0,day_type_01,weekday,1/1/2024 17:51,Back Bay,2.0,120,25,467,13363
Fall 2024,CR-Needham,Needham Line,603,0,day_type_01,weekday,1/1/2024 6:58,Ruggles,3.0,4,3,34,13364
Fall 2024,CR-Worcester,Framingham/Worcester Line,534,1,day_type_01,weekday,1/1/2024 20:49,Wellesley Square,9.0,10,0,46,13365
Fall 2024,CR-Needham,Needham Line,607,0,day_type_01,weekday,1/1/2024 9:03,Forest Hills,4.0,1,4,12,13366
Fall 2024,CR-Worcester,Framingham/Worcester Line,541,0,day_type_01,weekday,1/1/2024 0:06,Newtonville,5.0,0,3,47,13367
Fall 2024,CR-Worcester,Framingham/Worcester Line,541,0,day_type_01,weekday,1/1/2024 0:09,West Newton,6.0,1,1,47,13368
Fall 2024,CR-Worcester,Framingham/Worcester Line,541,0,day_type_01,weekday,1/1/2024 0:12,Auburndale,7.0,0,2,45,13369
Fall 2024,CR-Worcester,Framingham/Worcester Line,541,0,day_type_01,weekday,1/1/2024 0:16,Wellesley Farms,8.0,0,0,45,13370
Fall 2024,CR-Worcester,Framingham/Worcester Line,541,0,day_type_01,weekday,1/1/2024 0:18,Wellesley Hills,9.0,0,1,44,13371
Fall 2024,CR-Worcester,Framingham/Worcester Line,541,0,day_type_01,weekday,1/1/2024 0:21,Wellesley Square,10.0,0,3,41,13372
Fall 2024,CR-Worcester,Framingham/Worcester Line,541,0,day_type_01,weekday,1/1/2024 0:25,Natick Center,11.0,0,3,38,13373
Fall 2024,CR-Worcester,Framingham/Worcester Line,541,0,day_type_01,weekday,1/1/2024 0:30,West Natick,12.0,0,0,38,13374
Fall 2024,CR-Worcester,Framingham/Worcester Line,541,0,day_type_01,weekday,1/1/2024 0:35,Framingham,13.0,1,11,28,13375
Fall 2024,CR-Worcester,Framingham/Worcester Line,541,0,day_type_01,weekday,1/1/2024 0:41,Ashland,14.0,0,1,27,13376
Fall 2024,CR-Worcester,Framingham/Worcester Line,541,0,day_type_01,weekday,1/1/2024 0:46,Southborough,15.0,1,3,25,13377
Fall 2024,CR-Worcester,Framingham/Worcester Line,541,0,day_type_01,weekday,1/1/2024 0:55,Westborough,16.0,0,3,22,13378
Fall 2024,CR-Worcester,Framingham/Worcester Line,541,0,day_type_01,weekday,1/1/2024 1:00,Grafton,17.0,0,2,20,13379
Fall 2024,CR-Worcester,Framingham/Worcester Line,541,0,day_type_01,weekday,1/1/2024 1:19,Worcester,18.0,0,20,0,13380
Fall 2024,CR-Worcester,Framingham/Worcester Line,549,0,day_type_01,weekday,1/1/2024 6:52,South Station,1.0,10,0,10,13381
Fall 2024,CR-Worcester,Framingham/Worcester Line,549,0,day_type_01,weekday,1/1/2024 6:58,Back Bay,2.0,10,0,20,13382
Fall 2024,CR-Worcester,Framingham/Worcester Line,549,0,day_type_01,weekday,1/1/2024 7:03,Lansdowne,3.0,6,2,24,13383
Fall 2024,CR-Worcester,Framingham/Worcester Line,549,0,day_type_01,weekday,1/1/2024 7:26,Framingham,4.0,8,4,28,13384
Fall 2024,CR-Worcester,Framingham/Worcester Line,549,0,day_type_01,weekday,1/1/2024 7:58,Worcester,5.0,0,28,0,13385
Fall 2024,CR-Worcester,Framingham/Worcester Line,552,1,day_type_01,weekday,1/1/2024 7:35,Worcester,1.0,100,0,100,13386
Fall 2024,CR-Worcester,Framingham/Worcester Line,552,1,day_type_01,weekday,1/1/2024 8:04,Framingham,2.0,151,7,244,13387
Fall 2024,CR-Worcester,Framingham/Worcester Line,552,1,day_type_01,weekday,1/1/2024 8:28,Lansdowne,3.0,22,73,193,13388
Fall 2024,CR-Worcester,Framingham/Worcester Line,552,1,day_type_01,weekday,1/1/2024 8:39,Back Bay,4.0,1,107,87,13389
Fall 2024,CR-Worcester,Framingham/Worcester Line,552,1,day_type_01,weekday,1/1/2024 8:45,South Station,5.0,0,87,0,13390
Fall 2024,CR-Worcester,Framingham/Worcester Line,582,1,day_type_01,weekday,1/1/2024 6:35,Framingham,1.0,16,0,16,13391
Fall 2024,CR-Worcester,Framingham/Worcester Line,582,1,day_type_01,weekday,1/1/2024 6:40,West Natick,2.0,3,0,19,13392
Fall 2024,CR-Worcester,Framingham/Worcester Line,582,1,day_type_01,weekday,1/1/2024 6:45,Natick Center,3.0,27,1,45,13393
Fall 2024,CR-Worcester,Framingham/Worcester Line,582,1,day_type_01,weekday,1/1/2024 6:50,Wellesley Square,4.0,46,6,85,13394
Fall 2024,CR-Worcester,Framingham/Worcester Line,582,1,day_type_01,weekday,1/1/2024 6:54,Wellesley Hills,5.0,28,1,112,13395
Fall 2024,CR-Worcester,Framingham/Worcester Line,582,1,day_type_01,weekday,1/1/2024 6:57,Wellesley Farms,6.0,36,1,147,13396
Fall 2024,CR-Worcester,Framingham/Worcester Line,582,1,day_type_01,weekday,1/1/2024 7:02,Auburndale,7.0,26,1,172,13397
Fall 2024,CR-Worcester,Framingham/Worcester Line,582,1,day_type_01,weekday,1/1/2024 7:05,West Newton,8.0,30,2,200,13398
Fall 2024,CR-Worcester,Framingham/Worcester Line,582,1,day_type_01,weekday,1/1/2024 7:09,Newtonville,9.0,55,6,249,13399
Fall 2024,CR-Worcester,Framingham/Worcester Line,582,1,day_type_01,weekday,1/1/2024 7:14,Boston Landing,10.0,106,2,353,13400
Fall 2024,CR-Worcester,Framingham/Worcester Line,582,1,day_type_01,weekday,1/1/2024 7:19,Lansdowne,11.0,20,120,253,13401
Fall 2024,CR-Worcester,Framingham/Worcester Line,582,1,day_type_01,weekday,1/1/2024 7:27,Back Bay,13.0,7,83,177,13402
Fall 2024,CR-Worcester,Framingham/Worcester Line,582,1,day_type_01,weekday,1/1/2024 7:33,South Station,14.0,0,177,0,13403
Fall 2024,CR-Worcester,Framingham/Worcester Line,583,0,day_type_01,weekday,1/1/2024 6:15,South Station,1.0,26,0,26,13404
Fall 2024,CR-Worcester,Framingham/Worcester Line,583,0,day_type_01,weekday,1/1/2024 6:21,Back Bay,2.0,8,20,14,13405
Fall 2024,CR-Worcester,Framingham/Worcester Line,597,0,day_type_01,weekday,1/1/2024 17:56,Lansdowne,3.0,59,18,508,13406
Fall 2024,CR-Needham,Needham Line,607,0,day_type_01,weekday,1/1/2024 9:06,Roslindale Village,5.0,3,2,13,13407
Fall 2024,CR-Worcester,Framingham/Worcester Line,597,0,day_type_01,weekday,1/1/2024 18:01,Boston Landing,4.0,58,81,485,13408
Fall 2024,CR-Needham,Needham Line,603,0,day_type_01,weekday,1/1/2024 7:03,Forest Hills,4.0,12,2,44,13409
Fall 2024,CR-Needham,Needham Line,607,0,day_type_01,weekday,1/1/2024 9:09,Bellevue,6.0,0,2,11,13410
Fall 2024,CR-Worcester,Framingham/Worcester Line,534,1,day_type_01,weekday,1/1/2024 20:52,Wellesley Hills,10.0,5,1,50,13411
Fall 2024,CR-Worcester,Framingham/Worcester Line,597,0,day_type_01,weekday,1/1/2024 18:06,Newtonville,5.0,3,107,381,13412
Fall 2024,CR-Worcester,Framingham/Worcester Line,537,0,day_type_01,weekday,1/1/2024 21:21,Newtonville,5.0,5,9,99,13413
Fall 2024,CR-Needham,Needham Line,603,0,day_type_01,weekday,1/1/2024 7:06,Roslindale Village,5.0,4,1,47,13414
Fall 2024,CR-Worcester,Framingham/Worcester Line,534,1,day_type_01,weekday,1/1/2024 20:55,Wellesley Farms,11.0,1,0,51,13415
Fall 2024,CR-Worcester,Framingham/Worcester Line,537,0,day_type_01,weekday,1/1/2024 21:24,West Newton,6.0,0,5,94,13416
Fall 2024,CR-Worcester,Framingham/Worcester Line,597,0,day_type_01,weekday,1/1/2024 18:10,West Newton,6.0,4,55,330,13417
Fall 2024,CR-Needham,Needham Line,607,0,day_type_01,weekday,1/1/2024 9:11,Highland,7.0,0,1,10,13418
Fall 2024,CR-Needham,Needham Line,603,0,day_type_01,weekday,1/1/2024 7:09,Bellevue,6.0,2,1,48,13419
Fall 2024,CR-Worcester,Framingham/Worcester Line,534,1,day_type_01,weekday,1/1/2024 21:00,Auburndale,12.0,1,0,52,13420
Fall 2024,CR-Worcester,Framingham/Worcester Line,537,0,day_type_01,weekday,1/1/2024 21:27,Auburndale,7.0,1,3,92,13421
Fall 2024,CR-Worcester,Framingham/Worcester Line,597,0,day_type_01,weekday,1/1/2024 18:13,Auburndale,7.0,0,35,295,13422
Fall 2024,CR-Needham,Needham Line,607,0,day_type_01,weekday,1/1/2024 9:13,West Roxbury,8.0,0,1,9,13423
Fall 2024,CR-Needham,Needham Line,603,0,day_type_01,weekday,1/1/2024 7:11,Highland,7.0,2,1,49,13424
Fall 2024,CR-Worcester,Framingham/Worcester Line,534,1,day_type_01,weekday,1/1/2024 21:03,West Newton,13.0,0,0,52,13425
Fall 2024,CR-Worcester,Framingham/Worcester Line,537,0,day_type_01,weekday,1/1/2024 21:31,Wellesley Farms,8.0,0,2,90,13426
Fall 2024,CR-Worcester,Framingham/Worcester Line,597,0,day_type_01,weekday,1/1/2024 18:17,Wellesley Farms,8.0,0,47,248,13427
Fall 2024,CR-Needham,Needham Line,607,0,day_type_01,weekday,1/1/2024 9:23,Hersey,9.0,0,1,8,13428
Fall 2024,CR-Needham,Needham Line,603,0,day_type_01,weekday,1/1/2024 7:13,West Roxbury,8.0,1,20,30,13429
Fall 2024,CR-Worcester,Framingham/Worcester Line,534,1,day_type_01,weekday,1/1/2024 21:06,Newtonville,14.0,1,1,52,13430
Fall 2024,CR-Worcester,Framingham/Worcester Line,537,0,day_type_01,weekday,1/1/2024 21:33,Wellesley Hills,9.0,2,7,85,13431
Fall 2024,CR-Worcester,Framingham/Worcester Line,597,0,day_type_01,weekday,1/1/2024 18:20,Wellesley Hills,9.0,4,48,204,13432
Fall 2024,CR-Needham,Needham Line,607,0,day_type_01,weekday,1/1/2024 9:26,Needham Junction,10.0,0,2,6,13433
Fall 2024,CR-Needham,Needham Line,603,0,day_type_01,weekday,1/1/2024 7:23,Hersey,9.0,0,2,28,13434
Fall 2024,CR-Worcester,Framingham/Worcester Line,534,1,day_type_01,weekday,1/1/2024 21:11,Boston Landing,15.0,5,6,51,13435
Fall 2024,CR-Worcester,Framingham/Worcester Line,537,0,day_type_01,weekday,1/1/2024 21:36,Wellesley Square,10.0,3,8,80,13436
Fall 2024,CR-Worcester,Framingham/Worcester Line,597,0,day_type_01,weekday,1/1/2024 18:23,Wellesley Square,10.0,2,89,117,13437
Fall 2024,CR-Needham,Needham Line,603,0,day_type_01,weekday,1/1/2024 7:26,Needham Junction,10.0,0,11,17,13438
Fall 2024,CR-Worcester,Framingham/Worcester Line,537,0,day_type_01,weekday,1/1/2024 21:40,Natick Center,11.0,10,2,88,13439
Fall 2024,CR-Worcester,Framingham/Worcester Line,534,1,day_type_01,weekday,1/1/2024 21:16,Lansdowne,16.0,2,5,48,13440
Fall 2024,CR-Needham,Needham Line,607,0,day_type_01,weekday,1/1/2024 9:29,Needham Center,11.0,0,2,4,13441
Fall 2024,CR-Worcester,Framingham/Worcester Line,597,0,day_type_01,weekday,1/1/2024 18:27,Natick Center,11.0,3,57,63,13442
Fall 2024,CR-Needham,Needham Line,603,0,day_type_01,weekday,1/1/2024 7:29,Needham Center,11.0,0,10,7,13443
Fall 2024,CR-Worcester,Framingham/Worcester Line,534,1,day_type_01,weekday,1/1/2024 21:25,Back Bay,17.0,1,14,35,13444
Fall 2024,CR-Needham,Needham Line,607,0,day_type_01,weekday,1/1/2024 9:35,Needham Heights,12.0,0,5,-1,13445
Fall 2024,CR-Worcester,Framingham/Worcester Line,537,0,day_type_01,weekday,1/1/2024 21:45,West Natick,12.0,0,12,76,13446
Fall 2024,CR-Worcester,Framingham/Worcester Line,597,0,day_type_01,weekday,1/1/2024 18:32,West Natick,12.0,1,24,40,13447
Fall 2024,CR-Needham,Needham Line,603,0,day_type_01,weekday,1/1/2024 7:35,Needham Heights,12.0,0,7,0,13448
Fall 2024,CR-Worcester,Framingham/Worcester Line,534,1,day_type_01,weekday,1/1/2024 21:30,South Station,18.0,0,35,0,13449
Fall 2024,CR-Needham,Needham Line,608,1,day_type_01,weekday,1/1/2024 9:05,Needham Heights,1.0,16,0,16,13450
Fall 2024,CR-Worcester,Framingham/Worcester Line,537,0,day_type_01,weekday,1/1/2024 21:50,Framingham,13.0,3,21,58,13451
Fall 2024,CR-Worcester,Framingham/Worcester Line,597,0,day_type_01,weekday,1/1/2024 18:40,Framingham,13.0,0,40,0,13452
Fall 2024,CR-Needham,Needham Line,604,1,day_type_01,weekday,1/1/2024 7:05,Needham Heights,1.0,69,0,69,13453
Fall 2024,CR-Worcester,Framingham/Worcester Line,535,0,day_type_01,weekday,1/1/2024 19:35,South Station,1.0,97,0,97,13454
Fall 2024,CR-Needham,Needham Line,608,1,day_type_01,weekday,1/1/2024 9:09,Needham Center,2.0,8,0,24,13455
Fall 2024,CR-Worcester,Framingham/Worcester Line,537,0,day_type_01,weekday,1/1/2024 21:56,Ashland,14.0,0,5,53,13456
Fall 2024,CR-Worcester,Framingham/Worcester Line,598,1,day_type_01,weekday,1/1/2024 18:55,Framingham,1.0,8,0,8,13457
Fall 2024,CR-Needham,Needham Line,604,1,day_type_01,weekday,1/1/2024 7:09,Needham Center,2.0,25,0,94,13458
Fall 2024,CR-Worcester,Framingham/Worcester Line,535,0,day_type_01,weekday,1/1/2024 19:41,Back Bay,2.0,85,2,180,13459
Fall 2024,CR-Needham,Needham Line,608,1,day_type_01,weekday,1/1/2024 9:13,Needham Junction,3.0,15,0,39,13460
Fall 2024,CR-Worcester,Framingham/Worcester Line,537,0,day_type_01,weekday,1/1/2024 22:01,Southborough,15.0,1,12,42,13461
Fall 2024,CR-Worcester,Framingham/Worcester Line,598,1,day_type_01,weekday,1/1/2024 19:00,West Natick,2.0,3,0,11,13462
Fall 2024,CR-Needham,Needham Line,604,1,day_type_01,weekday,1/1/2024 7:13,Needham Junction,3.0,62,0,156,13463
Fall 2024,CR-Worcester,Framingham/Worcester Line,535,0,day_type_01,weekday,1/1/2024 19:46,Lansdowne,3.0,24,5,199,13464
Fall 2024,CR-Needham,Needham Line,608,1,day_type_01,weekday,1/1/2024 9:16,Hersey,4.0,34,0,73,13465
Fall 2024,CR-Worcester,Framingham/Worcester Line,537,0,day_type_01,weekday,1/1/2024 22:10,Westborough,16.0,1,11,32,13466
Fall 2024,CR-Worcester,Framingham/Worcester Line,598,1,day_type_01,weekday,1/1/2024 19:05,Natick Center,3.0,2,1,12,13467
Fall 2024,CR-Needham,Needham Line,604,1,day_type_01,weekday,1/1/2024 7:16,Hersey,4.0,109,0,265,13468
Fall 2024,CR-Needham,Needham Line,608,1,day_type_01,weekday,1/1/2024 9:21,West Roxbury,5.0,34,0,107,13469
Fall 2024,CR-Worcester,Framingham/Worcester Line,535,0,day_type_01,weekday,1/1/2024 19:51,Boston Landing,4.0,4,40,163,13470
Fall 2024,CR-Worcester,Framingham/Worcester Line,537,0,day_type_01,weekday,1/1/2024 22:15,Grafton,17.0,0,12,20,13471
Fall 2024,CR-Worcester,Framingham/Worcester Line,598,1,day_type_01,weekday,1/1/2024 19:09,Wellesley Square,4.0,5,0,17,13472
Fall 2024,CR-Needham,Needham Line,604,1,day_type_01,weekday,1/1/2024 7:22,West Roxbury,5.0,76,8,333,13473
Fall 2024,CR-Needham,Needham Line,608,1,day_type_01,weekday,1/1/2024 9:23,Highland,6.0,34,0,141,13474
Fall 2024,CR-Worcester,Framingham/Worcester Line,537,0,day_type_01,weekday,1/1/2024 22:34,Worcester,18.0,0,20,0,13475
Fall 2024,CR-Worcester,Framingham/Worcester Line,535,0,day_type_01,weekday,1/1/2024 19:56,Newtonville,5.0,3,11,155,13476
Fall 2024,CR-Needham,Needham Line,604,1,day_type_01,weekday,1/1/2024 7:24,Highland,6.0,85,0,418,13477
Fall 2024,CR-Needham,Needham Line,608,1,day_type_01,weekday,1/1/2024 9:25,Bellevue,7.0,23,0,164,13478
Fall 2024,CR-Worcester,Framingham/Worcester Line,598,1,day_type_01,weekday,1/1/2024 19:12,Wellesley Hills,5.0,9,0,26,13479
Fall 2024,CR-Worcester,Framingham/Worcester Line,538,1,day_type_01,weekday,1/1/2024 22:50,Worcester,1.0,13,0,13,13480
Fall 2024,CR-Worcester,Framingham/Worcester Line,535,0,day_type_01,weekday,1/1/2024 19:59,West Newton,6.0,0,10,145,13481
Fall 2024,CR-Needham,Needham Line,604,1,day_type_01,weekday,1/1/2024 7:27,Bellevue,7.0,76,0,494,13482
Fall 2024,CR-Needham,Needham Line,608,1,day_type_01,weekday,1/1/2024 9:28,Roslindale Village,8.0,31,0,195,13483
Fall 2024,CR-Worcester,Framingham/Worcester Line,598,1,day_type_01,weekday,1/1/2024 19:15,Wellesley Farms,6.0,2,0,28,13484
Fall 2024,CR-Worcester,Framingham/Worcester Line,538,1,day_type_01,weekday,1/1/2024 23:03,Grafton,2.0,0,1,12,13485
Fall 2024,CR-Worcester,Framingham/Worcester Line,535,0,day_type_01,weekday,1/1/2024 20:02,Auburndale,7.0,0,7,138,13486
Fall 2024,CR-Needham,Needham Line,604,1,day_type_01,weekday,1/1/2024 7:30,Roslindale Village,8.0,127,1,620,13487
Fall 2024,CR-Needham,Needham Line,608,1,day_type_01,weekday,1/1/2024 9:31,Forest Hills,9.0,19,3,211,13488
Fall 2024,CR-Worcester,Framingham/Worcester Line,598,1,day_type_01,weekday,1/1/2024 19:20,Auburndale,7.0,3,0,31,13489
Fall 2024,CR-Worcester,Framingham/Worcester Line,538,1,day_type_01,weekday,1/1/2024 23:07,Westborough,3.0,0,1,11,13490
Fall 2024,CR-Worcester,Framingham/Worcester Line,535,0,day_type_01,weekday,1/1/2024 20:06,Wellesley Farms,8.0,1,3,136,13491
Fall 2024,CR-Needham,Needham Line,604,1,day_type_01,weekday,1/1/2024 7:34,Forest Hills,9.0,40,0,660,13492
Fall 2024,CR-Needham,Needham Line,608,1,day_type_01,weekday,1/1/2024 9:37,Ruggles,10.0,3,47,167,13493
Fall 2024,CR-Worcester,Framingham/Worcester Line,598,1,day_type_01,weekday,1/1/2024 19:23,West Newton,8.0,2,0,33,13494
Fall 2024,CR-Worcester,Framingham/Worcester Line,538,1,day_type_01,weekday,1/1/2024 23:16,Southborough,4.0,0,0,11,13495
Fall 2024,CR-Worcester,Framingham/Worcester Line,535,0,day_type_01,weekday,1/1/2024 20:08,Wellesley Hills,9.0,0,9,127,13496
Fall 2024,CR-Needham,Needham Line,604,1,day_type_01,weekday,1/1/2024 7:40,Ruggles,10.0,0,6,654,13497
Fall 2024,CR-Needham,Needham Line,608,1,day_type_01,weekday,1/1/2024 9:40,Back Bay,11.0,1,53,115,13498
Fall 2024,CR-Worcester,Framingham/Worcester Line,598,1,day_type_01,weekday,1/1/2024 19:26,Newtonville,9.0,3,6,30,13499
Fall 2024,CR-Worcester,Framingham/Worcester Line,538,1,day_type_01,weekday,1/1/2024 23:20,Ashland,5.0,1,0,12,13500
Fall 2024,CR-Worcester,Framingham/Worcester Line,535,0,day_type_01,weekday,1/1/2024 20:11,Wellesley Square,10.0,4,12,119,13501
Fall 2024,CR-Needham,Needham Line,604,1,day_type_01,weekday,1/1/2024 7:44,Back Bay,11.0,5,249,410,13502
Fall 2024,CR-Needham,Needham Line,608,1,day_type_01,weekday,1/1/2024 9:46,South Station,12.0,0,115,0,13503
Fall 2024,CR-Needham,Needham Line,609,0,day_type_01,weekday,1/1/2024 9:50,South Station,1.0,21,0,21,13504
Fall 2024,CR-Needham,Needham Line,609,0,day_type_01,weekday,1/1/2024 9:55,Back Bay,2.0,2,8,15,13505
Fall 2024,CR-Needham,Needham Line,609,0,day_type_01,weekday,1/1/2024 9:58,Ruggles,3.0,7,2,20,13506
Fall 2024,CR-Needham,Needham Line,609,0,day_type_01,weekday,1/1/2024 10:03,Forest Hills,4.0,6,3,23,13507
Fall 2024,CR-Needham,Needham Line,609,0,day_type_01,weekday,1/1/2024 10:06,Roslindale Village,5.0,0,3,20,13508
Fall 2024,CR-Needham,Needham Line,609,0,day_type_01,weekday,1/1/2024 10:09,Bellevue,6.0,0,1,19,13509
Fall 2024,CR-Needham,Needham Line,609,0,day_type_01,weekday,1/1/2024 10:11,Highland,7.0,1,4,16,13510
Fall 2024,CR-Needham,Needham Line,609,0,day_type_01,weekday,1/1/2024 10:13,West Roxbury,8.0,0,2,14,13511
Fall 2024,CR-Needham,Needham Line,609,0,day_type_01,weekday,1/1/2024 10:23,Hersey,9.0,0,2,12,13512
Fall 2024,CR-Needham,Needham Line,609,0,day_type_01,weekday,1/1/2024 10:26,Needham Junction,10.0,0,2,10,13513
Fall 2024,CR-Needham,Needham Line,609,0,day_type_01,weekday,1/1/2024 10:29,Needham Center,11.0,0,6,4,13514
Fall 2024,CR-Needham,Needham Line,609,0,day_type_01,weekday,1/1/2024 10:35,Needham Heights,12.0,0,3,1,13515
Fall 2024,CR-Needham,Needham Line,610,1,day_type_01,weekday,1/1/2024 10:05,Needham Heights,1.0,8,0,8,13516
Fall 2024,CR-Needham,Needham Line,610,1,day_type_01,weekday,1/1/2024 10:09,Needham Center,2.0,6,0,14,13517
Fall 2024,CR-Needham,Needham Line,610,1,day_type_01,weekday,1/1/2024 10:13,Needham Junction,3.0,12,0,26,13518
Fall 2024,CR-Needham,Needham Line,610,1,day_type_01,weekday,1/1/2024 10:16,Hersey,4.0,11,1,36,13519
Fall 2024,CR-Needham,Needham Line,610,1,day_type_01,weekday,1/1/2024 10:21,West Roxbury,5.0,13,0,49,13520
Fall 2024,CR-Needham,Needham Line,610,1,day_type_01,weekday,1/1/2024 10:23,Highland,6.0,6,0,55,13521
Fall 2024,CR-Needham,Needham Line,610,1,day_type_01,weekday,1/1/2024 10:25,Bellevue,7.0,11,0,66,13522
Fall 2024,CR-Worcester,Framingham/Worcester Line,535,0,day_type_01,weekday,1/1/2024 20:15,Natick Center,11.0,7,9,117,13523
Fall 2024,CR-Worcester,Framingham/Worcester Line,598,1,day_type_01,weekday,1/1/2024 19:31,Boston Landing,10.0,13,7,36,13524
Fall 2024,CR-Needham,Needham Line,604,1,day_type_01,weekday,1/1/2024 7:50,South Station,12.0,0,410,0,13525
Fall 2024,CR-Worcester,Framingham/Worcester Line,535,0,day_type_01,weekday,1/1/2024 20:20,West Natick,12.0,0,20,97,13526
Fall 2024,CR-Worcester,Framingham/Worcester Line,598,1,day_type_01,weekday,1/1/2024 19:36,Lansdowne,11.0,0,7,29,13527
Fall 2024,CR-Worcester,Framingham/Worcester Line,535,0,day_type_01,weekday,1/1/2024 20:25,Framingham,13.0,4,32,69,13528
Fall 2024,CR-Needham,Needham Line,605,0,day_type_01,weekday,1/1/2024 7:50,South Station,1.0,17,0,17,13529
Fall 2024,CR-Worcester,Framingham/Worcester Line,598,1,day_type_01,weekday,1/1/2024 19:42,Back Bay,12.0,0,20,9,13530
Fall 2024,CR-Worcester,Framingham/Worcester Line,538,1,day_type_01,weekday,1/1/2024 23:30,Framingham,6.0,1,3,10,13531
Fall 2024,CR-Worcester,Framingham/Worcester Line,535,0,day_type_01,weekday,1/1/2024 20:31,Ashland,14.0,0,21,48,13532
Fall 2024,CR-Needham,Needham Line,605,0,day_type_01,weekday,1/1/2024 7:55,Back Bay,2.0,16,3,30,13533
Fall 2024,CR-Worcester,Framingham/Worcester Line,598,1,day_type_01,weekday,1/1/2024 19:48,South Station,13.0,0,9,0,13534
Fall 2024,CR-Worcester,Framingham/Worcester Line,538,1,day_type_01,weekday,1/1/2024 23:35,West Natick,7.0,0,1,9,13535
Fall 2024,CR-Worcester,Framingham/Worcester Line,535,0,day_type_01,weekday,1/1/2024 20:36,Southborough,15.0,0,14,34,13536
Fall 2024,CR-Needham,Needham Line,605,0,day_type_01,weekday,1/1/2024 7:58,Ruggles,3.0,13,1,42,13537
Fall 2024,CR-Needham,Needham Line,605,0,day_type_01,weekday,1/1/2024 8:03,Forest Hills,4.0,5,4,43,13538
Fall 2024,CR-Needham,Needham Line,605,0,day_type_01,weekday,1/1/2024 8:06,Roslindale Village,5.0,6,13,36,13539
Fall 2024,CR-Needham,Needham Line,605,0,day_type_01,weekday,1/1/2024 8:09,Bellevue,6.0,0,1,35,13540
Fall 2024,CR-Needham,Needham Line,605,0,day_type_01,weekday,1/1/2024 8:11,Highland,7.0,0,6,29,13541
Fall 2024,CR-Needham,Needham Line,605,0,day_type_01,weekday,1/1/2024 8:13,West Roxbury,8.0,0,3,26,13542
Fall 2024,CR-Needham,Needham Line,605,0,day_type_01,weekday,1/1/2024 8:23,Hersey,9.0,0,2,24,13543
Fall 2024,CR-Needham,Needham Line,605,0,day_type_01,weekday,1/1/2024 8:26,Needham Junction,10.0,0,7,17,13544
Fall 2024,CR-Needham,Needham Line,605,0,day_type_01,weekday,1/1/2024 8:29,Needham Center,11.0,0,12,5,13545
Fall 2024,CR-Needham,Needham Line,605,0,day_type_01,weekday,1/1/2024 8:35,Needham Heights,12.0,0,5,0,13546
Fall 2024,CR-Needham,Needham Line,606,1,day_type_01,weekday,1/1/2024 8:05,Needham Heights,1.0,68,0,68,13547
Fall 2024,CR-Needham,Needham Line,606,1,day_type_01,weekday,1/1/2024 8:09,Needham Center,2.0,64,0,132,13548
Fall 2024,CR-Needham,Needham Line,606,1,day_type_01,weekday,1/1/2024 8:13,Needham Junction,3.0,116,0,248,13549
Fall 2024,CR-Needham,Needham Line,606,1,day_type_01,weekday,1/1/2024 8:16,Hersey,4.0,170,0,418,13550
Fall 2024,CR-Needham,Needham Line,606,1,day_type_01,weekday,1/1/2024 8:22,West Roxbury,5.0,101,0,519,13551
Fall 2024,CR-Needham,Needham Line,600,1,day_type_01,weekday,1/1/2024 5:05,Needham Heights,1.0,3,0,3,13552
Fall 2024,CR-Worcester,Framingham/Worcester Line,538,1,day_type_01,weekday,1/1/2024 23:40,Natick Center,8.0,0,0,9,13553
Fall 2024,CR-Worcester,Framingham/Worcester Line,535,0,day_type_01,weekday,1/1/2024 20:45,Westborough,16.0,1,23,12,13554
Fall 2024,CR-Needham,Needham Line,600,1,day_type_01,weekday,1/1/2024 5:09,Needham Center,2.0,0,0,3,13555
Fall 2024,CR-Worcester,Framingham/Worcester Line,538,1,day_type_01,weekday,1/1/2024 23:44,Wellesley Square,9.0,1,0,10,13556
Fall 2024,CR-Worcester,Framingham/Worcester Line,535,0,day_type_01,weekday,1/1/2024 20:50,Grafton,17.0,0,8,4,13557
Fall 2024,CR-Needham,Needham Line,600,1,day_type_01,weekday,1/1/2024 5:13,Needham Junction,3.0,2,0,5,13558
Fall 2024,CR-Worcester,Framingham/Worcester Line,538,1,day_type_01,weekday,1/1/2024 23:47,Wellesley Hills,10.0,0,0,10,13559
Fall 2024,CR-Worcester,Framingham/Worcester Line,535,0,day_type_01,weekday,1/1/2024 21:09,Worcester,18.0,0,4,0,13560
Fall 2024,CR-Needham,Needham Line,600,1,day_type_01,weekday,1/1/2024 5:16,Hersey,4.0,2,0,7,13561
Fall 2024,CR-Worcester,Framingham/Worcester Line,538,1,day_type_01,weekday,1/1/2024 23:50,Wellesley Farms,11.0,0,0,10,13562
Fall 2024,CR-Worcester,Framingham/Worcester Line,536,1,day_type_01,weekday,1/1/2024 20:55,Worcester,1.0,12,0,12,13563
Fall 2024,CR-Needham,Needham Line,600,1,day_type_01,weekday,1/1/2024 5:21,West Roxbury,5.0,4,0,11,13564
Fall 2024,CR-Worcester,Framingham/Worcester Line,538,1,day_type_01,weekday,1/1/2024 23:59,Boston Landing,12.0,0,1,9,13565
Fall 2024,CR-Worcester,Framingham/Worcester Line,536,1,day_type_01,weekday,1/1/2024 21:08,Grafton,2.0,0,1,11,13566
Fall 2024,CR-Needham,Needham Line,600,1,day_type_01,weekday,1/1/2024 5:23,Highland,6.0,6,0,17,13567
Fall 2024,CR-Worcester,Framingham/Worcester Line,538,1,day_type_01,weekday,1/1/2024 0:04,Lansdowne,13.0,0,1,8,13568
Fall 2024,CR-Worcester,Framingham/Worcester Line,536,1,day_type_01,weekday,1/1/2024 21:12,Westborough,3.0,1,0,12,13569
Fall 2024,CR-Needham,Needham Line,600,1,day_type_01,weekday,1/1/2024 5:25,Bellevue,7.0,4,0,21,13570
Fall 2024,CR-Worcester,Framingham/Worcester Line,538,1,day_type_01,weekday,1/1/2024 0:12,Back Bay,14.0,0,4,4,13571
Fall 2024,CR-Needham,Needham Line,600,1,day_type_01,weekday,1/1/2024 5:28,Roslindale Village,8.0,9,0,30,13572
Fall 2024,CR-Worcester,Framingham/Worcester Line,536,1,day_type_01,weekday,1/1/2024 21:21,Southborough,4.0,1,0,13,13573
Fall 2024,CR-Worcester,Framingham/Worcester Line,538,1,day_type_01,weekday,1/1/2024 0:18,South Station,15.0,0,4,0,13574
Fall 2024,CR-Worcester,Framingham/Worcester Line,536,1,day_type_01,weekday,1/1/2024 21:25,Ashland,5.0,1,0,14,13575
Fall 2024,CR-Needham,Needham Line,600,1,day_type_01,weekday,1/1/2024 5:31,Forest Hills,9.0,8,1,37,13576
Fall 2024,CR-Worcester,Framingham/Worcester Line,539,0,day_type_01,weekday,1/1/2024 22:00,South Station,1.0,35,0,35,13577
Fall 2024,CR-Worcester,Framingham/Worcester Line,536,1,day_type_01,weekday,1/1/2024 21:35,Framingham,6.0,7,4,17,13578
Fall 2024,CR-Needham,Needham Line,600,1,day_type_01,weekday,1/1/2024 5:37,Ruggles,10.0,0,5,32,13579
Fall 2024,CR-Worcester,Framingham/Worcester Line,539,0,day_type_01,weekday,1/1/2024 22:06,Back Bay,2.0,35,2,68,13580
Fall 2024,CR-Worcester,Framingham/Worcester Line,536,1,day_type_01,weekday,1/1/2024 21:40,West Natick,7.0,1,1,17,13581
Fall 2024,CR-Needham,Needham Line,600,1,day_type_01,weekday,1/1/2024 5:41,Back Bay,11.0,0,6,26,13582
Fall 2024,CR-Worcester,Framingham/Worcester Line,539,0,day_type_01,weekday,1/1/2024 22:11,Lansdowne,3.0,13,1,80,13583
Fall 2024,CR-Worcester,Framingham/Worcester Line,536,1,day_type_01,weekday,1/1/2024 21:45,Natick Center,8.0,2,2,17,13584
Fall 2024,CR-Needham,Needham Line,600,1,day_type_01,weekday,1/1/2024 5:47,South Station,12.0,0,26,0,13585
Fall 2024,CR-Worcester,Framingham/Worcester Line,539,0,day_type_01,weekday,1/1/2024 22:16,Boston Landing,4.0,4,13,71,13586
Fall 2024,CR-Worcester,Framingham/Worcester Line,536,1,day_type_01,weekday,1/1/2024 21:49,Wellesley Square,9.0,4,1,20,13587
Fall 2024,CR-Needham,Needham Line,602,1,day_type_01,weekday,1/1/2024 6:05,Needham Heights,1.0,11,0,11,13588
Fall 2024,CR-Worcester,Framingham/Worcester Line,539,0,day_type_01,weekday,1/1/2024 22:21,Newtonville,5.0,1,6,66,13589
Fall 2024,CR-Worcester,Framingham/Worcester Line,536,1,day_type_01,weekday,1/1/2024 21:52,Wellesley Hills,10.0,0,0,20,13590
Fall 2024,CR-Needham,Needham Line,602,1,day_type_01,weekday,1/1/2024 6:09,Needham Center,2.0,10,0,21,13591
Fall 2024,CR-Worcester,Framingham/Worcester Line,539,0,day_type_01,weekday,1/1/2024 22:24,West Newton,6.0,0,4,62,13592
Fall 2024,CR-Worcester,Framingham/Worcester Line,536,1,day_type_01,weekday,1/1/2024 21:55,Wellesley Farms,11.0,0,0,20,13593
Fall 2024,CR-Needham,Needham Line,602,1,day_type_01,weekday,1/1/2024 6:13,Needham Junction,3.0,22,0,43,13594
Fall 2024,CR-Worcester,Framingham/Worcester Line,539,0,day_type_01,weekday,1/1/2024 22:27,Auburndale,7.0,0,2,60,13595
Fall 2024,CR-Worcester,Framingham/Worcester Line,536,1,day_type_01,weekday,1/1/2024 22:00,Auburndale,12.0,0,1,19,13596
Fall 2024,CR-Worcester,Framingham/Worcester Line,539,0,day_type_01,weekday,1/1/2024 22:31,Wellesley Farms,8.0,0,3,57,13597
Fall 2024,CR-Worcester,Framingham/Worcester Line,539,0,day_type_01,weekday,1/1/2024 22:33,Wellesley Hills,9.0,0,1,56,13598
Fall 2024,CR-Worcester,Framingham/Worcester Line,539,0,day_type_01,weekday,1/1/2024 22:36,Wellesley Square,10.0,3,8,51,13599
Fall 2024,CR-Worcester,Framingham/Worcester Line,539,0,day_type_01,weekday,1/1/2024 22:40,Natick Center,11.0,0,3,48,13600
Fall 2024,CR-Franklin,Franklin/Foxboro Line,702,1,day_type_01,weekday,1/1/2024 6:06,Franklin,2.0,45,0,102,13601
Fall 2024,CR-Franklin,Franklin/Foxboro Line,702,1,day_type_01,weekday,1/1/2024 6:13,Norfolk,3.0,56,0,158,13602
Fall 2024,CR-Franklin,Franklin/Foxboro Line,702,1,day_type_01,weekday,1/1/2024 6:20,Walpole,4.0,22,1,179,13603
Fall 2024,CR-Franklin,Franklin/Foxboro Line,702,1,day_type_01,weekday,1/1/2024 6:24,Windsor Gardens,5.0,12,0,191,13604
Fall 2024,CR-Franklin,Franklin/Foxboro Line,702,1,day_type_01,weekday,1/1/2024 6:28,Norwood Central,6.0,44,0,235,13605
Fall 2024,CR-Franklin,Franklin/Foxboro Line,702,1,day_type_01,weekday,1/1/2024 6:30,Norwood Depot,7.0,33,0,268,13606
Fall 2024,CR-Franklin,Franklin/Foxboro Line,702,1,day_type_01,weekday,1/1/2024 6:33,Islington,8.0,12,0,280,13607
Fall 2024,CR-Franklin,Franklin/Foxboro Line,702,1,day_type_01,weekday,1/1/2024 6:36,Dedham Corp Center,9.0,29,2,307,13608
Fall 2024,CR-Franklin,Franklin/Foxboro Line,702,1,day_type_01,weekday,1/1/2024 6:39,Endicott,10.0,24,0,331,13609
Fall 2024,CR-Franklin,Franklin/Foxboro Line,702,1,day_type_01,weekday,1/1/2024 6:43,Readville,11.0,28,1,358,13610
Fall 2024,CR-Franklin,Franklin/Foxboro Line,702,1,day_type_01,weekday,1/1/2024 6:53,Forest Hills,12.0,12,5,365,13611
Fall 2024,CR-Franklin,Franklin/Foxboro Line,702,1,day_type_01,weekday,1/1/2024 6:58,Ruggles,13.0,1,55,311,13612
Fall 2024,CR-Franklin,Franklin/Foxboro Line,702,1,day_type_01,weekday,1/1/2024 7:02,Back Bay,14.0,1,61,251,13613
Fall 2024,CR-Franklin,Franklin/Foxboro Line,702,1,day_type_01,weekday,1/1/2024 7:08,South Station,15.0,0,251,0,13614
Fall 2024,CR-Franklin,Franklin/Foxboro Line,704,1,day_type_01,weekday,1/1/2024 6:33,Forge Park/495,1.0,73,0,73,13615
Fall 2024,CR-Franklin,Franklin/Foxboro Line,704,1,day_type_01,weekday,1/1/2024 6:40,Franklin,2.0,71,0,144,13616
Fall 2024,CR-Franklin,Franklin/Foxboro Line,704,1,day_type_01,weekday,1/1/2024 6:47,Norfolk,3.0,67,0,211,13617
Fall 2024,CR-Franklin,Franklin/Foxboro Line,704,1,day_type_01,weekday,1/1/2024 6:54,Walpole,4.0,27,0,238,13618
Fall 2024,CR-Franklin,Franklin/Foxboro Line,704,1,day_type_01,weekday,1/1/2024 6:58,Windsor Gardens,5.0,46,0,284,13619
Fall 2024,CR-Franklin,Franklin/Foxboro Line,704,1,day_type_01,weekday,1/1/2024 7:02,Norwood Central,6.0,61,0,345,13620
Fall 2024,CR-Franklin,Franklin/Foxboro Line,704,1,day_type_01,weekday,1/1/2024 7:05,Norwood Depot,7.0,68,0,413,13621
Fall 2024,CR-Needham,Needham Line,631,0,day_type_01,weekday,1/1/2024 21:39,Bellevue,6.0,0,5,39,13622
Fall 2024,CR-Franklin,Franklin/Foxboro Line,704,1,day_type_01,weekday,1/1/2024 7:08,Islington,8.0,63,4,472,13623
Fall 2024,CR-Franklin,Franklin/Foxboro Line,704,1,day_type_01,weekday,1/1/2024 7:11,Dedham Corp Center,9.0,52,0,524,13624
Fall 2024,CR-Franklin,Franklin/Foxboro Line,704,1,day_type_01,weekday,1/1/2024 7:14,Endicott,10.0,60,0,584,13625
Fall 2024,CR-Franklin,Franklin/Foxboro Line,704,1,day_type_01,weekday,1/1/2024 7:19,Readville,11.0,29,1,612,13626
Fall 2024,CR-Franklin,Franklin/Foxboro Line,704,1,day_type_01,weekday,1/1/2024 7:33,Ruggles,12.0,7,52,567,13627
Fall 2024,CR-Franklin,Franklin/Foxboro Line,704,1,day_type_01,weekday,1/1/2024 7:37,Back Bay,13.0,0,145,422,13628
Fall 2024,CR-Needham,Needham Line,631,0,day_type_01,weekday,1/1/2024 21:41,Highland,7.0,0,5,34,13629
Fall 2024,CR-Franklin,Franklin/Foxboro Line,704,1,day_type_01,weekday,1/1/2024 7:43,South Station,14.0,0,422,0,13630
Fall 2024,CR-Needham,Needham Line,631,0,day_type_01,weekday,1/1/2024 21:43,West Roxbury,8.0,0,13,21,13631
Fall 2024,CR-Franklin,Franklin/Foxboro Line,705,0,day_type_01,weekday,1/1/2024 7:40,South Station,1.0,87,0,87,13632
Fall 2024,CR-Needham,Needham Line,631,0,day_type_01,weekday,1/1/2024 21:48,Hersey,9.0,0,7,14,13633
Fall 2024,CR-Needham,Needham Line,627,0,day_type_01,weekday,1/1/2024 19:08,Forest Hills,4.0,2,79,214,13634
Fall 2024,CR-Franklin,Franklin/Foxboro Line,705,0,day_type_01,weekday,1/1/2024 7:45,Back Bay,2.0,13,64,36,13635
Fall 2024,CR-Needham,Needham Line,631,0,day_type_01,weekday,1/1/2024 21:51,Needham Junction,10.0,0,5,9,13636
Fall 2024,CR-Needham,Needham Line,610,1,day_type_01,weekday,1/1/2024 10:28,Roslindale Village,8.0,26,0,92,13637
Fall 2024,CR-Needham,Needham Line,623,0,day_type_01,weekday,1/1/2024 17:00,Back Bay,2.0,204,6,701,13638
Fall 2024,CR-Needham,Needham Line,627,0,day_type_01,weekday,1/1/2024 19:11,Roslindale Village,5.0,0,65,149,13639
Fall 2024,CR-Needham,Needham Line,627,0,day_type_01,weekday,1/1/2024 19:14,Bellevue,6.0,0,22,127,13640
Fall 2024,CR-Needham,Needham Line,627,0,day_type_01,weekday,1/1/2024 19:16,Highland,7.0,0,30,97,13641
Fall 2024,CR-Needham,Needham Line,627,0,day_type_01,weekday,1/1/2024 19:18,West Roxbury,8.0,0,21,76,13642
Fall 2024,CR-Needham,Needham Line,627,0,day_type_01,weekday,1/1/2024 19:23,Hersey,9.0,1,30,47,13643
Fall 2024,CR-Needham,Needham Line,627,0,day_type_01,weekday,1/1/2024 19:26,Needham Junction,10.0,0,25,22,13644
Fall 2024,CR-Needham,Needham Line,627,0,day_type_01,weekday,1/1/2024 19:29,Needham Center,11.0,0,14,8,13645
Fall 2024,CR-Needham,Needham Line,627,0,day_type_01,weekday,1/1/2024 19:35,Needham Heights,12.0,0,8,0,13646
Fall 2024,CR-Needham,Needham Line,628,1,day_type_01,weekday,1/1/2024 19:05,Needham Heights,1.0,4,0,4,13647
Fall 2024,CR-Needham,Needham Line,628,1,day_type_01,weekday,1/1/2024 19:09,Needham Center,2.0,12,0,16,13648
Fall 2024,CR-Needham,Needham Line,628,1,day_type_01,weekday,1/1/2024 19:13,Needham Junction,3.0,0,0,16,13649
Fall 2024,CR-Needham,Needham Line,628,1,day_type_01,weekday,1/1/2024 19:16,Hersey,4.0,1,0,17,13650
Fall 2024,CR-Needham,Needham Line,628,1,day_type_01,weekday,1/1/2024 19:26,West Roxbury,5.0,5,0,22,13651
Fall 2024,CR-Needham,Needham Line,628,1,day_type_01,weekday,1/1/2024 19:28,Highland,6.0,1,0,23,13652
Fall 2024,CR-Needham,Needham Line,628,1,day_type_01,weekday,1/1/2024 19:30,Bellevue,7.0,3,0,26,13653
Fall 2024,CR-Needham,Needham Line,628,1,day_type_01,weekday,1/1/2024 19:33,Roslindale Village,8.0,8,2,32,13654
Fall 2024,CR-Needham,Needham Line,628,1,day_type_01,weekday,1/1/2024 19:36,Forest Hills,9.0,7,7,32,13655
Fall 2024,CR-Needham,Needham Line,628,1,day_type_01,weekday,1/1/2024 19:42,Ruggles,10.0,2,3,31,13656
Fall 2024,CR-Needham,Needham Line,628,1,day_type_01,weekday,1/1/2024 19:45,Back Bay,11.0,2,7,26,13657
Fall 2024,CR-Needham,Needham Line,628,1,day_type_01,weekday,1/1/2024 19:50,South Station,12.0,0,26,0,13658
Fall 2024,CR-Needham,Needham Line,629,0,day_type_01,weekday,1/1/2024 19:55,South Station,1.0,113,0,113,13659
Fall 2024,CR-Needham,Needham Line,629,0,day_type_01,weekday,1/1/2024 20:00,Back Bay,2.0,44,3,154,13660
Fall 2024,CR-Needham,Needham Line,629,0,day_type_01,weekday,1/1/2024 20:03,Ruggles,3.0,26,7,173,13661
Fall 2024,CR-Needham,Needham Line,629,0,day_type_01,weekday,1/1/2024 20:08,Forest Hills,4.0,0,60,113,13662
Fall 2024,CR-Needham,Needham Line,629,0,day_type_01,weekday,1/1/2024 20:11,Roslindale Village,5.0,0,30,83,13663
Fall 2024,CR-Needham,Needham Line,629,0,day_type_01,weekday,1/1/2024 20:14,Bellevue,6.0,1,11,73,13664
Fall 2024,CR-Needham,Needham Line,629,0,day_type_01,weekday,1/1/2024 20:16,Highland,7.0,0,12,61,13665
Fall 2024,CR-Needham,Needham Line,629,0,day_type_01,weekday,1/1/2024 20:18,West Roxbury,8.0,0,20,41,13666
Fall 2024,CR-Needham,Needham Line,629,0,day_type_01,weekday,1/1/2024 20:23,Hersey,9.0,0,17,24,13667
Fall 2024,CR-Needham,Needham Line,629,0,day_type_01,weekday,1/1/2024 20:26,Needham Junction,10.0,0,18,6,13668
Fall 2024,CR-Needham,Needham Line,629,0,day_type_01,weekday,1/1/2024 20:29,Needham Center,11.0,0,3,3,13669
Fall 2024,CR-Needham,Needham Line,618,1,day_type_01,weekday,1/1/2024 14:50,South Station,12.0,0,29,0,13670
Fall 2024,CR-Needham,Needham Line,629,0,day_type_01,weekday,1/1/2024 20:35,Needham Heights,12.0,0,3,0,13671
Fall 2024,CR-Needham,Needham Line,630,1,day_type_01,weekday,1/1/2024 20:50,Needham Heights,1.0,4,0,4,13672
Fall 2024,CR-Needham,Needham Line,630,1,day_type_01,weekday,1/1/2024 20:54,Needham Center,2.0,11,0,15,13673
Fall 2024,CR-Needham,Needham Line,630,1,day_type_01,weekday,1/1/2024 20:58,Needham Junction,3.0,0,5,10,13674
Fall 2024,CR-Needham,Needham Line,630,1,day_type_01,weekday,1/1/2024 21:01,Hersey,4.0,0,0,10,13675
Fall 2024,CR-Needham,Needham Line,614,1,day_type_01,weekday,1/1/2024 12:37,Ruggles,10.0,6,14,46,13676
Fall 2024,CR-Needham,Needham Line,630,1,day_type_01,weekday,1/1/2024 21:06,West Roxbury,5.0,1,0,11,13677
Fall 2024,CR-Needham,Needham Line,630,1,day_type_01,weekday,1/1/2024 21:08,Highland,6.0,0,0,11,13678
Fall 2024,CR-Needham,Needham Line,630,1,day_type_01,weekday,1/1/2024 21:10,Bellevue,7.0,0,1,10,13679
Fall 2024,CR-Needham,Needham Line,630,1,day_type_01,weekday,1/1/2024 21:13,Roslindale Village,8.0,4,5,9,13680
Fall 2024,CR-Needham,Needham Line,630,1,day_type_01,weekday,1/1/2024 21:16,Forest Hills,9.0,2,5,6,13681
Fall 2024,CR-Needham,Needham Line,630,1,day_type_01,weekday,1/1/2024 21:22,Ruggles,10.0,0,4,2,13682
Fall 2024,CR-Needham,Needham Line,630,1,day_type_01,weekday,1/1/2024 21:25,Back Bay,11.0,20,3,19,13683
Fall 2024,CR-Needham,Needham Line,630,1,day_type_01,weekday,1/1/2024 21:30,South Station,12.0,0,19,0,13684
Fall 2024,CR-Needham,Needham Line,631,0,day_type_01,weekday,1/1/2024 21:20,South Station,1.0,54,0,54,13685
Fall 2024,CR-Needham,Needham Line,631,0,day_type_01,weekday,1/1/2024 21:25,Back Bay,2.0,34,2,86,13686
Fall 2024,CR-Needham,Needham Line,631,0,day_type_01,weekday,1/1/2024 21:28,Ruggles,3.0,17,6,97,13687
Fall 2024,CR-Needham,Needham Line,631,0,day_type_01,weekday,1/1/2024 21:33,Forest Hills,4.0,0,26,71,13688
Fall 2024,CR-Needham,Needham Line,631,0,day_type_01,weekday,1/1/2024 21:36,Roslindale Village,5.0,0,27,44,13689
Fall 2024,CR-Needham,Needham Line,631,0,day_type_01,weekday,1/1/2024 21:54,Needham Center,11.0,0,1,8,13690
Fall 2024,CR-Needham,Needham Line,623,0,day_type_01,weekday,1/1/2024 17:03,Ruggles,3.0,58,3,756,13691
Fall 2024,CR-Needham,Needham Line,614,1,day_type_01,weekday,1/1/2024 12:40,Back Bay,11.0,5,27,24,13692
Fall 2024,CR-Needham,Needham Line,619,0,day_type_01,weekday,1/1/2024 14:55,South Station,1.0,94,0,94,13693
Fall 2024,CR-Franklin,Franklin/Foxboro Line,705,0,day_type_01,weekday,1/1/2024 7:48,Ruggles,3.0,13,13,36,13694
Fall 2024,CR-Needham,Needham Line,619,0,day_type_01,weekday,1/1/2024 15:00,Back Bay,2.0,62,2,154,13695
Fall 2024,CR-Needham,Needham Line,610,1,day_type_01,weekday,1/1/2024 10:31,Forest Hills,9.0,20,2,110,13696
Fall 2024,CR-Franklin,Franklin/Foxboro Line,705,0,day_type_01,weekday,1/1/2024 7:58,Readville,4.0,4,7,33,13697
Fall 2024,CR-Needham,Needham Line,631,0,day_type_01,weekday,1/1/2024 22:00,Needham Heights,12.0,0,8,0,13698
Fall 2024,CR-Needham,Needham Line,619,0,day_type_01,weekday,1/1/2024 15:03,Ruggles,3.0,97,9,242,13699
Fall 2024,CR-Needham,Needham Line,614,1,day_type_01,weekday,1/1/2024 12:45,South Station,12.0,0,24,0,13700
Fall 2024,CR-Needham,Needham Line,623,0,day_type_01,weekday,1/1/2024 17:08,Forest Hills,4.0,5,53,708,13701
Fall 2024,CR-Needham,Needham Line,610,1,day_type_01,weekday,1/1/2024 10:37,Ruggles,10.0,5,22,93,13702
Fall 2024,CR-Franklin,Franklin/Foxboro Line,705,0,day_type_01,weekday,1/1/2024 8:02,Endicott,5.0,0,2,31,13703
Fall 2024,CR-Needham,Needham Line,632,1,day_type_01,weekday,1/1/2024 22:15,Needham Heights,1.0,1,0,1,13704
Fall 2024,CR-Needham,Needham Line,619,0,day_type_01,weekday,1/1/2024 15:08,Forest Hills,4.0,8,9,241,13705
Fall 2024,CR-Needham,Needham Line,615,0,day_type_01,weekday,1/1/2024 12:50,South Station,1.0,27,0,27,13706
Fall 2024,CR-Needham,Needham Line,623,0,day_type_01,weekday,1/1/2024 17:12,Roslindale Village,5.0,1,159,550,13707
Fall 2024,CR-Needham,Needham Line,610,1,day_type_01,weekday,1/1/2024 10:40,Back Bay,11.0,3,38,58,13708
Fall 2024,CR-Franklin,Franklin/Foxboro Line,705,0,day_type_01,weekday,1/1/2024 8:05,Dedham Corp Center,6.0,1,10,22,13709
Fall 2024,CR-Needham,Needham Line,632,1,day_type_01,weekday,1/1/2024 22:19,Needham Center,2.0,3,0,4,13710
Fall 2024,CR-Needham,Needham Line,619,0,day_type_01,weekday,1/1/2024 15:11,Roslindale Village,5.0,4,80,165,13711
Fall 2024,CR-Needham,Needham Line,615,0,day_type_01,weekday,1/1/2024 12:55,Back Bay,2.0,16,3,40,13712
Fall 2024,CR-Needham,Needham Line,623,0,day_type_01,weekday,1/1/2024 17:15,Bellevue,6.0,0,86,464,13713
Fall 2024,CR-Needham,Needham Line,610,1,day_type_01,weekday,1/1/2024 10:45,South Station,12.0,0,59,-1,13714
Fall 2024,CR-Franklin,Franklin/Foxboro Line,705,0,day_type_01,weekday,1/1/2024 8:08,Islington,7.0,1,2,21,13715
Fall 2024,CR-Needham,Needham Line,632,1,day_type_01,weekday,1/1/2024 22:23,Needham Junction,3.0,0,0,4,13716
Fall 2024,CR-Needham,Needham Line,619,0,day_type_01,weekday,1/1/2024 15:14,Bellevue,6.0,0,43,122,13717
Fall 2024,CR-Needham,Needham Line,619,0,day_type_01,weekday,1/1/2024 15:16,Highland,7.0,0,22,100,13718
Fall 2024,CR-Needham,Needham Line,619,0,day_type_01,weekday,1/1/2024 15:18,West Roxbury,8.0,5,43,62,13719
Fall 2024,CR-Needham,Needham Line,619,0,day_type_01,weekday,1/1/2024 15:23,Hersey,9.0,0,24,38,13720
Fall 2024,CR-Needham,Needham Line,619,0,day_type_01,weekday,1/1/2024 15:26,Needham Junction,10.0,0,17,21,13721
Fall 2024,CR-Needham,Needham Line,619,0,day_type_01,weekday,1/1/2024 15:29,Needham Center,11.0,0,14,7,13722
Fall 2024,CR-Needham,Needham Line,619,0,day_type_01,weekday,1/1/2024 15:35,Needham Heights,12.0,0,7,0,13723
Fall 2024,CR-Needham,Needham Line,620,1,day_type_01,weekday,1/1/2024 15:05,Needham Heights,1.0,4,0,4,13724
Fall 2024,CR-Needham,Needham Line,620,1,day_type_01,weekday,1/1/2024 15:09,Needham Center,2.0,5,7,2,13725
Fall 2024,CR-Needham,Needham Line,620,1,day_type_01,weekday,1/1/2024 15:13,Needham Junction,3.0,15,0,17,13726
Fall 2024,CR-Needham,Needham Line,620,1,day_type_01,weekday,1/1/2024 15:16,Hersey,4.0,14,8,23,13727
Fall 2024,CR-Needham,Needham Line,620,1,day_type_01,weekday,1/1/2024 15:26,West Roxbury,5.0,4,0,27,13728
Fall 2024,CR-Needham,Needham Line,620,1,day_type_01,weekday,1/1/2024 15:28,Highland,6.0,6,0,33,13729
Fall 2024,CR-Needham,Needham Line,620,1,day_type_01,weekday,1/1/2024 15:30,Bellevue,7.0,9,0,42,13730
Fall 2024,CR-Needham,Needham Line,620,1,day_type_01,weekday,1/1/2024 15:33,Roslindale Village,8.0,19,6,55,13731
Fall 2024,CR-Needham,Needham Line,620,1,day_type_01,weekday,1/1/2024 15:36,Forest Hills,9.0,15,1,69,13732
Fall 2024,CR-Needham,Needham Line,620,1,day_type_01,weekday,1/1/2024 15:42,Ruggles,10.0,21,13,77,13733
Fall 2024,CR-Needham,Needham Line,620,1,day_type_01,weekday,1/1/2024 15:45,Back Bay,11.0,30,28,79,13734
Fall 2024,CR-Needham,Needham Line,620,1,day_type_01,weekday,1/1/2024 15:50,South Station,12.0,0,79,0,13735
Fall 2024,CR-Needham,Needham Line,621,0,day_type_01,weekday,1/1/2024 15:55,South Station,1.0,160,0,160,13736
Fall 2024,CR-Needham,Needham Line,621,0,day_type_01,weekday,1/1/2024 16:00,Back Bay,2.0,150,3,307,13737
Fall 2024,CR-Needham,Needham Line,621,0,day_type_01,weekday,1/1/2024 16:03,Ruggles,3.0,106,4,409,13738
Fall 2024,CR-Needham,Needham Line,621,0,day_type_01,weekday,1/1/2024 16:08,Forest Hills,4.0,7,24,392,13739
Fall 2024,CR-Needham,Needham Line,621,0,day_type_01,weekday,1/1/2024 16:11,Roslindale Village,5.0,2,97,297,13740
Fall 2024,CR-Needham,Needham Line,621,0,day_type_01,weekday,1/1/2024 16:14,Bellevue,6.0,1,58,240,13741
Fall 2024,CR-Needham,Needham Line,621,0,day_type_01,weekday,1/1/2024 16:16,Highland,7.0,0,54,186,13742
Fall 2024,CR-Needham,Needham Line,621,0,day_type_01,weekday,1/1/2024 16:18,West Roxbury,8.0,0,58,128,13743
Fall 2024,CR-Needham,Needham Line,621,0,day_type_01,weekday,1/1/2024 16:24,Hersey,9.0,0,55,73,13744
Fall 2024,CR-Needham,Needham Line,621,0,day_type_01,weekday,1/1/2024 16:27,Needham Junction,10.0,0,31,42,13745
Fall 2024,CR-Needham,Needham Line,621,0,day_type_01,weekday,1/1/2024 16:31,Needham Center,11.0,0,18,24,13746
Fall 2024,CR-Needham,Needham Line,621,0,day_type_01,weekday,1/1/2024 16:38,Needham Heights,12.0,0,24,0,13747
Fall 2024,CR-Needham,Needham Line,622,1,day_type_01,weekday,1/1/2024 16:05,Needham Heights,1.0,7,0,7,13748
Fall 2024,CR-Needham,Needham Line,622,1,day_type_01,weekday,1/1/2024 16:09,Needham Center,2.0,17,0,24,13749
Fall 2024,CR-Needham,Needham Line,622,1,day_type_01,weekday,1/1/2024 16:13,Needham Junction,3.0,8,0,32,13750
Fall 2024,CR-Needham,Needham Line,622,1,day_type_01,weekday,1/1/2024 16:16,Hersey,4.0,7,0,39,13751
Fall 2024,CR-Needham,Needham Line,622,1,day_type_01,weekday,1/1/2024 16:26,West Roxbury,5.0,8,1,46,13752
Fall 2024,CR-Needham,Needham Line,622,1,day_type_01,weekday,1/1/2024 16:28,Highland,6.0,7,2,51,13753
Fall 2024,CR-Needham,Needham Line,622,1,day_type_01,weekday,1/1/2024 16:30,Bellevue,7.0,15,1,65,13754
Fall 2024,CR-Needham,Needham Line,622,1,day_type_01,weekday,1/1/2024 16:33,Roslindale Village,8.0,5,6,64,13755
Fall 2024,CR-Needham,Needham Line,622,1,day_type_01,weekday,1/1/2024 16:36,Forest Hills,9.0,6,9,61,13756
Fall 2024,CR-Needham,Needham Line,622,1,day_type_01,weekday,1/1/2024 16:42,Ruggles,10.0,13,16,58,13757
Fall 2024,CR-Needham,Needham Line,622,1,day_type_01,weekday,1/1/2024 16:45,Back Bay,11.0,7,46,19,13758
Fall 2024,CR-Needham,Needham Line,622,1,day_type_01,weekday,1/1/2024 16:50,South Station,12.0,0,19,0,13759
Fall 2024,CR-Needham,Needham Line,623,0,day_type_01,weekday,1/1/2024 16:55,South Station,1.0,503,0,503,13760
Fall 2024,CR-Franklin,Franklin/Foxboro Line,706,1,day_type_01,weekday,1/1/2024 8:02,Dedham Corp Center,9.0,66,0,857,13761
Fall 2024,CR-Needham,Needham Line,623,0,day_type_01,weekday,1/1/2024 17:18,Highland,7.0,2,90,376,13762
Fall 2024,CR-Franklin,Franklin/Foxboro Line,706,1,day_type_01,weekday,1/1/2024 8:05,Endicott,10.0,36,0,893,13763
Fall 2024,CR-Franklin,Franklin/Foxboro Line,705,0,day_type_01,weekday,1/1/2024 8:11,Norwood Depot,8.0,2,2,21,13764
Fall 2024,CR-Needham,Needham Line,615,0,day_type_01,weekday,1/1/2024 12:58,Ruggles,3.0,8,2,46,13765
Fall 2024,CR-Franklin,Franklin/Foxboro Line,706,1,day_type_01,weekday,1/1/2024 8:10,Readville,11.0,87,1,979,13766
Fall 2024,CR-Needham,Needham Line,632,1,day_type_01,weekday,1/1/2024 22:26,Hersey,4.0,2,0,6,13767
Fall 2024,CR-Needham,Needham Line,623,0,day_type_01,weekday,1/1/2024 17:20,West Roxbury,8.0,4,75,305,13768
Fall 2024,CR-Franklin,Franklin/Foxboro Line,705,0,day_type_01,weekday,1/1/2024 8:13,Norwood Central,9.0,0,5,16,13769
Fall 2024,CR-Needham,Needham Line,615,0,day_type_01,weekday,1/1/2024 13:03,Forest Hills,4.0,2,1,47,13770
Fall 2024,CR-Needham,Needham Line,615,0,day_type_01,weekday,1/1/2024 13:06,Roslindale Village,5.0,0,5,42,13771
Fall 2024,CR-Needham,Needham Line,615,0,day_type_01,weekday,1/1/2024 13:09,Bellevue,6.0,0,3,39,13772
Fall 2024,CR-Needham,Needham Line,611,0,day_type_01,weekday,1/1/2024 10:50,South Station,1.0,10,0,10,13773
Fall 2024,CR-Franklin,Franklin/Foxboro Line,705,0,day_type_01,weekday,1/1/2024 8:16,Windsor Gardens,10.0,1,2,15,13774
Fall 2024,CR-Needham,Needham Line,615,0,day_type_01,weekday,1/1/2024 13:11,Highland,7.0,0,7,32,13775
Fall 2024,CR-Needham,Needham Line,632,1,day_type_01,weekday,1/1/2024 22:31,West Roxbury,5.0,0,0,6,13776
Fall 2024,CR-Needham,Needham Line,611,0,day_type_01,weekday,1/1/2024 10:55,Back Bay,2.0,4,0,14,13777
Fall 2024,CR-Franklin,Franklin/Foxboro Line,706,1,day_type_01,weekday,1/1/2024 8:24,Ruggles,12.0,4,109,874,13778
Fall 2024,CR-Franklin,Franklin/Foxboro Line,705,0,day_type_01,weekday,1/1/2024 8:22,Walpole,11.0,0,2,13,13779
Fall 2024,CR-Needham,Needham Line,623,0,day_type_01,weekday,1/1/2024 17:26,Hersey,9.0,0,134,171,13780
Fall 2024,CR-Needham,Needham Line,615,0,day_type_01,weekday,1/1/2024 13:13,West Roxbury,8.0,0,5,27,13781
Fall 2024,CR-Needham,Needham Line,632,1,day_type_01,weekday,1/1/2024 22:33,Highland,6.0,0,0,6,13782
Fall 2024,CR-Needham,Needham Line,611,0,day_type_01,weekday,1/1/2024 10:58,Ruggles,3.0,5,2,17,13783
Fall 2024,CR-Franklin,Franklin/Foxboro Line,706,1,day_type_01,weekday,1/1/2024 8:30,Back Bay,13.0,51,306,619,13784
Fall 2024,CR-Franklin,Franklin/Foxboro Line,705,0,day_type_01,weekday,1/1/2024 8:37,Norfolk,12.0,0,5,8,13785
Fall 2024,CR-Needham,Needham Line,623,0,day_type_01,weekday,1/1/2024 17:29,Needham Junction,10.0,0,79,92,13786
Fall 2024,CR-Needham,Needham Line,615,0,day_type_01,weekday,1/1/2024 13:23,Hersey,9.0,0,13,14,13787
Fall 2024,CR-Needham,Needham Line,632,1,day_type_01,weekday,1/1/2024 22:35,Bellevue,7.0,0,0,6,13788
Fall 2024,CR-Needham,Needham Line,611,0,day_type_01,weekday,1/1/2024 11:03,Forest Hills,4.0,4,1,20,13789
Fall 2024,CR-Franklin,Franklin/Foxboro Line,706,1,day_type_01,weekday,1/1/2024 8:34,South Station,14.0,0,619,0,13790
Fall 2024,CR-Franklin,Franklin/Foxboro Line,705,0,day_type_01,weekday,1/1/2024 8:44,Franklin,13.0,0,6,2,13791
Fall 2024,CR-Needham,Needham Line,623,0,day_type_01,weekday,1/1/2024 17:33,Needham Center,11.0,0,42,50,13792
Fall 2024,CR-Needham,Needham Line,615,0,day_type_01,weekday,1/1/2024 13:26,Needham Junction,10.0,0,8,6,13793
Fall 2024,CR-Needham,Needham Line,611,0,day_type_01,weekday,1/1/2024 11:06,Roslindale Village,5.0,0,2,18,13794
Fall 2024,CR-Franklin,Franklin/Foxboro Line,705,0,day_type_01,weekday,1/1/2024 8:56,Forge Park/495,14.0,0,2,0,13795
Fall 2024,CR-Needham,Needham Line,623,0,day_type_01,weekday,1/1/2024 17:41,Needham Heights,12.0,0,50,0,13796
Fall 2024,CR-Needham,Needham Line,611,0,day_type_01,weekday,1/1/2024 11:09,Bellevue,6.0,0,3,15,13797
Fall 2024,CR-Needham,Needham Line,632,1,day_type_01,weekday,1/1/2024 22:38,Roslindale Village,8.0,0,1,5,13798
Fall 2024,CR-Franklin,Franklin/Foxboro Line,706,1,day_type_01,weekday,1/1/2024 7:23,Forge Park/495,1.0,131,0,131,13799
Fall 2024,CR-Franklin,Franklin/Foxboro Line,708,1,day_type_01,weekday,1/1/2024 8:10,Forge Park/495,1.0,113,0,113,13800
Fall 2024,CR-Needham,Needham Line,615,0,day_type_01,weekday,1/1/2024 13:29,Needham Center,11.0,0,2,4,13801
Fall 2024,CR-Franklin,Franklin/Foxboro Line,706,1,day_type_01,weekday,1/1/2024 7:30,Franklin,2.0,120,0,251,13802
Fall 2024,CR-Franklin,Franklin/Foxboro Line,708,1,day_type_01,weekday,1/1/2024 8:17,Franklin,2.0,67,0,180,13803
Fall 2024,CR-Needham,Needham Line,624,1,day_type_01,weekday,1/1/2024 17:07,Needham Heights,1.0,15,0,15,13804
Fall 2024,CR-Needham,Needham Line,632,1,day_type_01,weekday,1/1/2024 22:42,Forest Hills,9.0,0,5,0,13805
Fall 2024,CR-Needham,Needham Line,611,0,day_type_01,weekday,1/1/2024 11:11,Highland,7.0,1,1,15,13806
Fall 2024,CR-Needham,Needham Line,615,0,day_type_01,weekday,1/1/2024 13:35,Needham Heights,12.0,0,3,1,13807
Fall 2024,CR-Franklin,Franklin/Foxboro Line,706,1,day_type_01,weekday,1/1/2024 7:37,Norfolk,3.0,179,0,430,13808
Fall 2024,CR-Franklin,Franklin/Foxboro Line,708,1,day_type_01,weekday,1/1/2024 8:24,Norfolk,3.0,58,0,238,13809
Fall 2024,CR-Needham,Needham Line,624,1,day_type_01,weekday,1/1/2024 17:11,Needham Center,2.0,12,0,27,13810
Fall 2024,CR-Needham,Needham Line,633,0,day_type_01,weekday,1/1/2024 23:03,Forest Hills,1.0,18,0,18,13811
Fall 2024,CR-Needham,Needham Line,611,0,day_type_01,weekday,1/1/2024 11:13,West Roxbury,8.0,1,0,16,13812
Fall 2024,CR-Needham,Needham Line,616,1,day_type_01,weekday,1/1/2024 13:05,Needham Heights,1.0,6,0,6,13813
Fall 2024,CR-Franklin,Franklin/Foxboro Line,706,1,day_type_01,weekday,1/1/2024 7:45,Walpole,4.0,141,0,571,13814
Fall 2024,CR-Franklin,Franklin/Foxboro Line,708,1,day_type_01,weekday,1/1/2024 8:31,Walpole,4.0,57,0,295,13815
Fall 2024,CR-Needham,Needham Line,624,1,day_type_01,weekday,1/1/2024 17:15,Needham Junction,3.0,14,0,41,13816
Fall 2024,CR-Needham,Needham Line,633,0,day_type_01,weekday,1/1/2024 23:06,Roslindale Village,2.0,0,4,14,13817
Fall 2024,CR-Needham,Needham Line,611,0,day_type_01,weekday,1/1/2024 11:23,Hersey,9.0,1,0,17,13818
Fall 2024,CR-Needham,Needham Line,616,1,day_type_01,weekday,1/1/2024 13:09,Needham Center,2.0,6,0,12,13819
Fall 2024,CR-Franklin,Franklin/Foxboro Line,706,1,day_type_01,weekday,1/1/2024 7:49,Windsor Gardens,5.0,33,0,604,13820
Fall 2024,CR-Franklin,Franklin/Foxboro Line,708,1,day_type_01,weekday,1/1/2024 8:35,Windsor Gardens,5.0,20,0,315,13821
Fall 2024,CR-Needham,Needham Line,624,1,day_type_01,weekday,1/1/2024 17:18,Hersey,4.0,6,0,47,13822
Fall 2024,CR-Needham,Needham Line,633,0,day_type_01,weekday,1/1/2024 23:09,Bellevue,3.0,0,1,13,13823
Fall 2024,CR-Needham,Needham Line,611,0,day_type_01,weekday,1/1/2024 11:26,Needham Junction,10.0,0,3,14,13824
Fall 2024,CR-Needham,Needham Line,616,1,day_type_01,weekday,1/1/2024 13:13,Needham Junction,3.0,3,0,15,13825
Fall 2024,CR-Franklin,Franklin/Foxboro Line,706,1,day_type_01,weekday,1/1/2024 7:53,Norwood Central,6.0,95,4,695,13826
Fall 2024,CR-Franklin,Franklin/Foxboro Line,708,1,day_type_01,weekday,1/1/2024 8:39,Norwood Central,6.0,70,0,385,13827
Fall 2024,CR-Needham,Needham Line,624,1,day_type_01,weekday,1/1/2024 17:28,West Roxbury,5.0,17,2,62,13828
Fall 2024,CR-Needham,Needham Line,611,0,day_type_01,weekday,1/1/2024 11:29,Needham Center,11.0,0,3,11,13829
Fall 2024,CR-Needham,Needham Line,616,1,day_type_01,weekday,1/1/2024 13:16,Hersey,4.0,1,0,16,13830
Fall 2024,CR-Franklin,Franklin/Foxboro Line,706,1,day_type_01,weekday,1/1/2024 7:56,Norwood Depot,7.0,74,2,767,13831
Fall 2024,CR-Needham,Needham Line,611,0,day_type_01,weekday,1/1/2024 11:35,Needham Heights,12.0,0,8,3,13832
Fall 2024,CR-Needham,Needham Line,616,1,day_type_01,weekday,1/1/2024 13:21,West Roxbury,5.0,0,0,16,13833
Fall 2024,CR-Needham,Needham Line,633,0,day_type_01,weekday,1/1/2024 23:11,Highland,4.0,0,7,6,13834
Fall 2024,CR-Franklin,Franklin/Foxboro Line,708,1,day_type_01,weekday,1/1/2024 8:41,Norwood Depot,7.0,33,4,414,13835
Fall 2024,CR-Needham,Needham Line,624,1,day_type_01,weekday,1/1/2024 17:30,Highland,6.0,9,1,70,13836
Fall 2024,CR-Needham,Needham Line,633,0,day_type_01,weekday,1/1/2024 23:13,West Roxbury,5.0,0,4,2,13837
Fall 2024,CR-Franklin,Franklin/Foxboro Line,708,1,day_type_01,weekday,1/1/2024 8:44,Islington,8.0,8,0,422,13838
Fall 2024,CR-Franklin,Franklin/Foxboro Line,706,1,day_type_01,weekday,1/1/2024 7:59,Islington,8.0,24,0,791,13839
Fall 2024,CR-Needham,Needham Line,612,1,day_type_01,weekday,1/1/2024 11:05,Needham Heights,1.0,9,0,9,13840
Fall 2024,CR-Needham,Needham Line,616,1,day_type_01,weekday,1/1/2024 13:23,Highland,6.0,9,0,25,13841
Fall 2024,CR-Needham,Needham Line,624,1,day_type_01,weekday,1/1/2024 17:32,Bellevue,7.0,4,2,72,13842
Fall 2024,CR-Needham,Needham Line,633,0,day_type_01,weekday,1/1/2024 23:18,Hersey,6.0,0,0,2,13843
Fall 2024,CR-Franklin,Franklin/Foxboro Line,708,1,day_type_01,weekday,1/1/2024 8:47,Dedham Corp Center,9.0,47,0,469,13844
Fall 2024,CR-Needham,Needham Line,612,1,day_type_01,weekday,1/1/2024 11:09,Needham Center,2.0,6,0,15,13845
Fall 2024,CR-Needham,Needham Line,616,1,day_type_01,weekday,1/1/2024 13:25,Bellevue,7.0,8,0,33,13846
Fall 2024,CR-Needham,Needham Line,624,1,day_type_01,weekday,1/1/2024 17:35,Roslindale Village,8.0,12,2,82,13847
Fall 2024,CR-Needham,Needham Line,633,0,day_type_01,weekday,1/1/2024 23:21,Needham Junction,7.0,0,1,1,13848
Fall 2024,CR-Franklin,Franklin/Foxboro Line,708,1,day_type_01,weekday,1/1/2024 8:50,Endicott,10.0,24,1,492,13849
Fall 2024,CR-Needham,Needham Line,612,1,day_type_01,weekday,1/1/2024 11:13,Needham Junction,3.0,6,0,21,13850
Fall 2024,CR-Needham,Needham Line,616,1,day_type_01,weekday,1/1/2024 13:28,Roslindale Village,8.0,11,0,44,13851
Fall 2024,CR-Needham,Needham Line,624,1,day_type_01,weekday,1/1/2024 17:38,Forest Hills,9.0,32,8,106,13852
Fall 2024,CR-Needham,Needham Line,633,0,day_type_01,weekday,1/1/2024 23:24,Needham Center,8.0,0,1,0,13853
Fall 2024,CR-Franklin,Franklin/Foxboro Line,708,1,day_type_01,weekday,1/1/2024 8:54,Readville,11.0,27,3,516,13854
Fall 2024,CR-Needham,Needham Line,612,1,day_type_01,weekday,1/1/2024 11:16,Hersey,4.0,5,0,26,13855
Fall 2024,CR-Needham,Needham Line,616,1,day_type_01,weekday,1/1/2024 13:31,Forest Hills,9.0,1,0,45,13856
Fall 2024,CR-Needham,Needham Line,624,1,day_type_01,weekday,1/1/2024 17:45,Ruggles,10.0,11,25,92,13857
Fall 2024,CR-Needham,Needham Line,633,0,day_type_01,weekday,1/1/2024 23:29,Needham Heights,9.0,0,0,0,13858
Fall 2024,CR-Franklin,Franklin/Foxboro Line,708,1,day_type_01,weekday,1/1/2024 9:05,Forest Hills,12.0,14,3,527,13859
Fall 2024,CR-Needham,Needham Line,612,1,day_type_01,weekday,1/1/2024 11:21,West Roxbury,5.0,8,0,34,13860
Fall 2024,CR-Needham,Needham Line,616,1,day_type_01,weekday,1/1/2024 13:37,Ruggles,10.0,0,0,45,13861
Fall 2024,CR-Needham,Needham Line,624,1,day_type_01,weekday,1/1/2024 17:49,Back Bay,11.0,24,42,74,13862
Fall 2024,CR-Franklin,Franklin/Foxboro Line,708,1,day_type_01,weekday,1/1/2024 9:10,Ruggles,13.0,6,89,444,13863
Fall 2024,CR-Needham,Needham Line,616,1,day_type_01,weekday,1/1/2024 13:40,Back Bay,11.0,5,9,41,13864
Fall 2024,CR-Franklin,Franklin/Foxboro Line,708,1,day_type_01,weekday,1/1/2024 9:14,Back Bay,14.0,8,53,399,13865
Fall 2024,CR-Needham,Needham Line,635,0,day_type_01,weekday,1/1/2024 0:13,Forest Hills,1.0,8,0,8,13866
Fall 2024,CR-Needham,Needham Line,612,1,day_type_01,weekday,1/1/2024 11:23,Highland,6.0,12,0,46,13867
Fall 2024,CR-Needham,Needham Line,624,1,day_type_01,weekday,1/1/2024 17:55,South Station,12.0,0,75,-1,13868
Fall 2024,CR-Needham,Needham Line,616,1,day_type_01,weekday,1/1/2024 13:45,South Station,12.0,0,41,0,13869
Fall 2024,CR-Franklin,Franklin/Foxboro Line,708,1,day_type_01,weekday,1/1/2024 9:20,South Station,15.0,0,399,0,13870
Fall 2024,CR-Needham,Needham Line,635,0,day_type_01,weekday,1/1/2024 0:16,Roslindale Village,2.0,0,3,5,13871
Fall 2024,CR-Needham,Needham Line,612,1,day_type_01,weekday,1/1/2024 11:25,Bellevue,7.0,7,0,53,13872
Fall 2024,CR-Needham,Needham Line,625,0,day_type_01,weekday,1/1/2024 17:55,South Station,1.0,240,0,240,13873
Fall 2024,CR-Needham,Needham Line,617,0,day_type_01,weekday,1/1/2024 13:55,South Station,1.0,91,0,91,13874
Fall 2024,CR-Franklin,Franklin/Foxboro Line,709,0,day_type_01,weekday,1/1/2024 9:35,South Station,1.0,18,0,18,13875
Fall 2024,CR-Needham,Needham Line,635,0,day_type_01,weekday,1/1/2024 0:19,Bellevue,3.0,0,2,3,13876
Fall 2024,CR-Needham,Needham Line,612,1,day_type_01,weekday,1/1/2024 11:28,Roslindale Village,8.0,11,2,62,13877
Fall 2024,CR-Needham,Needham Line,625,0,day_type_01,weekday,1/1/2024 18:00,Back Bay,2.0,87,5,322,13878
Fall 2024,CR-Needham,Needham Line,617,0,day_type_01,weekday,1/1/2024 14:00,Back Bay,2.0,38,9,120,13879
Fall 2024,CR-Franklin,Franklin/Foxboro Line,709,0,day_type_01,weekday,1/1/2024 9:40,Back Bay,2.0,7,2,23,13880
Fall 2024,CR-Needham,Needham Line,635,0,day_type_01,weekday,1/1/2024 0:21,Highland,4.0,0,0,3,13881
Fall 2024,CR-Needham,Needham Line,612,1,day_type_01,weekday,1/1/2024 11:31,Forest Hills,9.0,6,0,68,13882
Fall 2024,CR-Needham,Needham Line,625,0,day_type_01,weekday,1/1/2024 18:03,Ruggles,3.0,21,15,328,13883
Fall 2024,CR-Needham,Needham Line,617,0,day_type_01,weekday,1/1/2024 14:03,Ruggles,3.0,18,18,120,13884
Fall 2024,CR-Franklin,Franklin/Foxboro Line,709,0,day_type_01,weekday,1/1/2024 9:43,Ruggles,3.0,5,4,24,13885
Fall 2024,CR-Needham,Needham Line,635,0,day_type_01,weekday,1/1/2024 0:23,West Roxbury,5.0,0,1,2,13886
Fall 2024,CR-Needham,Needham Line,612,1,day_type_01,weekday,1/1/2024 11:37,Ruggles,10.0,2,13,57,13887
Fall 2024,CR-Needham,Needham Line,625,0,day_type_01,weekday,1/1/2024 18:08,Forest Hills,4.0,12,18,322,13888
Fall 2024,CR-Needham,Needham Line,617,0,day_type_01,weekday,1/1/2024 14:08,Forest Hills,4.0,1,50,71,13889
Fall 2024,CR-Franklin,Franklin/Foxboro Line,709,0,day_type_01,weekday,1/1/2024 9:52,Readville,4.0,3,1,26,13890
Fall 2024,CR-Needham,Needham Line,635,0,day_type_01,weekday,1/1/2024 0:28,Hersey,6.0,0,1,1,13891
Fall 2024,CR-Needham,Needham Line,612,1,day_type_01,weekday,1/1/2024 11:40,Back Bay,11.0,3,28,32,13892
Fall 2024,CR-Needham,Needham Line,625,0,day_type_01,weekday,1/1/2024 18:11,Roslindale Village,5.0,0,89,233,13893
Fall 2024,CR-Needham,Needham Line,617,0,day_type_01,weekday,1/1/2024 14:11,Roslindale Village,5.0,1,9,63,13894
Fall 2024,CR-Franklin,Franklin/Foxboro Line,709,0,day_type_01,weekday,1/1/2024 9:56,Endicott,5.0,0,4,22,13895
Fall 2024,CR-Needham,Needham Line,635,0,day_type_01,weekday,1/1/2024 0:31,Needham Junction,7.0,0,0,1,13896
Fall 2024,CR-Needham,Needham Line,612,1,day_type_01,weekday,1/1/2024 11:45,South Station,12.0,0,33,-1,13897
Fall 2024,CR-Needham,Needham Line,625,0,day_type_01,weekday,1/1/2024 18:14,Bellevue,6.0,0,77,156,13898
Fall 2024,CR-Needham,Needham Line,617,0,day_type_01,weekday,1/1/2024 14:14,Bellevue,6.0,0,12,51,13899
Fall 2024,CR-Needham,Needham Line,617,0,day_type_01,weekday,1/1/2024 14:16,Highland,7.0,0,15,36,13900
Fall 2024,CR-Needham,Needham Line,617,0,day_type_01,weekday,1/1/2024 14:18,West Roxbury,8.0,5,7,34,13901
Fall 2024,CR-Needham,Needham Line,617,0,day_type_01,weekday,1/1/2024 14:23,Hersey,9.0,0,14,20,13902
Fall 2024,CR-Needham,Needham Line,617,0,day_type_01,weekday,1/1/2024 14:26,Needham Junction,10.0,0,11,9,13903
Fall 2024,CR-Needham,Needham Line,617,0,day_type_01,weekday,1/1/2024 14:29,Needham Center,11.0,1,4,6,13904
Fall 2024,CR-Needham,Needham Line,617,0,day_type_01,weekday,1/1/2024 14:35,Needham Heights,12.0,0,6,0,13905
Fall 2024,CR-Needham,Needham Line,618,1,day_type_01,weekday,1/1/2024 14:05,Needham Heights,1.0,2,0,2,13906
Fall 2024,CR-Needham,Needham Line,618,1,day_type_01,weekday,1/1/2024 14:09,Needham Center,2.0,6,0,8,13907
Fall 2024,CR-Needham,Needham Line,618,1,day_type_01,weekday,1/1/2024 14:13,Needham Junction,3.0,7,0,15,13908
Fall 2024,CR-Needham,Needham Line,618,1,day_type_01,weekday,1/1/2024 14:16,Hersey,4.0,2,0,17,13909
Fall 2024,CR-Needham,Needham Line,618,1,day_type_01,weekday,1/1/2024 14:26,West Roxbury,5.0,2,0,19,13910
Fall 2024,CR-Needham,Needham Line,618,1,day_type_01,weekday,1/1/2024 14:28,Highland,6.0,5,0,24,13911
Fall 2024,CR-Needham,Needham Line,618,1,day_type_01,weekday,1/1/2024 14:30,Bellevue,7.0,6,0,30,13912
Fall 2024,CR-Needham,Needham Line,618,1,day_type_01,weekday,1/1/2024 14:33,Roslindale Village,8.0,8,2,36,13913
Fall 2024,CR-Needham,Needham Line,618,1,day_type_01,weekday,1/1/2024 14:36,Forest Hills,9.0,0,5,31,13914
Fall 2024,CR-Needham,Needham Line,618,1,day_type_01,weekday,1/1/2024 14:42,Ruggles,10.0,7,4,34,13915
Fall 2024,CR-Needham,Needham Line,618,1,day_type_01,weekday,1/1/2024 14:45,Back Bay,11.0,3,8,29,13916
Fall 2024,CR-Franklin,Franklin/Foxboro Line,709,0,day_type_01,weekday,1/1/2024 9:58,Dedham Corp Center,6.0,0,3,19,13917
Fall 2024,CR-Needham,Needham Line,625,0,day_type_01,weekday,1/1/2024 18:16,Highland,7.0,2,41,117,13918
Fall 2024,CR-Needham,Needham Line,613,0,day_type_01,weekday,1/1/2024 11:50,South Station,1.0,55,0,55,13919
Fall 2024,CR-Needham,Needham Line,635,0,day_type_01,weekday,1/1/2024 0:34,Needham Center,8.0,0,0,1,13920
Fall 2024,CR-Franklin,Franklin/Foxboro Line,709,0,day_type_01,weekday,1/1/2024 10:01,Islington,7.0,0,1,18,13921
Fall 2024,CR-Needham,Needham Line,625,0,day_type_01,weekday,1/1/2024 18:18,West Roxbury,8.0,0,7,110,13922
Fall 2024,CR-Needham,Needham Line,613,0,day_type_01,weekday,1/1/2024 11:55,Back Bay,2.0,19,0,74,13923
Fall 2024,CR-Needham,Needham Line,635,0,day_type_01,weekday,1/1/2024 0:39,Needham Heights,9.0,0,1,0,13924
Fall 2024,CR-Franklin,Franklin/Foxboro Line,709,0,day_type_01,weekday,1/1/2024 10:04,Norwood Depot,8.0,0,1,17,13925
Fall 2024,CR-Needham,Needham Line,625,0,day_type_01,weekday,1/1/2024 18:24,Hersey,9.0,0,33,77,13926
Fall 2024,CR-Needham,Needham Line,613,0,day_type_01,weekday,1/1/2024 11:58,Ruggles,3.0,15,5,84,13927
Fall 2024,CR-Franklin,Franklin/Foxboro Line,700,1,day_type_01,weekday,1/1/2024 4:59,Forge Park/495,1.0,26,0,26,13928
Fall 2024,CR-Franklin,Franklin/Foxboro Line,709,0,day_type_01,weekday,1/1/2024 10:06,Norwood Central,9.0,2,4,15,13929
Fall 2024,CR-Needham,Needham Line,625,0,day_type_01,weekday,1/1/2024 18:27,Needham Junction,10.0,0,36,41,13930
Fall 2024,CR-Needham,Needham Line,613,0,day_type_01,weekday,1/1/2024 12:03,Forest Hills,4.0,1,14,71,13931
Fall 2024,CR-Franklin,Franklin/Foxboro Line,709,0,day_type_01,weekday,1/1/2024 10:09,Windsor Gardens,10.0,1,2,14,13932
Fall 2024,CR-Franklin,Franklin/Foxboro Line,700,1,day_type_01,weekday,1/1/2024 5:06,Franklin,2.0,23,0,49,13933
Fall 2024,CR-Needham,Needham Line,625,0,day_type_01,weekday,1/1/2024 18:31,Needham Center,11.0,0,22,19,13934
Fall 2024,CR-Franklin,Franklin/Foxboro Line,709,0,day_type_01,weekday,1/1/2024 10:14,Walpole,11.0,0,1,13,13935
Fall 2024,CR-Needham,Needham Line,613,0,day_type_01,weekday,1/1/2024 12:06,Roslindale Village,5.0,1,22,50,13936
Fall 2024,CR-Needham,Needham Line,625,0,day_type_01,weekday,1/1/2024 18:38,Needham Heights,12.0,0,19,0,13937
Fall 2024,CR-Franklin,Franklin/Foxboro Line,709,0,day_type_01,weekday,1/1/2024 10:21,Norfolk,12.0,0,6,7,13938
Fall 2024,CR-Franklin,Franklin/Foxboro Line,700,1,day_type_01,weekday,1/1/2024 5:13,Norfolk,3.0,25,0,74,13939
Fall 2024,CR-Needham,Needham Line,626,1,day_type_01,weekday,1/1/2024 18:05,Needham Heights,1.0,7,0,7,13940
Fall 2024,CR-Franklin,Franklin/Foxboro Line,709,0,day_type_01,weekday,1/1/2024 10:28,Franklin,13.0,0,6,1,13941
Fall 2024,CR-Needham,Needham Line,613,0,day_type_01,weekday,1/1/2024 12:09,Bellevue,6.0,0,9,41,13942
Fall 2024,CR-Franklin,Franklin/Foxboro Line,700,1,day_type_01,weekday,1/1/2024 5:20,Walpole,4.0,18,0,92,13943
Fall 2024,CR-Needham,Needham Line,626,1,day_type_01,weekday,1/1/2024 18:09,Needham Center,2.0,2,0,9,13944
Fall 2024,CR-Franklin,Franklin/Foxboro Line,709,0,day_type_01,weekday,1/1/2024 10:38,Forge Park/495,14.0,0,1,0,13945
Fall 2024,CR-Needham,Needham Line,613,0,day_type_01,weekday,1/1/2024 12:11,Highland,7.0,1,4,38,13946
Fall 2024,CR-Franklin,Franklin/Foxboro Line,700,1,day_type_01,weekday,1/1/2024 5:24,Windsor Gardens,5.0,14,0,106,13947
Fall 2024,CR-Needham,Needham Line,626,1,day_type_01,weekday,1/1/2024 18:13,Needham Junction,3.0,0,0,9,13948
Fall 2024,CR-Franklin,Franklin/Foxboro Line,710,1,day_type_01,weekday,1/1/2024 9:20,Forge Park/495,1.0,29,0,29,13949
Fall 2024,CR-Needham,Needham Line,613,0,day_type_01,weekday,1/1/2024 12:13,West Roxbury,8.0,1,18,21,13950
Fall 2024,CR-Needham,Needham Line,626,1,day_type_01,weekday,1/1/2024 18:16,Hersey,4.0,3,0,12,13951
Fall 2024,CR-Franklin,Franklin/Foxboro Line,700,1,day_type_01,weekday,1/1/2024 5:28,Norwood Central,6.0,32,0,138,13952
Fall 2024,CR-Franklin,Franklin/Foxboro Line,710,1,day_type_01,weekday,1/1/2024 9:27,Franklin,2.0,26,0,55,13953
Fall 2024,CR-Needham,Needham Line,613,0,day_type_01,weekday,1/1/2024 12:23,Hersey,9.0,0,3,18,13954
Fall 2024,CR-Needham,Needham Line,626,1,day_type_01,weekday,1/1/2024 18:26,West Roxbury,5.0,11,0,23,13955
Fall 2024,CR-Franklin,Franklin/Foxboro Line,700,1,day_type_01,weekday,1/1/2024 5:30,Norwood Depot,7.0,23,0,161,13956
Fall 2024,CR-Franklin,Franklin/Foxboro Line,710,1,day_type_01,weekday,1/1/2024 9:34,Norfolk,3.0,17,0,72,13957
Fall 2024,CR-Needham,Needham Line,613,0,day_type_01,weekday,1/1/2024 12:26,Needham Junction,10.0,0,11,7,13958
Fall 2024,CR-Needham,Needham Line,626,1,day_type_01,weekday,1/1/2024 18:28,Highland,6.0,1,0,24,13959
Fall 2024,CR-Franklin,Franklin/Foxboro Line,700,1,day_type_01,weekday,1/1/2024 5:33,Islington,8.0,2,0,163,13960
Fall 2024,CR-Franklin,Franklin/Foxboro Line,710,1,day_type_01,weekday,1/1/2024 9:41,Walpole,4.0,17,0,89,13961
Fall 2024,CR-Needham,Needham Line,613,0,day_type_01,weekday,1/1/2024 12:29,Needham Center,11.0,0,4,3,13962
Fall 2024,CR-Needham,Needham Line,626,1,day_type_01,weekday,1/1/2024 18:30,Bellevue,7.0,4,0,28,13963
Fall 2024,CR-Franklin,Franklin/Foxboro Line,700,1,day_type_01,weekday,1/1/2024 5:36,Dedham Corp Center,9.0,12,0,175,13964
Fall 2024,CR-Franklin,Franklin/Foxboro Line,710,1,day_type_01,weekday,1/1/2024 9:44,Windsor Gardens,5.0,12,0,101,13965
Fall 2024,CR-Needham,Needham Line,613,0,day_type_01,weekday,1/1/2024 12:35,Needham Heights,12.0,0,3,0,13966
Fall 2024,CR-Needham,Needham Line,626,1,day_type_01,weekday,1/1/2024 18:33,Roslindale Village,8.0,11,0,39,13967
Fall 2024,CR-Franklin,Franklin/Foxboro Line,700,1,day_type_01,weekday,1/1/2024 5:39,Endicott,10.0,12,0,187,13968
Fall 2024,CR-Franklin,Franklin/Foxboro Line,710,1,day_type_01,weekday,1/1/2024 9:48,Norwood Central,6.0,25,0,126,13969
Fall 2024,CR-Needham,Needham Line,614,1,day_type_01,weekday,1/1/2024 12:05,Needham Heights,1.0,8,0,8,13970
Fall 2024,CR-Needham,Needham Line,626,1,day_type_01,weekday,1/1/2024 18:36,Forest Hills,9.0,3,2,40,13971
Fall 2024,CR-Franklin,Franklin/Foxboro Line,700,1,day_type_01,weekday,1/1/2024 5:43,Readville,11.0,9,2,194,13972
Fall 2024,CR-Franklin,Franklin/Foxboro Line,710,1,day_type_01,weekday,1/1/2024 9:50,Norwood Depot,7.0,20,0,146,13973
Fall 2024,CR-Needham,Needham Line,614,1,day_type_01,weekday,1/1/2024 12:09,Needham Center,2.0,5,0,13,13974
Fall 2024,CR-Needham,Needham Line,626,1,day_type_01,weekday,1/1/2024 18:42,Ruggles,10.0,9,5,44,13975
Fall 2024,CR-Franklin,Franklin/Foxboro Line,700,1,day_type_01,weekday,1/1/2024 5:53,Forest Hills,12.0,6,0,200,13976
Fall 2024,CR-Franklin,Franklin/Foxboro Line,710,1,day_type_01,weekday,1/1/2024 9:53,Islington,8.0,1,1,146,13977
Fall 2024,CR-Needham,Needham Line,614,1,day_type_01,weekday,1/1/2024 12:13,Needham Junction,3.0,2,0,15,13978
Fall 2024,CR-Needham,Needham Line,626,1,day_type_01,weekday,1/1/2024 18:45,Back Bay,11.0,2,18,28,13979
Fall 2024,CR-Franklin,Franklin/Foxboro Line,700,1,day_type_01,weekday,1/1/2024 5:58,Ruggles,13.0,1,39,162,13980
Fall 2024,CR-Franklin,Franklin/Foxboro Line,710,1,day_type_01,weekday,1/1/2024 9:56,Dedham Corp Center,9.0,14,2,158,13981
Fall 2024,CR-Needham,Needham Line,614,1,day_type_01,weekday,1/1/2024 12:16,Hersey,4.0,8,0,23,13982
Fall 2024,CR-Needham,Needham Line,626,1,day_type_01,weekday,1/1/2024 18:50,South Station,12.0,0,28,0,13983
Fall 2024,CR-Franklin,Franklin/Foxboro Line,700,1,day_type_01,weekday,1/1/2024 6:02,Back Bay,14.0,2,49,115,13984
Fall 2024,CR-Needham,Needham Line,614,1,day_type_01,weekday,1/1/2024 12:21,West Roxbury,5.0,2,0,25,13985
Fall 2024,CR-Franklin,Franklin/Foxboro Line,710,1,day_type_01,weekday,1/1/2024 9:59,Endicott,10.0,12,0,170,13986
Fall 2024,CR-Needham,Needham Line,627,0,day_type_01,weekday,1/1/2024 18:55,South Station,1.0,205,0,205,13987
Fall 2024,CR-Needham,Needham Line,614,1,day_type_01,weekday,1/1/2024 12:23,Highland,6.0,6,0,31,13988
Fall 2024,CR-Franklin,Franklin/Foxboro Line,710,1,day_type_01,weekday,1/1/2024 10:03,Readville,11.0,9,1,178,13989
Fall 2024,CR-Franklin,Franklin/Foxboro Line,700,1,day_type_01,weekday,1/1/2024 6:08,South Station,15.0,0,115,0,13990
Fall 2024,CR-Needham,Needham Line,614,1,day_type_01,weekday,1/1/2024 12:25,Bellevue,7.0,8,0,39,13991
Fall 2024,CR-Needham,Needham Line,627,0,day_type_01,weekday,1/1/2024 19:00,Back Bay,2.0,84,14,275,13992
Fall 2024,CR-Franklin,Franklin/Foxboro Line,710,1,day_type_01,weekday,1/1/2024 10:12,Forest Hills,12.0,6,0,184,13993
Fall 2024,CR-Franklin,Franklin/Foxboro Line,702,1,day_type_01,weekday,1/1/2024 5:59,Forge Park/495,1.0,57,0,57,13994
Fall 2024,CR-Needham,Needham Line,614,1,day_type_01,weekday,1/1/2024 12:28,Roslindale Village,8.0,11,1,49,13995
Fall 2024,CR-Needham,Needham Line,627,0,day_type_01,weekday,1/1/2024 19:03,Ruggles,3.0,36,20,291,13996
Fall 2024,CR-Franklin,Franklin/Foxboro Line,710,1,day_type_01,weekday,1/1/2024 10:17,Ruggles,13.0,1,36,149,13997
Fall 2024,CR-Needham,Needham Line,614,1,day_type_01,weekday,1/1/2024 12:31,Forest Hills,9.0,6,1,54,13998
Fall 2024,CR-Franklin,Franklin/Foxboro Line,710,1,day_type_01,weekday,1/1/2024 10:21,Back Bay,14.0,4,55,98,13999
Fall 2024,CR-Franklin,Franklin/Foxboro Line,710,1,day_type_01,weekday,1/1/2024 10:27,South Station,15.0,0,98,0,14000
Fall 2024,CR-Franklin,Franklin/Foxboro Line,713,0,day_type_01,weekday,1/1/2024 11:25,South Station,1.0,12,0,12,14001
Fall 2024,CR-Franklin,Franklin/Foxboro Line,713,0,day_type_01,weekday,1/1/2024 11:30,Back Bay,2.0,28,7,33,14002
Fall 2024,CR-Franklin,Franklin/Foxboro Line,713,0,day_type_01,weekday,1/1/2024 11:33,Ruggles,3.0,16,2,47,14003
Fall 2024,CR-Franklin,Franklin/Foxboro Line,713,0,day_type_01,weekday,1/1/2024 11:41,Hyde Park,4.0,0,5,42,14004
Fall 2024,CR-Franklin,Franklin/Foxboro Line,713,0,day_type_01,weekday,1/1/2024 11:45,Readville,5.0,0,2,40,14005
Fall 2024,CR-Franklin,Franklin/Foxboro Line,713,0,day_type_01,weekday,1/1/2024 11:49,Endicott,6.0,0,2,38,14006
Fall 2024,CR-Franklin,Franklin/Foxboro Line,713,0,day_type_01,weekday,1/1/2024 11:51,Dedham Corp Center,7.0,0,1,37,14007
Fall 2024,CR-Franklin,Franklin/Foxboro Line,713,0,day_type_01,weekday,1/1/2024 11:54,Islington,8.0,0,2,35,14008
Fall 2024,CR-Franklin,Franklin/Foxboro Line,713,0,day_type_01,weekday,1/1/2024 11:57,Norwood Depot,9.0,0,2,33,14009
Fall 2024,CR-Franklin,Franklin/Foxboro Line,713,0,day_type_01,weekday,1/1/2024 11:59,Norwood Central,10.0,0,4,29,14010
Fall 2024,CR-Franklin,Franklin/Foxboro Line,713,0,day_type_01,weekday,1/1/2024 12:02,Windsor Gardens,11.0,0,5,24,14011
Fall 2024,CR-Franklin,Franklin/Foxboro Line,713,0,day_type_01,weekday,1/1/2024 12:07,Walpole,12.0,0,5,19,14012
Fall 2024,CR-Franklin,Franklin/Foxboro Line,713,0,day_type_01,weekday,1/1/2024 12:14,Norfolk,13.0,0,5,14,14013
Fall 2024,CR-Franklin,Franklin/Foxboro Line,713,0,day_type_01,weekday,1/1/2024 12:21,Franklin,14.0,0,4,10,14014
Fall 2024,CR-Franklin,Franklin/Foxboro Line,731,0,day_type_01,weekday,1/1/2024 20:27,Readville,4.0,0,3,132,14015
Fall 2024,CR-Franklin,Franklin/Foxboro Line,728,1,day_type_01,weekday,1/1/2024 19:11,Norfolk,2.0,3,0,9,14016
Fall 2024,CR-Franklin,Franklin/Foxboro Line,734,1,day_type_01,weekday,1/1/2024 23:57,Norwood Depot,7.0,0,0,0,14017
Fall 2024,CR-Franklin,Franklin/Foxboro Line,741,0,day_type_01,weekday,1/1/2024 6:23,Dedham Corp Center,11.0,0,3,10,14018
Fall 2024,CR-Franklin,Franklin/Foxboro Line,723,0,day_type_01,weekday,1/1/2024 17:22,Norfolk,14.0,1,201,353,14019
Fall 2024,CR-Franklin,Franklin/Foxboro Line,713,0,day_type_01,weekday,1/1/2024 12:31,Forge Park/495,15.0,0,8,2,14020
Fall 2024,CR-Franklin,Franklin/Foxboro Line,714,1,day_type_01,weekday,1/1/2024 11:15,Forge Park/495,1.0,20,0,20,14021
Fall 2024,CR-Franklin,Franklin/Foxboro Line,714,1,day_type_01,weekday,1/1/2024 11:22,Franklin,2.0,12,0,32,14022
Fall 2024,CR-Franklin,Franklin/Foxboro Line,714,1,day_type_01,weekday,1/1/2024 11:29,Norfolk,3.0,9,0,41,14023
Fall 2024,CR-Franklin,Franklin/Foxboro Line,714,1,day_type_01,weekday,1/1/2024 11:36,Walpole,4.0,13,0,54,14024
Fall 2024,CR-Franklin,Franklin/Foxboro Line,714,1,day_type_01,weekday,1/1/2024 11:39,Windsor Gardens,5.0,6,0,60,14025
Fall 2024,CR-Franklin,Franklin/Foxboro Line,714,1,day_type_01,weekday,1/1/2024 11:43,Norwood Central,6.0,11,2,69,14026
Fall 2024,CR-Franklin,Franklin/Foxboro Line,714,1,day_type_01,weekday,1/1/2024 11:45,Norwood Depot,7.0,2,0,71,14027
Fall 2024,CR-Franklin,Franklin/Foxboro Line,714,1,day_type_01,weekday,1/1/2024 11:48,Islington,8.0,2,0,73,14028
Fall 2024,CR-Franklin,Franklin/Foxboro Line,714,1,day_type_01,weekday,1/1/2024 11:51,Dedham Corp Center,9.0,7,0,80,14029
Fall 2024,CR-Franklin,Franklin/Foxboro Line,714,1,day_type_01,weekday,1/1/2024 11:54,Endicott,10.0,5,0,85,14030
Fall 2024,CR-Franklin,Franklin/Foxboro Line,714,1,day_type_01,weekday,1/1/2024 11:58,Readville,11.0,6,1,90,14031
Fall 2024,CR-Franklin,Franklin/Foxboro Line,714,1,day_type_01,weekday,1/1/2024 12:09,Ruggles,12.0,4,18,76,14032
Fall 2024,CR-Franklin,Franklin/Foxboro Line,714,1,day_type_01,weekday,1/1/2024 12:13,Back Bay,13.0,1,14,63,14033
Fall 2024,CR-Franklin,Franklin/Foxboro Line,714,1,day_type_01,weekday,1/1/2024 12:19,South Station,14.0,0,65,-2,14034
Fall 2024,CR-Franklin,Franklin/Foxboro Line,717,0,day_type_01,weekday,1/1/2024 13:28,South Station,1.0,62,0,62,14035
Fall 2024,CR-Franklin,Franklin/Foxboro Line,717,0,day_type_01,weekday,1/1/2024 13:33,Back Bay,2.0,34,2,94,14036
Fall 2024,CR-Franklin,Franklin/Foxboro Line,717,0,day_type_01,weekday,1/1/2024 13:36,Ruggles,3.0,30,3,121,14037
Fall 2024,CR-Franklin,Franklin/Foxboro Line,717,0,day_type_01,weekday,1/1/2024 13:45,Readville,4.0,2,11,112,14038
Fall 2024,CR-Franklin,Franklin/Foxboro Line,717,0,day_type_01,weekday,1/1/2024 13:49,Endicott,5.0,0,9,103,14039
Fall 2024,CR-Franklin,Franklin/Foxboro Line,717,0,day_type_01,weekday,1/1/2024 13:51,Dedham Corp Center,6.0,1,7,97,14040
Fall 2024,CR-Franklin,Franklin/Foxboro Line,717,0,day_type_01,weekday,1/1/2024 13:54,Islington,7.0,0,6,91,14041
Fall 2024,CR-Franklin,Franklin/Foxboro Line,717,0,day_type_01,weekday,1/1/2024 13:57,Norwood Depot,8.0,0,10,81,14042
Fall 2024,CR-Franklin,Franklin/Foxboro Line,717,0,day_type_01,weekday,1/1/2024 13:59,Norwood Central,9.0,0,23,58,14043
Fall 2024,CR-Franklin,Franklin/Foxboro Line,717,0,day_type_01,weekday,1/1/2024 14:02,Windsor Gardens,10.0,0,3,55,14044
Fall 2024,CR-Franklin,Franklin/Foxboro Line,717,0,day_type_01,weekday,1/1/2024 14:07,Walpole,11.0,0,12,43,14045
Fall 2024,CR-Franklin,Franklin/Foxboro Line,717,0,day_type_01,weekday,1/1/2024 14:14,Norfolk,12.0,0,13,30,14046
Fall 2024,CR-Franklin,Franklin/Foxboro Line,717,0,day_type_01,weekday,1/1/2024 14:21,Franklin,13.0,0,16,14,14047
Fall 2024,CR-Franklin,Franklin/Foxboro Line,717,0,day_type_01,weekday,1/1/2024 14:31,Forge Park/495,14.0,0,14,0,14048
Fall 2024,CR-Franklin,Franklin/Foxboro Line,718,1,day_type_01,weekday,1/1/2024 13:13,Forge Park/495,1.0,9,0,9,14049
Fall 2024,CR-Franklin,Franklin/Foxboro Line,718,1,day_type_01,weekday,1/1/2024 13:20,Franklin,2.0,9,0,18,14050
Fall 2024,CR-Franklin,Franklin/Foxboro Line,718,1,day_type_01,weekday,1/1/2024 13:27,Norfolk,3.0,4,0,22,14051
Fall 2024,CR-Franklin,Franklin/Foxboro Line,718,1,day_type_01,weekday,1/1/2024 13:34,Walpole,4.0,6,0,28,14052
Fall 2024,CR-Franklin,Franklin/Foxboro Line,718,1,day_type_01,weekday,1/1/2024 13:37,Windsor Gardens,5.0,2,0,30,14053
Fall 2024,CR-Franklin,Franklin/Foxboro Line,718,1,day_type_01,weekday,1/1/2024 13:41,Norwood Central,6.0,5,0,35,14054
Fall 2024,CR-Franklin,Franklin/Foxboro Line,718,1,day_type_01,weekday,1/1/2024 13:43,Norwood Depot,7.0,4,0,39,14055
Fall 2024,CR-Franklin,Franklin/Foxboro Line,745,0,day_type_01,weekday,1/1/2024 9:37,Foxboro,11.0,0,5,0,14056
Fall 2024,CR-Franklin,Franklin/Foxboro Line,718,1,day_type_01,weekday,1/1/2024 13:46,Islington,8.0,6,0,45,14057
Fall 2024,CR-Franklin,Franklin/Foxboro Line,718,1,day_type_01,weekday,1/1/2024 13:49,Dedham Corp Center,9.0,8,0,53,14058
Fall 2024,CR-Franklin,Franklin/Foxboro Line,718,1,day_type_01,weekday,1/1/2024 13:52,Endicott,10.0,10,0,63,14059
Fall 2024,CR-Franklin,Franklin/Foxboro Line,731,0,day_type_01,weekday,1/1/2024 20:31,Endicott,5.0,2,9,125,14060
Fall 2024,CR-Franklin,Franklin/Foxboro Line,746,1,day_type_01,weekday,1/1/2024 10:36,Foxboro,1.0,23,0,23,14061
Fall 2024,CR-Franklin,Franklin/Foxboro Line,734,1,day_type_01,weekday,1/1/2024,Islington,8.0,0,0,0,14062
Fall 2024,CR-Franklin,Franklin/Foxboro Line,746,1,day_type_01,weekday,1/1/2024 10:49,Windsor Gardens,2.0,4,0,27,14063
Fall 2024,CR-Franklin,Franklin/Foxboro Line,728,1,day_type_01,weekday,1/1/2024 19:27,Walpole,3.0,0,0,9,14064
Fall 2024,CR-Franklin,Franklin/Foxboro Line,731,0,day_type_01,weekday,1/1/2024 20:33,Dedham Corp Center,6.0,4,12,117,14065
Fall 2024,CR-Franklin,Franklin/Foxboro Line,718,1,day_type_01,weekday,1/1/2024 13:56,Readville,11.0,12,21,54,14066
Fall 2024,CR-Franklin,Franklin/Foxboro Line,723,0,day_type_01,weekday,1/1/2024 17:29,Franklin,15.0,0,192,161,14067
Fall 2024,CR-Franklin,Franklin/Foxboro Line,731,0,day_type_01,weekday,1/1/2024 20:36,Islington,7.0,0,2,115,14068
Fall 2024,CR-Franklin,Franklin/Foxboro Line,734,1,day_type_01,weekday,1/1/2024 0:03,Dedham Corp Center,9.0,0,0,0,14069
Fall 2024,CR-Franklin,Franklin/Foxboro Line,741,0,day_type_01,weekday,1/1/2024 6:26,Islington,12.0,0,0,10,14070
Fall 2024,CR-Franklin,Franklin/Foxboro Line,728,1,day_type_01,weekday,1/1/2024 19:30,Windsor Gardens,4.0,0,0,9,14071
Fall 2024,CR-Franklin,Franklin/Foxboro Line,731,0,day_type_01,weekday,1/1/2024 20:39,Norwood Depot,8.0,0,17,98,14072
Fall 2024,CR-Franklin,Franklin/Foxboro Line,723,0,day_type_01,weekday,1/1/2024 17:39,Forge Park/495,16.0,0,161,0,14073
Fall 2024,CR-Franklin,Franklin/Foxboro Line,734,1,day_type_01,weekday,1/1/2024 0:06,Endicott,10.0,0,0,0,14074
Fall 2024,CR-Franklin,Franklin/Foxboro Line,718,1,day_type_01,weekday,1/1/2024 14:07,Ruggles,12.0,6,11,49,14075
Fall 2024,CR-Franklin,Franklin/Foxboro Line,741,0,day_type_01,weekday,1/1/2024 6:29,Norwood Depot,13.0,0,4,6,14076
Fall 2024,CR-Franklin,Franklin/Foxboro Line,728,1,day_type_01,weekday,1/1/2024 19:34,Norwood Central,5.0,3,0,12,14077
Fall 2024,CR-Franklin,Franklin/Foxboro Line,746,1,day_type_01,weekday,1/1/2024 10:53,Norwood Central,3.0,15,1,41,14078
Fall 2024,CR-Franklin,Franklin/Foxboro Line,731,0,day_type_01,weekday,1/1/2024 20:41,Norwood Central,9.0,0,16,82,14079
Fall 2024,CR-Franklin,Franklin/Foxboro Line,725,0,day_type_01,weekday,1/1/2024 17:05,South Station,1.0,675,0,675,14080
Fall 2024,CR-Franklin,Franklin/Foxboro Line,734,1,day_type_01,weekday,1/1/2024 0:12,Readville,11.0,0,0,0,14081
Fall 2024,CR-Franklin,Franklin/Foxboro Line,718,1,day_type_01,weekday,1/1/2024 14:11,Back Bay,13.0,7,22,34,14082
Fall 2024,CR-Franklin,Franklin/Foxboro Line,741,0,day_type_01,weekday,1/1/2024 6:31,Norwood Central,14.0,1,2,5,14083
Fall 2024,CR-Franklin,Franklin/Foxboro Line,728,1,day_type_01,weekday,1/1/2024 19:36,Norwood Depot,6.0,0,0,12,14084
Fall 2024,CR-Franklin,Franklin/Foxboro Line,746,1,day_type_01,weekday,1/1/2024 10:55,Norwood Depot,4.0,5,0,46,14085
Fall 2024,CR-Franklin,Franklin/Foxboro Line,731,0,day_type_01,weekday,1/1/2024 20:44,Windsor Gardens,10.0,0,11,71,14086
Fall 2024,CR-Franklin,Franklin/Foxboro Line,725,0,day_type_01,weekday,1/1/2024 17:10,Back Bay,2.0,141,6,810,14087
Fall 2024,CR-Franklin,Franklin/Foxboro Line,735,0,day_type_01,weekday,1/1/2024 23:55,South Station,1.0,35,0,35,14088
Fall 2024,CR-Franklin,Franklin/Foxboro Line,718,1,day_type_01,weekday,1/1/2024 14:17,South Station,14.0,0,34,0,14089
Fall 2024,CR-Franklin,Franklin/Foxboro Line,741,0,day_type_01,weekday,1/1/2024 6:33,Windsor Gardens,15.0,0,1,4,14090
Fall 2024,CR-Franklin,Franklin/Foxboro Line,728,1,day_type_01,weekday,1/1/2024 19:40,Islington,7.0,0,0,12,14091
Fall 2024,CR-Franklin,Franklin/Foxboro Line,746,1,day_type_01,weekday,1/1/2024 10:58,Islington,5.0,3,0,49,14092
Fall 2024,CR-Franklin,Franklin/Foxboro Line,746,1,day_type_01,weekday,1/1/2024 11:01,Dedham Corp Center,6.0,13,0,62,14093
Fall 2024,CR-Franklin,Franklin/Foxboro Line,746,1,day_type_01,weekday,1/1/2024 11:04,Endicott,7.0,6,0,68,14094
Fall 2024,CR-Franklin,Franklin/Foxboro Line,746,1,day_type_01,weekday,1/1/2024 11:08,Readville,8.0,14,13,69,14095
Fall 2024,CR-Franklin,Franklin/Foxboro Line,746,1,day_type_01,weekday,1/1/2024 11:19,Ruggles,9.0,1,12,58,14096
Fall 2024,CR-Franklin,Franklin/Foxboro Line,746,1,day_type_01,weekday,1/1/2024 11:23,Back Bay,10.0,1,15,44,14097
Fall 2024,CR-Franklin,Franklin/Foxboro Line,746,1,day_type_01,weekday,1/1/2024 11:29,South Station,11.0,0,44,0,14098
Fall 2024,CR-Franklin,Franklin/Foxboro Line,747,0,day_type_01,weekday,1/1/2024 10:35,South Station,1.0,22,0,22,14099
Fall 2024,CR-Franklin,Franklin/Foxboro Line,747,0,day_type_01,weekday,1/1/2024 10:40,Back Bay,2.0,9,2,29,14100
Fall 2024,CR-Franklin,Franklin/Foxboro Line,747,0,day_type_01,weekday,1/1/2024 10:43,Ruggles,3.0,6,1,34,14101
Fall 2024,CR-Franklin,Franklin/Foxboro Line,747,0,day_type_01,weekday,1/1/2024 10:51,Hyde Park,4.0,0,3,31,14102
Fall 2024,CR-Franklin,Franklin/Foxboro Line,747,0,day_type_01,weekday,1/1/2024 10:55,Readville,5.0,1,4,28,14103
Fall 2024,CR-Franklin,Franklin/Foxboro Line,747,0,day_type_01,weekday,1/1/2024 10:59,Endicott,6.0,0,3,25,14104
Fall 2024,CR-Franklin,Franklin/Foxboro Line,747,0,day_type_01,weekday,1/1/2024 11:01,Dedham Corp Center,7.0,1,3,23,14105
Fall 2024,CR-Franklin,Franklin/Foxboro Line,747,0,day_type_01,weekday,1/1/2024 11:04,Islington,8.0,0,1,22,14106
Fall 2024,CR-Franklin,Franklin/Foxboro Line,747,0,day_type_01,weekday,1/1/2024 11:07,Norwood Depot,9.0,0,1,21,14107
Fall 2024,CR-Franklin,Franklin/Foxboro Line,747,0,day_type_01,weekday,1/1/2024 11:09,Norwood Central,10.0,0,2,19,14108
Fall 2024,CR-Franklin,Franklin/Foxboro Line,747,0,day_type_01,weekday,1/1/2024 11:12,Windsor Gardens,11.0,0,1,18,14109
Fall 2024,CR-Franklin,Franklin/Foxboro Line,747,0,day_type_01,weekday,1/1/2024 11:29,Foxboro,12.0,0,18,0,14110
Fall 2024,CR-Franklin,Franklin/Foxboro Line,748,1,day_type_01,weekday,1/1/2024 12:31,Foxboro,1.0,6,0,6,14111
Fall 2024,CR-Franklin,Franklin/Foxboro Line,748,1,day_type_01,weekday,1/1/2024 12:44,Windsor Gardens,2.0,7,0,13,14112
Fall 2024,CR-Franklin,Franklin/Foxboro Line,748,1,day_type_01,weekday,1/1/2024 12:48,Norwood Central,3.0,5,0,18,14113
Fall 2024,CR-Franklin,Franklin/Foxboro Line,748,1,day_type_01,weekday,1/1/2024 12:50,Norwood Depot,4.0,7,0,25,14114
Fall 2024,CR-Franklin,Franklin/Foxboro Line,748,1,day_type_01,weekday,1/1/2024 12:53,Islington,5.0,0,0,25,14115
Fall 2024,CR-Franklin,Franklin/Foxboro Line,748,1,day_type_01,weekday,1/1/2024 12:56,Dedham Corp Center,6.0,7,1,31,14116
Fall 2024,CR-Franklin,Franklin/Foxboro Line,748,1,day_type_01,weekday,1/1/2024 12:59,Endicott,7.0,5,2,34,14117
Fall 2024,CR-Franklin,Franklin/Foxboro Line,748,1,day_type_01,weekday,1/1/2024 13:03,Readville,8.0,15,1,48,14118
Fall 2024,CR-Franklin,Franklin/Foxboro Line,748,1,day_type_01,weekday,1/1/2024 13:14,Ruggles,9.0,3,14,37,14119
Fall 2024,CR-Franklin,Franklin/Foxboro Line,748,1,day_type_01,weekday,1/1/2024 13:18,Back Bay,10.0,5,16,26,14120
Fall 2024,CR-Franklin,Franklin/Foxboro Line,748,1,day_type_01,weekday,1/1/2024 13:24,South Station,11.0,0,26,0,14121
Fall 2024,CR-Franklin,Franklin/Foxboro Line,749,0,day_type_01,weekday,1/1/2024 12:28,South Station,1.0,15,0,15,14122
Fall 2024,CR-Franklin,Franklin/Foxboro Line,749,0,day_type_01,weekday,1/1/2024 12:33,Back Bay,2.0,14,3,26,14123
Fall 2024,CR-Franklin,Franklin/Foxboro Line,749,0,day_type_01,weekday,1/1/2024 12:36,Ruggles,3.0,9,3,32,14124
Fall 2024,CR-Franklin,Franklin/Foxboro Line,749,0,day_type_01,weekday,1/1/2024 12:45,Readville,4.0,0,7,25,14125
Fall 2024,CR-Franklin,Franklin/Foxboro Line,749,0,day_type_01,weekday,1/1/2024 12:49,Endicott,5.0,0,5,20,14126
Fall 2024,CR-Franklin,Franklin/Foxboro Line,749,0,day_type_01,weekday,1/1/2024 12:51,Dedham Corp Center,6.0,0,4,16,14127
Fall 2024,CR-Franklin,Franklin/Foxboro Line,749,0,day_type_01,weekday,1/1/2024 12:54,Islington,7.0,0,1,15,14128
Fall 2024,CR-Franklin,Franklin/Foxboro Line,749,0,day_type_01,weekday,1/1/2024 12:57,Norwood Depot,8.0,0,4,11,14129
Fall 2024,CR-Franklin,Franklin/Foxboro Line,749,0,day_type_01,weekday,1/1/2024 12:59,Norwood Central,9.0,0,7,4,14130
Fall 2024,CR-Franklin,Franklin/Foxboro Line,749,0,day_type_01,weekday,1/1/2024 13:02,Windsor Gardens,10.0,0,2,2,14131
Fall 2024,CR-Franklin,Franklin/Foxboro Line,749,0,day_type_01,weekday,1/1/2024 13:19,Foxboro,11.0,1,3,0,14132
Fall 2024,CR-Franklin,Franklin/Foxboro Line,750,1,day_type_01,weekday,1/1/2024 14:09,Foxboro,1.0,0,0,0,14133
Fall 2024,CR-Franklin,Franklin/Foxboro Line,750,1,day_type_01,weekday,1/1/2024 14:22,Windsor Gardens,2.0,0,0,0,14134
Fall 2024,CR-Franklin,Franklin/Foxboro Line,750,1,day_type_01,weekday,1/1/2024 14:26,Norwood Central,3.0,0,0,0,14135
Fall 2024,CR-Franklin,Franklin/Foxboro Line,750,1,day_type_01,weekday,1/1/2024 14:28,Norwood Depot,4.0,0,0,0,14136
Fall 2024,CR-Franklin,Franklin/Foxboro Line,731,0,day_type_01,weekday,1/1/2024 20:49,Walpole,11.0,0,16,55,14137
Fall 2024,CR-Franklin,Franklin/Foxboro Line,725,0,day_type_01,weekday,1/1/2024 17:14,Ruggles,3.0,88,7,891,14138
Fall 2024,CR-Franklin,Franklin/Foxboro Line,735,0,day_type_01,weekday,1/1/2024 0:03,Newmarket,2.0,1,0,36,14139
Fall 2024,CR-Franklin,Franklin/Foxboro Line,728,1,day_type_01,weekday,1/1/2024 19:42,Dedham Corp Center,8.0,4,2,14,14140
Fall 2024,CR-Franklin,Franklin/Foxboro Line,741,0,day_type_01,weekday,1/1/2024 6:50,Foxboro,16.0,0,4,0,14141
Fall 2024,CR-Franklin,Franklin/Foxboro Line,725,0,day_type_01,weekday,1/1/2024 17:19,Forest Hills,4.0,4,64,831,14142
Fall 2024,CR-Franklin,Franklin/Foxboro Line,735,0,day_type_01,weekday,1/1/2024 0:05,Uphams Corner,3.0,1,1,36,14143
Fall 2024,CR-Franklin,Franklin/Foxboro Line,728,1,day_type_01,weekday,1/1/2024 19:45,Endicott,9.0,1,0,15,14144
Fall 2024,CR-Franklin,Franklin/Foxboro Line,731,0,day_type_01,weekday,1/1/2024 20:56,Norfolk,12.0,0,21,34,14145
Fall 2024,CR-Franklin,Franklin/Foxboro Line,735,0,day_type_01,weekday,1/1/2024 0:08,Four Corners/Geneva,4.0,1,2,35,14146
Fall 2024,CR-Franklin,Franklin/Foxboro Line,728,1,day_type_01,weekday,1/1/2024 19:52,Readville,10.0,6,1,20,14147
Fall 2024,CR-Franklin,Franklin/Foxboro Line,721,0,day_type_01,weekday,1/1/2024 15:20,South Station,1.0,123,0,123,14148
Fall 2024,CR-Franklin,Franklin/Foxboro Line,735,0,day_type_01,weekday,1/1/2024 0:11,Talbot Avenue,5.0,0,3,32,14149
Fall 2024,CR-Franklin,Franklin/Foxboro Line,731,0,day_type_01,weekday,1/1/2024 21:03,Franklin,13.0,0,13,21,14150
Fall 2024,CR-Franklin,Franklin/Foxboro Line,728,1,day_type_01,weekday,1/1/2024 19:55,Fairmount,11.0,6,1,25,14151
Fall 2024,CR-Franklin,Franklin/Foxboro Line,725,0,day_type_01,weekday,1/1/2024 17:24,Hyde Park,5.0,3,56,778,14152
Fall 2024,CR-Franklin,Franklin/Foxboro Line,721,0,day_type_01,weekday,1/1/2024 15:25,Back Bay,2.0,123,2,244,14153
Fall 2024,CR-Franklin,Franklin/Foxboro Line,735,0,day_type_01,weekday,1/1/2024 0:14,Morton Street,6.0,0,6,26,14154
Fall 2024,CR-Franklin,Franklin/Foxboro Line,742,1,day_type_01,weekday,1/1/2024 7:15,Foxboro,1.0,48,0,48,14155
Fall 2024,CR-Franklin,Franklin/Foxboro Line,731,0,day_type_01,weekday,1/1/2024 21:13,Forge Park/495,14.0,0,21,0,14156
Fall 2024,CR-Franklin,Franklin/Foxboro Line,728,1,day_type_01,weekday,1/1/2024 19:58,Blue Hill Avenue,12.0,4,5,24,14157
Fall 2024,CR-Franklin,Franklin/Foxboro Line,725,0,day_type_01,weekday,1/1/2024 17:28,Readville,6.0,12,36,754,14158
Fall 2024,CR-Franklin,Franklin/Foxboro Line,721,0,day_type_01,weekday,1/1/2024 15:28,Ruggles,3.0,57,2,299,14159
Fall 2024,CR-Franklin,Franklin/Foxboro Line,735,0,day_type_01,weekday,1/1/2024 0:16,Blue Hill Avenue,7.0,0,0,26,14160
Fall 2024,CR-Franklin,Franklin/Foxboro Line,742,1,day_type_01,weekday,1/1/2024 7:28,Windsor Gardens,2.0,26,2,72,14161
Fall 2024,CR-Franklin,Franklin/Foxboro Line,732,1,day_type_01,weekday,1/1/2024 21:28,Forge Park/495,1.0,4,0,4,14162
Fall 2024,CR-Franklin,Franklin/Foxboro Line,728,1,day_type_01,weekday,1/1/2024 20:00,Morton Street,13.0,2,4,22,14163
Fall 2024,CR-Franklin,Franklin/Foxboro Line,728,1,day_type_01,weekday,1/1/2024 20:03,Talbot Avenue,14.0,1,1,22,14164
Fall 2024,CR-Franklin,Franklin/Foxboro Line,728,1,day_type_01,weekday,1/1/2024 20:06,Four Corners/Geneva,15.0,6,4,24,14165
Fall 2024,CR-Franklin,Franklin/Foxboro Line,728,1,day_type_01,weekday,1/1/2024 20:09,Uphams Corner,16.0,0,4,20,14166
Fall 2024,CR-Franklin,Franklin/Foxboro Line,728,1,day_type_01,weekday,1/1/2024 20:11,Newmarket,17.0,0,0,20,14167
Fall 2024,CR-Franklin,Franklin/Foxboro Line,728,1,day_type_01,weekday,1/1/2024 20:25,South Station,18.0,0,19,1,14168
Fall 2024,CR-Franklin,Franklin/Foxboro Line,729,0,day_type_01,weekday,1/1/2024 18:35,South Station,1.0,282,0,282,14169
Fall 2024,CR-Franklin,Franklin/Foxboro Line,729,0,day_type_01,weekday,1/1/2024 18:40,Back Bay,2.0,65,6,341,14170
Fall 2024,CR-Franklin,Franklin/Foxboro Line,729,0,day_type_01,weekday,1/1/2024 18:43,Ruggles,3.0,36,6,371,14171
Fall 2024,CR-Franklin,Franklin/Foxboro Line,729,0,day_type_01,weekday,1/1/2024 18:48,Forest Hills,4.0,7,6,372,14172
Fall 2024,CR-Franklin,Franklin/Foxboro Line,729,0,day_type_01,weekday,1/1/2024 18:53,Hyde Park,5.0,0,23,349,14173
Fall 2024,CR-Franklin,Franklin/Foxboro Line,729,0,day_type_01,weekday,1/1/2024 18:57,Readville,6.0,3,16,336,14174
Fall 2024,CR-Franklin,Franklin/Foxboro Line,729,0,day_type_01,weekday,1/1/2024 19:01,Endicott,7.0,0,32,304,14175
Fall 2024,CR-Franklin,Franklin/Foxboro Line,729,0,day_type_01,weekday,1/1/2024 19:03,Dedham Corp Center,8.0,0,18,286,14176
Fall 2024,CR-Franklin,Franklin/Foxboro Line,729,0,day_type_01,weekday,1/1/2024 19:06,Islington,9.0,1,9,278,14177
Fall 2024,CR-Franklin,Franklin/Foxboro Line,729,0,day_type_01,weekday,1/1/2024 19:09,Norwood Depot,10.0,0,35,243,14178
Fall 2024,CR-Franklin,Franklin/Foxboro Line,729,0,day_type_01,weekday,1/1/2024 19:13,Norwood Central,11.0,3,49,197,14179
Fall 2024,CR-Franklin,Franklin/Foxboro Line,729,0,day_type_01,weekday,1/1/2024 19:17,Windsor Gardens,12.0,0,30,167,14180
Fall 2024,CR-Franklin,Franklin/Foxboro Line,729,0,day_type_01,weekday,1/1/2024 19:21,Walpole,13.0,0,46,121,14181
Fall 2024,CR-Franklin,Franklin/Foxboro Line,729,0,day_type_01,weekday,1/1/2024 19:28,Norfolk,14.0,0,13,108,14182
Fall 2024,CR-Franklin,Franklin/Foxboro Line,729,0,day_type_01,weekday,1/1/2024 19:35,Franklin,15.0,0,35,73,14183
Fall 2024,CR-Franklin,Franklin/Foxboro Line,729,0,day_type_01,weekday,1/1/2024 19:45,Forge Park/495,16.0,0,73,0,14184
Fall 2024,CR-Franklin,Franklin/Foxboro Line,730,1,day_type_01,weekday,1/1/2024 20:00,Forge Park/495,1.0,2,0,2,14185
Fall 2024,CR-Franklin,Franklin/Foxboro Line,730,1,day_type_01,weekday,1/1/2024 20:07,Franklin,2.0,3,0,5,14186
Fall 2024,CR-Franklin,Franklin/Foxboro Line,730,1,day_type_01,weekday,1/1/2024 20:14,Norfolk,3.0,0,0,5,14187
Fall 2024,CR-Franklin,Franklin/Foxboro Line,730,1,day_type_01,weekday,1/1/2024 20:21,Walpole,4.0,0,0,5,14188
Fall 2024,CR-Franklin,Franklin/Foxboro Line,730,1,day_type_01,weekday,1/1/2024 20:24,Windsor Gardens,5.0,2,0,7,14189
Fall 2024,CR-Franklin,Franklin/Foxboro Line,730,1,day_type_01,weekday,1/1/2024 20:28,Norwood Central,6.0,1,0,8,14190
Fall 2024,CR-Franklin,Franklin/Foxboro Line,730,1,day_type_01,weekday,1/1/2024 20:30,Norwood Depot,7.0,3,0,11,14191
Fall 2024,CR-Franklin,Franklin/Foxboro Line,730,1,day_type_01,weekday,1/1/2024 20:33,Islington,8.0,1,0,12,14192
Fall 2024,CR-Franklin,Franklin/Foxboro Line,730,1,day_type_01,weekday,1/1/2024 20:36,Dedham Corp Center,9.0,2,0,14,14193
Fall 2024,CR-Franklin,Franklin/Foxboro Line,730,1,day_type_01,weekday,1/1/2024 20:39,Endicott,10.0,0,0,14,14194
Fall 2024,CR-Franklin,Franklin/Foxboro Line,730,1,day_type_01,weekday,1/1/2024 20:43,Readville,11.0,10,0,24,14195
Fall 2024,CR-Franklin,Franklin/Foxboro Line,730,1,day_type_01,weekday,1/1/2024 20:54,Ruggles,12.0,3,14,13,14196
Fall 2024,CR-Franklin,Franklin/Foxboro Line,730,1,day_type_01,weekday,1/1/2024 20:58,Back Bay,13.0,2,3,12,14197
Fall 2024,CR-Franklin,Franklin/Foxboro Line,730,1,day_type_01,weekday,1/1/2024 21:04,South Station,14.0,0,14,-2,14198
Fall 2024,CR-Franklin,Franklin/Foxboro Line,731,0,day_type_01,weekday,1/1/2024 20:10,South Station,1.0,74,0,74,14199
Fall 2024,CR-Franklin,Franklin/Foxboro Line,731,0,day_type_01,weekday,1/1/2024 20:15,Back Bay,2.0,39,0,113,14200
Fall 2024,CR-Franklin,Franklin/Foxboro Line,731,0,day_type_01,weekday,1/1/2024 20:18,Ruggles,3.0,26,4,135,14201
Fall 2024,CR-Franklin,Franklin/Foxboro Line,725,0,day_type_01,weekday,1/1/2024 17:32,Endicott,7.0,0,47,707,14202
Fall 2024,CR-Franklin,Franklin/Foxboro Line,742,1,day_type_01,weekday,1/1/2024 7:32,Norwood Central,3.0,156,0,228,14203
Fall 2024,CR-Franklin,Franklin/Foxboro Line,732,1,day_type_01,weekday,1/1/2024 21:35,Franklin,2.0,0,0,4,14204
Fall 2024,CR-Franklin,Franklin/Foxboro Line,721,0,day_type_01,weekday,1/1/2024 15:33,Forest Hills,4.0,13,31,281,14205
Fall 2024,CR-Franklin,Franklin/Foxboro Line,725,0,day_type_01,weekday,1/1/2024 17:35,Dedham Corp Center,8.0,2,73,636,14206
Fall 2024,CR-Franklin,Franklin/Foxboro Line,721,0,day_type_01,weekday,1/1/2024 15:38,Hyde Park,5.0,0,10,271,14207
Fall 2024,CR-Franklin,Franklin/Foxboro Line,735,0,day_type_01,weekday,1/1/2024 0:19,Fairmount,8.0,0,3,23,14208
Fall 2024,CR-Franklin,Franklin/Foxboro Line,732,1,day_type_01,weekday,1/1/2024 21:42,Norfolk,3.0,2,0,6,14209
Fall 2024,CR-Franklin,Franklin/Foxboro Line,725,0,day_type_01,weekday,1/1/2024 17:38,Islington,9.0,3,38,601,14210
Fall 2024,CR-Franklin,Franklin/Foxboro Line,721,0,day_type_01,weekday,1/1/2024 15:42,Readville,6.0,2,12,261,14211
Fall 2024,CR-Franklin,Franklin/Foxboro Line,735,0,day_type_01,weekday,1/1/2024 0:23,Readville,9.0,2,7,18,14212
Fall 2024,CR-Franklin,Franklin/Foxboro Line,742,1,day_type_01,weekday,1/1/2024 7:35,Norwood Depot,4.0,67,0,295,14213
Fall 2024,CR-Franklin,Franklin/Foxboro Line,732,1,day_type_01,weekday,1/1/2024 21:49,Walpole,4.0,3,0,9,14214
Fall 2024,CR-Franklin,Franklin/Foxboro Line,725,0,day_type_01,weekday,1/1/2024 17:41,Norwood Depot,10.0,8,77,532,14215
Fall 2024,CR-Franklin,Franklin/Foxboro Line,721,0,day_type_01,weekday,1/1/2024 15:46,Endicott,7.0,1,15,247,14216
Fall 2024,CR-Franklin,Franklin/Foxboro Line,735,0,day_type_01,weekday,1/1/2024 0:29,Endicott,10.0,0,0,18,14217
Fall 2024,CR-Franklin,Franklin/Foxboro Line,742,1,day_type_01,weekday,1/1/2024 7:38,Islington,5.0,19,0,314,14218
Fall 2024,CR-Franklin,Franklin/Foxboro Line,732,1,day_type_01,weekday,1/1/2024 21:52,Windsor Gardens,5.0,0,2,7,14219
Fall 2024,CR-Franklin,Franklin/Foxboro Line,725,0,day_type_01,weekday,1/1/2024 17:45,Norwood Central,11.0,1,149,384,14220
Fall 2024,CR-Franklin,Franklin/Foxboro Line,721,0,day_type_01,weekday,1/1/2024 15:48,Dedham Corp Center,8.0,3,15,235,14221
Fall 2024,CR-Franklin,Franklin/Foxboro Line,735,0,day_type_01,weekday,1/1/2024 0:31,Dedham Corp Center,11.0,1,3,16,14222
Fall 2024,CR-Franklin,Franklin/Foxboro Line,742,1,day_type_01,weekday,1/1/2024 7:41,Dedham Corp Center,6.0,70,0,384,14223
Fall 2024,CR-Franklin,Franklin/Foxboro Line,732,1,day_type_01,weekday,1/1/2024 21:55,Norwood Central,6.0,0,0,7,14224
Fall 2024,CR-Franklin,Franklin/Foxboro Line,725,0,day_type_01,weekday,1/1/2024 17:49,Windsor Gardens,12.0,0,15,369,14225
Fall 2024,CR-Franklin,Franklin/Foxboro Line,721,0,day_type_01,weekday,1/1/2024 15:51,Islington,9.0,6,13,228,14226
Fall 2024,CR-Franklin,Franklin/Foxboro Line,735,0,day_type_01,weekday,1/1/2024 0:34,Islington,12.0,0,1,15,14227
Fall 2024,CR-Franklin,Franklin/Foxboro Line,742,1,day_type_01,weekday,1/1/2024 7:44,Endicott,7.0,48,0,432,14228
Fall 2024,CR-Franklin,Franklin/Foxboro Line,732,1,day_type_01,weekday,1/1/2024 21:57,Norwood Depot,7.0,0,0,7,14229
Fall 2024,CR-Franklin,Franklin/Foxboro Line,725,0,day_type_01,weekday,1/1/2024 17:53,Walpole,13.0,1,98,272,14230
Fall 2024,CR-Franklin,Franklin/Foxboro Line,721,0,day_type_01,weekday,1/1/2024 15:55,Norwood Depot,10.0,3,28,203,14231
Fall 2024,CR-Franklin,Franklin/Foxboro Line,735,0,day_type_01,weekday,1/1/2024 0:37,Norwood Depot,13.0,0,4,11,14232
Fall 2024,CR-Franklin,Franklin/Foxboro Line,742,1,day_type_01,weekday,1/1/2024 7:48,Readville,8.0,60,1,491,14233
Fall 2024,CR-Franklin,Franklin/Foxboro Line,742,1,day_type_01,weekday,1/1/2024 7:58,Forest Hills,9.0,46,1,536,14234
Fall 2024,CR-Franklin,Franklin/Foxboro Line,742,1,day_type_01,weekday,1/1/2024 8:03,Ruggles,10.0,16,80,472,14235
Fall 2024,CR-Franklin,Franklin/Foxboro Line,742,1,day_type_01,weekday,1/1/2024 8:07,Back Bay,11.0,18,149,341,14236
Fall 2024,CR-Franklin,Franklin/Foxboro Line,742,1,day_type_01,weekday,1/1/2024 8:13,South Station,12.0,0,341,0,14237
Fall 2024,CR-Franklin,Franklin/Foxboro Line,743,0,day_type_01,weekday,1/1/2024 7:20,South Station,1.0,26,0,26,14238
Fall 2024,CR-Franklin,Franklin/Foxboro Line,743,0,day_type_01,weekday,1/1/2024 7:25,Back Bay,2.0,11,17,20,14239
Fall 2024,CR-Franklin,Franklin/Foxboro Line,743,0,day_type_01,weekday,1/1/2024 7:28,Ruggles,3.0,22,9,33,14240
Fall 2024,CR-Franklin,Franklin/Foxboro Line,743,0,day_type_01,weekday,1/1/2024 7:37,Readville,4.0,11,1,43,14241
Fall 2024,CR-Franklin,Franklin/Foxboro Line,743,0,day_type_01,weekday,1/1/2024 7:41,Endicott,5.0,1,2,42,14242
Fall 2024,CR-Franklin,Franklin/Foxboro Line,743,0,day_type_01,weekday,1/1/2024 7:43,Dedham Corp Center,6.0,1,7,36,14243
Fall 2024,CR-Franklin,Franklin/Foxboro Line,743,0,day_type_01,weekday,1/1/2024 7:46,Islington,7.0,0,2,34,14244
Fall 2024,CR-Franklin,Franklin/Foxboro Line,743,0,day_type_01,weekday,1/1/2024 7:49,Norwood Depot,8.0,0,7,27,14245
Fall 2024,CR-Franklin,Franklin/Foxboro Line,743,0,day_type_01,weekday,1/1/2024 7:53,Norwood Central,9.0,0,5,22,14246
Fall 2024,CR-Franklin,Franklin/Foxboro Line,743,0,day_type_01,weekday,1/1/2024 7:58,Windsor Gardens,10.0,0,2,20,14247
Fall 2024,CR-Franklin,Franklin/Foxboro Line,743,0,day_type_01,weekday,1/1/2024 8:15,Foxboro,11.0,0,20,0,14248
Fall 2024,CR-Franklin,Franklin/Foxboro Line,744,1,day_type_01,weekday,1/1/2024 8:45,Foxboro,1.0,30,0,30,14249
Fall 2024,CR-Franklin,Franklin/Foxboro Line,744,1,day_type_01,weekday,1/1/2024 8:58,Windsor Gardens,2.0,19,0,49,14250
Fall 2024,CR-Franklin,Franklin/Foxboro Line,744,1,day_type_01,weekday,1/1/2024 9:02,Norwood Central,3.0,29,0,78,14251
Fall 2024,CR-Franklin,Franklin/Foxboro Line,744,1,day_type_01,weekday,1/1/2024 9:04,Norwood Depot,4.0,25,1,102,14252
Fall 2024,CR-Franklin,Franklin/Foxboro Line,744,1,day_type_01,weekday,1/1/2024 9:07,Islington,5.0,4,0,106,14253
Fall 2024,CR-Franklin,Franklin/Foxboro Line,744,1,day_type_01,weekday,1/1/2024 9:10,Dedham Corp Center,6.0,18,1,123,14254
Fall 2024,CR-Franklin,Franklin/Foxboro Line,744,1,day_type_01,weekday,1/1/2024 9:13,Endicott,7.0,12,1,134,14255
Fall 2024,CR-Franklin,Franklin/Foxboro Line,744,1,day_type_01,weekday,1/1/2024 9:17,Readville,8.0,12,2,144,14256
Fall 2024,CR-Franklin,Franklin/Foxboro Line,744,1,day_type_01,weekday,1/1/2024 9:29,Ruggles,9.0,2,31,115,14257
Fall 2024,CR-Franklin,Franklin/Foxboro Line,744,1,day_type_01,weekday,1/1/2024 9:33,Back Bay,10.0,3,50,68,14258
Fall 2024,CR-Franklin,Franklin/Foxboro Line,744,1,day_type_01,weekday,1/1/2024 9:39,South Station,11.0,0,68,0,14259
Fall 2024,CR-Franklin,Franklin/Foxboro Line,745,0,day_type_01,weekday,1/1/2024 8:43,South Station,1.0,33,0,33,14260
Fall 2024,CR-Franklin,Franklin/Foxboro Line,745,0,day_type_01,weekday,1/1/2024 8:48,Back Bay,2.0,11,14,30,14261
Fall 2024,CR-Franklin,Franklin/Foxboro Line,745,0,day_type_01,weekday,1/1/2024 8:51,Ruggles,3.0,9,9,30,14262
Fall 2024,CR-Franklin,Franklin/Foxboro Line,745,0,day_type_01,weekday,1/1/2024 9:01,Readville,4.0,4,3,31,14263
Fall 2024,CR-Franklin,Franklin/Foxboro Line,745,0,day_type_01,weekday,1/1/2024 9:06,Endicott,5.0,0,0,31,14264
Fall 2024,CR-Franklin,Franklin/Foxboro Line,745,0,day_type_01,weekday,1/1/2024 9:09,Dedham Corp Center,6.0,0,12,19,14265
Fall 2024,CR-Franklin,Franklin/Foxboro Line,745,0,day_type_01,weekday,1/1/2024 9:12,Islington,7.0,0,1,18,14266
Fall 2024,CR-Franklin,Franklin/Foxboro Line,745,0,day_type_01,weekday,1/1/2024 9:15,Norwood Depot,8.0,0,0,18,14267
Fall 2024,CR-Franklin,Franklin/Foxboro Line,745,0,day_type_01,weekday,1/1/2024 9:17,Norwood Central,9.0,0,12,6,14268
Fall 2024,CR-Franklin,Franklin/Foxboro Line,745,0,day_type_01,weekday,1/1/2024 9:20,Windsor Gardens,10.0,0,1,5,14269
Fall 2024,CR-Franklin,Franklin/Foxboro Line,732,1,day_type_01,weekday,1/1/2024 22:00,Islington,8.0,1,0,8,14270
Fall 2024,CR-Franklin,Franklin/Foxboro Line,725,0,day_type_01,weekday,1/1/2024 18:00,Norfolk,14.0,0,124,148,14271
Fall 2024,CR-Franklin,Franklin/Foxboro Line,735,0,day_type_01,weekday,1/1/2024 0:39,Norwood Central,14.0,0,6,5,14272
Fall 2024,CR-Franklin,Franklin/Foxboro Line,732,1,day_type_01,weekday,1/1/2024 22:03,Dedham Corp Center,9.0,0,0,8,14273
Fall 2024,CR-Franklin,Franklin/Foxboro Line,735,0,day_type_01,weekday,1/1/2024 0:42,Windsor Gardens,15.0,0,2,3,14274
Fall 2024,CR-Franklin,Franklin/Foxboro Line,721,0,day_type_01,weekday,1/1/2024 15:58,Norwood Central,11.0,0,40,163,14275
Fall 2024,CR-Franklin,Franklin/Foxboro Line,725,0,day_type_01,weekday,1/1/2024 18:07,Franklin,15.0,0,93,55,14276
Fall 2024,CR-Franklin,Franklin/Foxboro Line,732,1,day_type_01,weekday,1/1/2024 22:06,Endicott,10.0,5,0,13,14277
Fall 2024,CR-Franklin,Franklin/Foxboro Line,735,0,day_type_01,weekday,1/1/2024 0:47,Walpole,16.0,0,0,3,14278
Fall 2024,CR-Franklin,Franklin/Foxboro Line,721,0,day_type_01,weekday,1/1/2024 16:02,Windsor Gardens,12.0,0,7,156,14279
Fall 2024,CR-Franklin,Franklin/Foxboro Line,725,0,day_type_01,weekday,1/1/2024 18:17,Forge Park/495,16.0,0,54,1,14280
Fall 2024,CR-Franklin,Franklin/Foxboro Line,732,1,day_type_01,weekday,1/1/2024 22:10,Readville,11.0,3,0,16,14281
Fall 2024,CR-Franklin,Franklin/Foxboro Line,735,0,day_type_01,weekday,1/1/2024 0:54,Norfolk,17.0,0,0,3,14282
Fall 2024,CR-Franklin,Franklin/Foxboro Line,721,0,day_type_01,weekday,1/1/2024 16:06,Walpole,13.0,4,22,138,14283
Fall 2024,CR-Franklin,Franklin/Foxboro Line,726,1,day_type_01,weekday,1/1/2024 16:51,Forge Park/495,1.0,9,0,9,14284
Fall 2024,CR-Franklin,Franklin/Foxboro Line,732,1,day_type_01,weekday,1/1/2024 22:13,Fairmount,12.0,1,0,17,14285
Fall 2024,CR-Franklin,Franklin/Foxboro Line,735,0,day_type_01,weekday,1/1/2024 1:01,Franklin,18.0,0,1,2,14286
Fall 2024,CR-Franklin,Franklin/Foxboro Line,721,0,day_type_01,weekday,1/1/2024 16:13,Norfolk,14.0,2,37,103,14287
Fall 2024,CR-Franklin,Franklin/Foxboro Line,726,1,day_type_01,weekday,1/1/2024 16:58,Franklin,2.0,6,0,15,14288
Fall 2024,CR-Franklin,Franklin/Foxboro Line,732,1,day_type_01,weekday,1/1/2024 22:16,Blue Hill Avenue,13.0,2,1,18,14289
Fall 2024,CR-Franklin,Franklin/Foxboro Line,735,0,day_type_01,weekday,1/1/2024 1:11,Forge Park/495,19.0,0,2,0,14290
Fall 2024,CR-Franklin,Franklin/Foxboro Line,721,0,day_type_01,weekday,1/1/2024 16:20,Franklin,15.0,1,57,47,14291
Fall 2024,CR-Franklin,Franklin/Foxboro Line,726,1,day_type_01,weekday,1/1/2024 17:05,Norfolk,3.0,1,0,16,14292
Fall 2024,CR-Franklin,Franklin/Foxboro Line,732,1,day_type_01,weekday,1/1/2024 22:18,Morton Street,14.0,0,0,18,14293
Fall 2024,CR-Franklin,Franklin/Foxboro Line,740,1,day_type_01,weekday,1/1/2024 5:57,Foxboro,1.0,13,0,13,14294
Fall 2024,CR-Franklin,Franklin/Foxboro Line,721,0,day_type_01,weekday,1/1/2024 16:30,Forge Park/495,16.0,0,47,0,14295
Fall 2024,CR-Franklin,Franklin/Foxboro Line,726,1,day_type_01,weekday,1/1/2024 17:21,Walpole,4.0,9,0,25,14296
Fall 2024,CR-Franklin,Franklin/Foxboro Line,732,1,day_type_01,weekday,1/1/2024 22:21,Talbot Avenue,15.0,1,2,17,14297
Fall 2024,CR-Franklin,Franklin/Foxboro Line,740,1,day_type_01,weekday,1/1/2024 6:10,Windsor Gardens,2.0,4,0,17,14298
Fall 2024,CR-Franklin,Franklin/Foxboro Line,722,1,day_type_01,weekday,1/1/2024 15:25,Forge Park/495,1.0,12,0,12,14299
Fall 2024,CR-Franklin,Franklin/Foxboro Line,726,1,day_type_01,weekday,1/1/2024 17:24,Windsor Gardens,5.0,5,3,27,14300
Fall 2024,CR-Franklin,Franklin/Foxboro Line,732,1,day_type_01,weekday,1/1/2024 22:24,Four Corners/Geneva,16.0,2,1,18,14301
Fall 2024,CR-Franklin,Franklin/Foxboro Line,740,1,day_type_01,weekday,1/1/2024 6:14,Norwood Central,3.0,16,0,33,14302
Fall 2024,CR-Franklin,Franklin/Foxboro Line,722,1,day_type_01,weekday,1/1/2024 15:32,Franklin,2.0,15,0,27,14303
Fall 2024,CR-Franklin,Franklin/Foxboro Line,722,1,day_type_01,weekday,1/1/2024 15:39,Norfolk,3.0,6,0,33,14304
Fall 2024,CR-Franklin,Franklin/Foxboro Line,722,1,day_type_01,weekday,1/1/2024 15:46,Walpole,4.0,8,1,40,14305
Fall 2024,CR-Franklin,Franklin/Foxboro Line,722,1,day_type_01,weekday,1/1/2024 15:49,Windsor Gardens,5.0,9,1,48,14306
Fall 2024,CR-Franklin,Franklin/Foxboro Line,722,1,day_type_01,weekday,1/1/2024 15:53,Norwood Central,6.0,12,1,59,14307
Fall 2024,CR-Franklin,Franklin/Foxboro Line,722,1,day_type_01,weekday,1/1/2024 15:55,Norwood Depot,7.0,7,1,65,14308
Fall 2024,CR-Franklin,Franklin/Foxboro Line,722,1,day_type_01,weekday,1/1/2024 15:58,Islington,8.0,4,0,69,14309
Fall 2024,CR-Franklin,Franklin/Foxboro Line,722,1,day_type_01,weekday,1/1/2024 16:01,Dedham Corp Center,9.0,15,2,82,14310
Fall 2024,CR-Franklin,Franklin/Foxboro Line,722,1,day_type_01,weekday,1/1/2024 16:04,Endicott,10.0,6,1,87,14311
Fall 2024,CR-Franklin,Franklin/Foxboro Line,722,1,day_type_01,weekday,1/1/2024 16:08,Readville,11.0,12,5,94,14312
Fall 2024,CR-Franklin,Franklin/Foxboro Line,722,1,day_type_01,weekday,1/1/2024 16:19,Ruggles,12.0,34,15,113,14313
Fall 2024,CR-Franklin,Franklin/Foxboro Line,722,1,day_type_01,weekday,1/1/2024 16:23,Back Bay,13.0,14,56,71,14314
Fall 2024,CR-Franklin,Franklin/Foxboro Line,722,1,day_type_01,weekday,1/1/2024 16:29,South Station,14.0,0,71,0,14315
Fall 2024,CR-Franklin,Franklin/Foxboro Line,723,0,day_type_01,weekday,1/1/2024 16:27,South Station,1.0,703,0,703,14316
Fall 2024,CR-Franklin,Franklin/Foxboro Line,723,0,day_type_01,weekday,1/1/2024 16:32,Back Bay,2.0,234,8,929,14317
Fall 2024,CR-Franklin,Franklin/Foxboro Line,723,0,day_type_01,weekday,1/1/2024 16:36,Ruggles,3.0,107,0,1036,14318
Fall 2024,CR-Franklin,Franklin/Foxboro Line,723,0,day_type_01,weekday,1/1/2024 16:41,Forest Hills,4.0,6,25,1017,14319
Fall 2024,CR-Franklin,Franklin/Foxboro Line,723,0,day_type_01,weekday,1/1/2024 16:46,Hyde Park,5.0,3,39,981,14320
Fall 2024,CR-Franklin,Franklin/Foxboro Line,723,0,day_type_01,weekday,1/1/2024 16:50,Readville,6.0,3,47,937,14321
Fall 2024,CR-Franklin,Franklin/Foxboro Line,723,0,day_type_01,weekday,1/1/2024 16:54,Endicott,7.0,1,43,895,14322
Fall 2024,CR-Franklin,Franklin/Foxboro Line,723,0,day_type_01,weekday,1/1/2024 16:57,Dedham Corp Center,8.0,2,81,816,14323
Fall 2024,CR-Franklin,Franklin/Foxboro Line,723,0,day_type_01,weekday,1/1/2024 17:00,Islington,9.0,0,22,794,14324
Fall 2024,CR-Franklin,Franklin/Foxboro Line,723,0,day_type_01,weekday,1/1/2024 17:03,Norwood Depot,10.0,6,33,767,14325
Fall 2024,CR-Franklin,Franklin/Foxboro Line,723,0,day_type_01,weekday,1/1/2024 17:07,Norwood Central,11.0,2,94,675,14326
Fall 2024,CR-Franklin,Franklin/Foxboro Line,723,0,day_type_01,weekday,1/1/2024 17:11,Windsor Gardens,12.0,0,14,661,14327
Fall 2024,CR-Franklin,Franklin/Foxboro Line,723,0,day_type_01,weekday,1/1/2024 17:15,Walpole,13.0,0,108,553,14328
Fall 2024,CR-Franklin,Franklin/Foxboro Line,726,1,day_type_01,weekday,1/1/2024 17:28,Norwood Central,6.0,14,2,39,14329
Fall 2024,CR-Franklin,Franklin/Foxboro Line,740,1,day_type_01,weekday,1/1/2024 6:16,Norwood Depot,4.0,13,0,46,14330
Fall 2024,CR-Franklin,Franklin/Foxboro Line,732,1,day_type_01,weekday,1/1/2024 22:27,Uphams Corner,17.0,0,2,16,14331
Fall 2024,CR-Franklin,Franklin/Foxboro Line,726,1,day_type_01,weekday,1/1/2024 17:30,Norwood Depot,7.0,11,1,49,14332
Fall 2024,CR-Franklin,Franklin/Foxboro Line,740,1,day_type_01,weekday,1/1/2024 6:19,Islington,5.0,3,0,49,14333
Fall 2024,CR-Franklin,Franklin/Foxboro Line,732,1,day_type_01,weekday,1/1/2024 22:29,Newmarket,18.0,0,1,15,14334
Fall 2024,CR-Franklin,Franklin/Foxboro Line,726,1,day_type_01,weekday,1/1/2024 17:34,Islington,8.0,0,0,49,14335
Fall 2024,CR-Franklin,Franklin/Foxboro Line,740,1,day_type_01,weekday,1/1/2024 6:22,Dedham Corp Center,6.0,13,2,60,14336
Fall 2024,CR-Franklin,Franklin/Foxboro Line,726,1,day_type_01,weekday,1/1/2024 17:36,Dedham Corp Center,9.0,21,3,67,14337
Fall 2024,CR-Franklin,Franklin/Foxboro Line,732,1,day_type_01,weekday,1/1/2024 22:40,South Station,19.0,0,15,0,14338
Fall 2024,CR-Franklin,Franklin/Foxboro Line,740,1,day_type_01,weekday,1/1/2024 6:25,Endicott,7.0,7,0,67,14339
Fall 2024,CR-Franklin,Franklin/Foxboro Line,733,0,day_type_01,weekday,1/1/2024 22:10,South Station,1.0,25,0,25,14340
Fall 2024,CR-Franklin,Franklin/Foxboro Line,740,1,day_type_01,weekday,1/1/2024 6:30,Readville,8.0,20,0,87,14341
Fall 2024,CR-Franklin,Franklin/Foxboro Line,733,0,day_type_01,weekday,1/1/2024 22:15,Back Bay,2.0,24,1,48,14342
Fall 2024,CR-Franklin,Franklin/Foxboro Line,740,1,day_type_01,weekday,1/1/2024 6:33,Fairmount,9.0,42,2,127,14343
Fall 2024,CR-Franklin,Franklin/Foxboro Line,733,0,day_type_01,weekday,1/1/2024 22:18,Ruggles,3.0,17,1,64,14344
Fall 2024,CR-Franklin,Franklin/Foxboro Line,726,1,day_type_01,weekday,1/1/2024 17:39,Endicott,10.0,4,1,70,14345
Fall 2024,CR-Franklin,Franklin/Foxboro Line,740,1,day_type_01,weekday,1/1/2024 6:36,Blue Hill Avenue,10.0,36,0,163,14346
Fall 2024,CR-Franklin,Franklin/Foxboro Line,733,0,day_type_01,weekday,1/1/2024 22:27,Readville,4.0,1,9,56,14347
Fall 2024,CR-Franklin,Franklin/Foxboro Line,726,1,day_type_01,weekday,1/1/2024 17:43,Readville,11.0,3,8,65,14348
Fall 2024,CR-Franklin,Franklin/Foxboro Line,740,1,day_type_01,weekday,1/1/2024 6:38,Morton Street,11.0,32,1,194,14349
Fall 2024,CR-Franklin,Franklin/Foxboro Line,733,0,day_type_01,weekday,1/1/2024 22:31,Endicott,5.0,2,6,52,14350
Fall 2024,CR-Franklin,Franklin/Foxboro Line,726,1,day_type_01,weekday,1/1/2024 17:56,Ruggles,12.0,12,20,57,14351
Fall 2024,CR-Franklin,Franklin/Foxboro Line,740,1,day_type_01,weekday,1/1/2024 6:41,Talbot Avenue,12.0,29,0,223,14352
Fall 2024,CR-Franklin,Franklin/Foxboro Line,733,0,day_type_01,weekday,1/1/2024 22:33,Dedham Corp Center,6.0,9,0,61,14353
Fall 2024,CR-Franklin,Franklin/Foxboro Line,726,1,day_type_01,weekday,1/1/2024 18:00,Back Bay,13.0,55,21,91,14354
Fall 2024,CR-Franklin,Franklin/Foxboro Line,740,1,day_type_01,weekday,1/1/2024 6:44,Four Corners/Geneva,13.0,27,2,248,14355
Fall 2024,CR-Franklin,Franklin/Foxboro Line,733,0,day_type_01,weekday,1/1/2024 22:36,Islington,7.0,0,3,58,14356
Fall 2024,CR-Franklin,Franklin/Foxboro Line,726,1,day_type_01,weekday,1/1/2024 18:06,South Station,14.0,0,92,-1,14357
Fall 2024,CR-Franklin,Franklin/Foxboro Line,740,1,day_type_01,weekday,1/1/2024 6:47,Uphams Corner,14.0,16,6,258,14358
Fall 2024,CR-Franklin,Franklin/Foxboro Line,733,0,day_type_01,weekday,1/1/2024 22:39,Norwood Depot,8.0,8,0,66,14359
Fall 2024,CR-Franklin,Franklin/Foxboro Line,727,0,day_type_01,weekday,1/1/2024 17:50,South Station,1.0,309,0,309,14360
Fall 2024,CR-Franklin,Franklin/Foxboro Line,740,1,day_type_01,weekday,1/1/2024 6:49,Newmarket,15.0,3,13,248,14361
Fall 2024,CR-Franklin,Franklin/Foxboro Line,733,0,day_type_01,weekday,1/1/2024 22:41,Norwood Central,9.0,0,15,51,14362
Fall 2024,CR-Franklin,Franklin/Foxboro Line,727,0,day_type_01,weekday,1/1/2024 17:55,Back Bay,2.0,49,6,352,14363
Fall 2024,CR-Franklin,Franklin/Foxboro Line,740,1,day_type_01,weekday,1/1/2024 7:00,South Station,16.0,0,248,0,14364
Fall 2024,CR-Franklin,Franklin/Foxboro Line,733,0,day_type_01,weekday,1/1/2024 22:44,Windsor Gardens,10.0,0,8,43,14365
Fall 2024,CR-Franklin,Franklin/Foxboro Line,727,0,day_type_01,weekday,1/1/2024 17:59,Ruggles,3.0,71,12,411,14366
Fall 2024,CR-Franklin,Franklin/Foxboro Line,741,0,day_type_01,weekday,1/1/2024 5:47,South Station,1.0,8,0,8,14367
Fall 2024,CR-Franklin,Franklin/Foxboro Line,733,0,day_type_01,weekday,1/1/2024 22:49,Walpole,11.0,0,11,32,14368
Fall 2024,CR-Franklin,Franklin/Foxboro Line,727,0,day_type_01,weekday,1/1/2024 18:04,Forest Hills,4.0,51,56,406,14369
Fall 2024,CR-Franklin,Franklin/Foxboro Line,733,0,day_type_01,weekday,1/1/2024 22:56,Norfolk,12.0,0,11,21,14370
Fall 2024,CR-Franklin,Franklin/Foxboro Line,741,0,day_type_01,weekday,1/1/2024 5:55,Newmarket,2.0,2,0,10,14371
Fall 2024,CR-Franklin,Franklin/Foxboro Line,741,0,day_type_01,weekday,1/1/2024 5:57,Uphams Corner,3.0,5,0,15,14372
Fall 2024,CR-Franklin,Franklin/Foxboro Line,741,0,day_type_01,weekday,1/1/2024 6:00,Four Corners/Geneva,4.0,2,0,17,14373
Fall 2024,CR-Franklin,Franklin/Foxboro Line,741,0,day_type_01,weekday,1/1/2024 6:03,Talbot Avenue,5.0,1,1,17,14374
Fall 2024,CR-Franklin,Franklin/Foxboro Line,741,0,day_type_01,weekday,1/1/2024 6:06,Morton Street,6.0,4,1,20,14375
Fall 2024,CR-Franklin,Franklin/Foxboro Line,741,0,day_type_01,weekday,1/1/2024 6:08,Blue Hill Avenue,7.0,3,1,22,14376
Fall 2024,CR-Franklin,Franklin/Foxboro Line,741,0,day_type_01,weekday,1/1/2024 6:11,Fairmount,8.0,0,3,19,14377
Fall 2024,CR-Franklin,Franklin/Foxboro Line,741,0,day_type_01,weekday,1/1/2024 6:17,Readville,9.0,2,8,13,14378
Fall 2024,CR-Franklin,Franklin/Foxboro Line,733,0,day_type_01,weekday,1/1/2024 23:03,Franklin,13.0,0,14,7,14379
Fall 2024,CR-Franklin,Franklin/Foxboro Line,741,0,day_type_01,weekday,1/1/2024 6:21,Endicott,10.0,0,0,13,14380
Fall 2024,CR-Franklin,Franklin/Foxboro Line,733,0,day_type_01,weekday,1/1/2024 23:13,Forge Park/495,14.0,0,7,0,14381
Fall 2024,CR-Franklin,Franklin/Foxboro Line,727,0,day_type_01,weekday,1/1/2024 18:07,Hyde Park,5.0,8,17,397,14382
Fall 2024,CR-Franklin,Franklin/Foxboro Line,734,1,day_type_01,weekday,1/1/2024 23:28,Forge Park/495,1.0,0,0,0,14383
Fall 2024,CR-Franklin,Franklin/Foxboro Line,727,0,day_type_01,weekday,1/1/2024 18:11,Readville,6.0,10,15,392,14384
Fall 2024,CR-Franklin,Franklin/Foxboro Line,734,1,day_type_01,weekday,1/1/2024 23:35,Franklin,2.0,0,0,0,14385
Fall 2024,CR-Franklin,Franklin/Foxboro Line,727,0,day_type_01,weekday,1/1/2024 18:15,Endicott,7.0,0,17,375,14386
Fall 2024,CR-Franklin,Franklin/Foxboro Line,734,1,day_type_01,weekday,1/1/2024 23:42,Norfolk,3.0,0,0,0,14387
Fall 2024,CR-Franklin,Franklin/Foxboro Line,727,0,day_type_01,weekday,1/1/2024 18:18,Dedham Corp Center,8.0,1,32,344,14388
Fall 2024,CR-Franklin,Franklin/Foxboro Line,734,1,day_type_01,weekday,1/1/2024 23:49,Walpole,4.0,0,0,0,14389
Fall 2024,CR-Franklin,Franklin/Foxboro Line,727,0,day_type_01,weekday,1/1/2024 18:21,Islington,9.0,1,8,337,14390
Fall 2024,CR-Franklin,Franklin/Foxboro Line,734,1,day_type_01,weekday,1/1/2024 23:52,Windsor Gardens,5.0,0,0,0,14391
Fall 2024,CR-Franklin,Franklin/Foxboro Line,727,0,day_type_01,weekday,1/1/2024 18:24,Norwood Depot,10.0,2,26,313,14392
Fall 2024,CR-Franklin,Franklin/Foxboro Line,734,1,day_type_01,weekday,1/1/2024 23:55,Norwood Central,6.0,0,0,0,14393
Fall 2024,CR-Franklin,Franklin/Foxboro Line,727,0,day_type_01,weekday,1/1/2024 18:28,Norwood Central,11.0,0,58,255,14394
Fall 2024,CR-Franklin,Franklin/Foxboro Line,727,0,day_type_01,weekday,1/1/2024 18:32,Windsor Gardens,12.0,0,7,248,14395
Fall 2024,CR-Franklin,Franklin/Foxboro Line,727,0,day_type_01,weekday,1/1/2024 18:36,Walpole,13.0,0,58,190,14396
Fall 2024,CR-Franklin,Franklin/Foxboro Line,727,0,day_type_01,weekday,1/1/2024 18:43,Norfolk,14.0,0,78,112,14397
Fall 2024,CR-Franklin,Franklin/Foxboro Line,727,0,day_type_01,weekday,1/1/2024 18:50,Franklin,15.0,0,50,62,14398
Fall 2024,CR-Franklin,Franklin/Foxboro Line,727,0,day_type_01,weekday,1/1/2024 19:00,Forge Park/495,16.0,0,62,0,14399
Fall 2024,CR-Franklin,Franklin/Foxboro Line,728,1,day_type_01,weekday,1/1/2024 19:04,Franklin,1.0,6,1,6,14400
Fall 2024,CR-Providence,Providence/Stoughton Line,819,0,day_type_01,weekday,1/1/2024 14:39,Route 128,4.0,15,14,341,14401
Fall 2024,CR-Providence,Providence/Stoughton Line,801,0,day_type_01,weekday,1/1/2024 4:20,South Station,1.0,12,0,12,14402
Fall 2024,CR-Providence,Providence/Stoughton Line,819,0,day_type_01,weekday,1/1/2024 14:45,Canton Junction,5.0,6,23,324,14403
Fall 2024,CR-Providence,Providence/Stoughton Line,801,0,day_type_01,weekday,1/1/2024 4:25,Back Bay,2.0,2,0,14,14404
Fall 2024,CR-Providence,Providence/Stoughton Line,819,0,day_type_01,weekday,1/1/2024 14:51,Sharon,6.0,0,37,287,14405
Fall 2024,CR-Providence,Providence/Stoughton Line,801,0,day_type_01,weekday,1/1/2024 4:28,Ruggles,3.0,2,0,16,14406
Fall 2024,CR-Providence,Providence/Stoughton Line,819,0,day_type_01,weekday,1/1/2024 14:59,Mansfield,7.0,12,76,223,14407
Fall 2024,CR-Providence,Providence/Stoughton Line,801,0,day_type_01,weekday,1/1/2024 4:39,Route 128,4.0,0,1,15,14408
Fall 2024,CR-Providence,Providence/Stoughton Line,819,0,day_type_01,weekday,1/1/2024 15:07,Attleboro,8.0,8,70,161,14409
Fall 2024,CR-Providence,Providence/Stoughton Line,801,0,day_type_01,weekday,1/1/2024 4:45,Canton Junction,5.0,0,0,15,14410
Fall 2024,CR-Providence,Providence/Stoughton Line,819,0,day_type_01,weekday,1/1/2024 15:14,South Attleboro,9.0,0,6,155,14411
Fall 2024,CR-Providence,Providence/Stoughton Line,801,0,day_type_01,weekday,1/1/2024 4:51,Sharon,6.0,1,0,16,14412
Fall 2024,CR-Providence,Providence/Stoughton Line,819,0,day_type_01,weekday,1/1/2024 15:18,Pawtucket/Central Falls,10.0,0,55,100,14413
Fall 2024,CR-Providence,Providence/Stoughton Line,801,0,day_type_01,weekday,1/1/2024 4:59,Mansfield,7.0,2,0,18,14414
Fall 2024,CR-Providence,Providence/Stoughton Line,819,0,day_type_01,weekday,1/1/2024 15:29,Providence,11.0,15,65,50,14415
Fall 2024,CR-Providence,Providence/Stoughton Line,801,0,day_type_01,weekday,1/1/2024 5:07,Attleboro,8.0,2,9,11,14416
Fall 2024,CR-Providence,Providence/Stoughton Line,819,0,day_type_01,weekday,1/1/2024 15:44,TF Green Airport,12.0,0,20,30,14417
Fall 2024,CR-Providence,Providence/Stoughton Line,801,0,day_type_01,weekday,1/1/2024 5:16,Pawtucket/Central Falls,9.0,0,1,10,14418
Fall 2024,CR-Providence,Providence/Stoughton Line,819,0,day_type_01,weekday,1/1/2024 16:04,Wickford Junction,13.0,0,30,0,14419
Fall 2024,CR-Providence,Providence/Stoughton Line,801,0,day_type_01,weekday,1/1/2024 5:45,Providence,10.0,0,0,10,14420
Fall 2024,CR-Providence,Providence/Stoughton Line,820,1,day_type_01,weekday,1/1/2024 11:35,Wickford Junction,1.0,6,0,6,14421
Fall 2024,CR-Providence,Providence/Stoughton Line,801,0,day_type_01,weekday,1/1/2024 6:00,TF Green Airport,11.0,0,1,9,14422
Fall 2024,CR-Providence,Providence/Stoughton Line,820,1,day_type_01,weekday,1/1/2024 11:49,TF Green Airport,2.0,2,0,8,14423
Fall 2024,CR-Providence,Providence/Stoughton Line,801,0,day_type_01,weekday,1/1/2024 6:18,Wickford Junction,,0,9,0,14424
Fall 2024,CR-Providence,Providence/Stoughton Line,820,1,day_type_01,weekday,1/1/2024 12:05,Providence,3.0,41,0,49,14425
Fall 2024,CR-Providence,Providence/Stoughton Line,820,1,day_type_01,weekday,1/1/2024 12:24,Pawtucket/Central Falls,4.0,10,0,59,14426
Fall 2024,CR-Providence,Providence/Stoughton Line,802,1,day_type_01,weekday,1/1/2024 5:10,Providence,1.0,65,0,65,14427
Fall 2024,CR-Providence,Providence/Stoughton Line,820,1,day_type_01,weekday,1/1/2024 12:37,Attleboro,5.0,15,5,69,14428
Fall 2024,CR-Providence,Providence/Stoughton Line,802,1,day_type_01,weekday,1/1/2024 5:16,Pawtucket/Central Falls,2.0,76,0,141,14429
Fall 2024,CR-Franklin,Franklin/Foxboro Line,754,1,day_type_01,weekday,1/1/2024 18:41,South Station,10.0,0,26,0,14430
Fall 2024,CR-Providence,Providence/Stoughton Line,820,1,day_type_01,weekday,1/1/2024 12:49,Mansfield,6.0,12,2,79,14431
Fall 2024,CR-Franklin,Franklin/Foxboro Line,750,1,day_type_01,weekday,1/1/2024 14:31,Islington,5.0,0,0,0,14432
Fall 2024,CR-Providence,Providence/Stoughton Line,814,1,day_type_01,weekday,1/1/2024 10:08,Readville,10.0,0,2,310,14433
Fall 2024,CR-Providence,Providence/Stoughton Line,805,0,day_type_01,weekday,1/1/2024 7:55,Canton Junction,5.0,0,0,94,14434
Fall 2024,CR-Providence,Providence/Stoughton Line,802,1,day_type_01,weekday,1/1/2024 5:29,Attleboro,3.0,110,1,250,14435
Fall 2024,CR-Providence,Providence/Stoughton Line,802,1,day_type_01,weekday,1/1/2024 5:39,Mansfield,4.0,90,7,333,14436
Fall 2024,CR-Providence,Providence/Stoughton Line,802,1,day_type_01,weekday,1/1/2024 5:48,Sharon,5.0,43,0,376,14437
Fall 2024,CR-Providence,Providence/Stoughton Line,802,1,day_type_01,weekday,1/1/2024 5:53,Canton Junction,6.0,34,0,410,14438
Fall 2024,CR-Providence,Providence/Stoughton Line,802,1,day_type_01,weekday,1/1/2024 5:58,Route 128,7.0,32,2,440,14439
Fall 2024,CR-Providence,Providence/Stoughton Line,802,1,day_type_01,weekday,1/1/2024 6:03,Hyde Park,8.0,12,0,452,14440
Fall 2024,CR-Providence,Providence/Stoughton Line,802,1,day_type_01,weekday,1/1/2024 6:14,Ruggles,9.0,1,182,271,14441
Fall 2024,CR-Providence,Providence/Stoughton Line,802,1,day_type_01,weekday,1/1/2024 6:18,Back Bay,10.0,1,98,174,14442
Fall 2024,CR-Providence,Providence/Stoughton Line,802,1,day_type_01,weekday,1/1/2024 6:24,South Station,11.0,0,174,0,14443
Fall 2024,CR-Providence,Providence/Stoughton Line,803,0,day_type_01,weekday,1/1/2024 6:30,South Station,1.0,35,0,35,14444
Fall 2024,CR-Providence,Providence/Stoughton Line,803,0,day_type_01,weekday,1/1/2024 6:35,Back Bay,2.0,10,2,43,14445
Fall 2024,CR-Providence,Providence/Stoughton Line,803,0,day_type_01,weekday,1/1/2024 6:38,Ruggles,3.0,22,5,60,14446
Fall 2024,CR-Providence,Providence/Stoughton Line,803,0,day_type_01,weekday,1/1/2024 6:49,Route 128,4.0,6,8,58,14447
Fall 2024,CR-Providence,Providence/Stoughton Line,803,0,day_type_01,weekday,1/1/2024 6:55,Canton Junction,5.0,3,2,59,14448
Fall 2024,CR-Providence,Providence/Stoughton Line,803,0,day_type_01,weekday,1/1/2024 7:01,Sharon,6.0,3,3,59,14449
Fall 2024,CR-Providence,Providence/Stoughton Line,803,0,day_type_01,weekday,1/1/2024 7:09,Mansfield,7.0,4,13,50,14450
Fall 2024,CR-Providence,Providence/Stoughton Line,803,0,day_type_01,weekday,1/1/2024 7:17,Attleboro,8.0,8,11,47,14451
Fall 2024,CR-Providence,Providence/Stoughton Line,803,0,day_type_01,weekday,1/1/2024 7:26,Pawtucket/Central Falls,9.0,4,8,43,14452
Fall 2024,CR-Providence,Providence/Stoughton Line,803,0,day_type_01,weekday,1/1/2024 7:43,Providence,10.0,1,38,6,14453
Fall 2024,CR-Providence,Providence/Stoughton Line,803,0,day_type_01,weekday,1/1/2024 8:00,TF Green Airport,11.0,0,4,2,14454
Fall 2024,CR-Providence,Providence/Stoughton Line,803,0,day_type_01,weekday,1/1/2024 8:15,Wickford Junction,12.0,0,2,0,14455
Fall 2024,CR-Providence,Providence/Stoughton Line,804,1,day_type_01,weekday,1/1/2024 6:00,Providence,1.0,47,0,47,14456
Fall 2024,CR-Providence,Providence/Stoughton Line,804,1,day_type_01,weekday,1/1/2024 6:06,Pawtucket/Central Falls,2.0,25,0,72,14457
Fall 2024,CR-Providence,Providence/Stoughton Line,804,1,day_type_01,weekday,1/1/2024 6:11,South Attleboro,3.0,4,0,76,14458
Fall 2024,CR-Providence,Providence/Stoughton Line,804,1,day_type_01,weekday,1/1/2024 6:22,Attleboro,4.0,70,4,142,14459
Fall 2024,CR-Providence,Providence/Stoughton Line,804,1,day_type_01,weekday,1/1/2024 6:32,Mansfield,5.0,92,5,229,14460
Fall 2024,CR-Providence,Providence/Stoughton Line,804,1,day_type_01,weekday,1/1/2024 6:41,Sharon,6.0,64,0,293,14461
Fall 2024,CR-Providence,Providence/Stoughton Line,804,1,day_type_01,weekday,1/1/2024 6:46,Canton Junction,7.0,56,1,348,14462
Fall 2024,CR-Providence,Providence/Stoughton Line,804,1,day_type_01,weekday,1/1/2024 6:51,Route 128,8.0,35,4,379,14463
Fall 2024,CR-Providence,Providence/Stoughton Line,804,1,day_type_01,weekday,1/1/2024 7:07,Ruggles,9.0,2,50,331,14464
Fall 2024,CR-Providence,Providence/Stoughton Line,804,1,day_type_01,weekday,1/1/2024 7:11,Back Bay,10.0,4,166,169,14465
Fall 2024,CR-Providence,Providence/Stoughton Line,804,1,day_type_01,weekday,1/1/2024 7:17,South Station,11.0,0,169,0,14466
Fall 2024,CR-Franklin,Franklin/Foxboro Line,758,1,day_type_01,weekday,1/1/2024 21:36,Blue Hill Avenue,10.0,3,1,4,14467
Fall 2024,CR-Providence,Providence/Stoughton Line,805,0,day_type_01,weekday,1/1/2024 7:30,South Station,1.0,51,0,51,14468
Fall 2024,CR-Providence,Providence/Stoughton Line,805,0,day_type_01,weekday,1/1/2024 7:35,Back Bay,2.0,23,1,73,14469
Fall 2024,CR-Providence,Providence/Stoughton Line,805,0,day_type_01,weekday,1/1/2024 7:38,Ruggles,3.0,28,7,94,14470
Fall 2024,CR-Providence,Providence/Stoughton Line,805,0,day_type_01,weekday,1/1/2024 7:49,Route 128,4.0,5,5,94,14471
Fall 2024,CR-Providence,Providence/Stoughton Line,810,1,day_type_01,weekday,1/1/2024 7:02,Wickford Junction,1.0,41,0,41,14472
Fall 2024,CR-Providence,Providence/Stoughton Line,810,1,day_type_01,weekday,1/1/2024 7:16,TF Green Airport,2.0,43,0,84,14473
Fall 2024,CR-Providence,Providence/Stoughton Line,810,1,day_type_01,weekday,1/1/2024 7:32,Providence,3.0,150,11,223,14474
Fall 2024,CR-Providence,Providence/Stoughton Line,820,1,day_type_01,weekday,1/1/2024 12:58,Sharon,7.0,11,0,90,14475
Fall 2024,CR-Franklin,Franklin/Foxboro Line,758,1,day_type_01,weekday,1/1/2024 21:38,Morton Street,11.0,2,1,5,14476
Fall 2024,CR-Providence,Providence/Stoughton Line,814,1,day_type_01,weekday,1/1/2024 10:21,Ruggles,11.0,0,71,239,14477
Fall 2024,CR-Providence,Providence/Stoughton Line,805,0,day_type_01,weekday,1/1/2024 8:01,Sharon,6.0,4,3,95,14478
Fall 2024,CR-Providence,Providence/Stoughton Line,814,1,day_type_01,weekday,1/1/2024 10:25,Back Bay,12.0,2,88,153,14479
Fall 2024,CR-Providence,Providence/Stoughton Line,810,1,day_type_01,weekday,1/1/2024 7:38,Pawtucket/Central Falls,4.0,87,0,310,14480
Fall 2024,CR-Franklin,Franklin/Foxboro Line,750,1,day_type_01,weekday,1/1/2024 14:34,Dedham Corp Center,6.0,0,0,0,14481
Fall 2024,CR-Providence,Providence/Stoughton Line,820,1,day_type_01,weekday,1/1/2024 13:03,Canton Junction,8.0,7,1,96,14482
Fall 2024,CR-Franklin,Franklin/Foxboro Line,758,1,day_type_01,weekday,1/1/2024 21:41,Talbot Avenue,12.0,2,1,6,14483
Fall 2024,CR-Franklin,Franklin/Foxboro Line,750,1,day_type_01,weekday,1/1/2024 14:37,Endicott,7.0,0,0,0,14484
Fall 2024,CR-Franklin,Franklin/Foxboro Line,755,0,day_type_01,weekday,1/1/2024 17:32,South Station,1.0,288,0,288,14485
Fall 2024,CR-Franklin,Franklin/Foxboro Line,758,1,day_type_01,weekday,1/1/2024 21:44,Four Corners/Geneva,13.0,7,1,12,14486
Fall 2024,CR-Providence,Providence/Stoughton Line,805,0,day_type_01,weekday,1/1/2024 8:09,Mansfield,7.0,1,6,90,14487
Fall 2024,CR-Providence,Providence/Stoughton Line,814,1,day_type_01,weekday,1/1/2024 10:30,South Station,13.0,0,153,0,14488
Fall 2024,CR-Franklin,Franklin/Foxboro Line,750,1,day_type_01,weekday,1/1/2024 14:41,Readville,8.0,0,0,0,14489
Fall 2024,CR-Franklin,Franklin/Foxboro Line,755,0,day_type_01,weekday,1/1/2024 17:37,Back Bay,2.0,99,22,365,14490
Fall 2024,CR-Providence,Providence/Stoughton Line,820,1,day_type_01,weekday,1/1/2024 13:08,Route 128,9.0,9,0,105,14491
Fall 2024,CR-Providence,Providence/Stoughton Line,810,1,day_type_01,weekday,1/1/2024 7:51,Attleboro,5.0,154,10,454,14492
Fall 2024,CR-Franklin,Franklin/Foxboro Line,758,1,day_type_01,weekday,1/1/2024 21:47,Uphams Corner,14.0,0,4,8,14493
Fall 2024,CR-Providence,Providence/Stoughton Line,805,0,day_type_01,weekday,1/1/2024 8:17,Attleboro,8.0,6,22,74,14494
Fall 2024,CR-Providence,Providence/Stoughton Line,815,0,day_type_01,weekday,1/1/2024 12:20,South Station,1.0,92,0,92,14495
Fall 2024,CR-Franklin,Franklin/Foxboro Line,750,1,day_type_01,weekday,1/1/2024 14:54,Ruggles,9.0,20,0,20,14496
Fall 2024,CR-Franklin,Franklin/Foxboro Line,755,0,day_type_01,weekday,1/1/2024 17:41,Ruggles,3.0,18,2,381,14497
Fall 2024,CR-Providence,Providence/Stoughton Line,820,1,day_type_01,weekday,1/1/2024 13:23,Ruggles,10.0,11,21,95,14498
Fall 2024,CR-Providence,Providence/Stoughton Line,810,1,day_type_01,weekday,1/1/2024 8:01,Mansfield,6.0,179,4,629,14499
Fall 2024,CR-Franklin,Franklin/Foxboro Line,758,1,day_type_01,weekday,1/1/2024 21:49,Newmarket,15.0,0,1,7,14500
Fall 2024,CR-Providence,Providence/Stoughton Line,805,0,day_type_01,weekday,1/1/2024 8:26,Pawtucket/Central Falls,9.0,1,7,68,14501
Fall 2024,CR-Providence,Providence/Stoughton Line,815,0,day_type_01,weekday,1/1/2024 12:25,Back Bay,2.0,52,1,143,14502
Fall 2024,CR-Franklin,Franklin/Foxboro Line,750,1,day_type_01,weekday,1/1/2024 14:58,Back Bay,10.0,15,8,27,14503
Fall 2024,CR-Franklin,Franklin/Foxboro Line,755,0,day_type_01,weekday,1/1/2024 17:46,Forest Hills,4.0,3,31,353,14504
Fall 2024,CR-Providence,Providence/Stoughton Line,810,1,day_type_01,weekday,1/1/2024 8:10,Sharon,7.0,126,3,752,14505
Fall 2024,CR-Franklin,Franklin/Foxboro Line,758,1,day_type_01,weekday,1/1/2024 22:00,South Station,16.0,0,7,0,14506
Fall 2024,CR-Providence,Providence/Stoughton Line,805,0,day_type_01,weekday,1/1/2024 8:40,Providence,10.0,0,68,0,14507
Fall 2024,CR-Providence,Providence/Stoughton Line,815,0,day_type_01,weekday,1/1/2024 12:28,Ruggles,3.0,49,9,183,14508
Fall 2024,CR-Providence,Providence/Stoughton Line,810,1,day_type_01,weekday,1/1/2024 8:30,Ruggles,8.0,27,53,726,14509
Fall 2024,CR-Franklin,Franklin/Foxboro Line,759,0,day_type_01,weekday,1/1/2024 21:32,South Station,1.0,49,0,49,14510
Fall 2024,CR-Providence,Providence/Stoughton Line,820,1,day_type_01,weekday,1/1/2024 13:27,Back Bay,11.0,0,26,69,14511
Fall 2024,CR-Franklin,Franklin/Foxboro Line,750,1,day_type_01,weekday,1/1/2024 15:04,South Station,11.0,0,27,0,14512
Fall 2024,CR-Franklin,Franklin/Foxboro Line,755,0,day_type_01,weekday,1/1/2024 17:51,Hyde Park,5.0,1,35,319,14513
Fall 2024,CR-Providence,Providence/Stoughton Line,820,1,day_type_01,weekday,1/1/2024 13:32,South Station,12.0,0,69,0,14514
Fall 2024,CR-Franklin,Franklin/Foxboro Line,751,0,day_type_01,weekday,1/1/2024 14:28,South Station,1.0,63,0,63,14515
Fall 2024,CR-Providence,Providence/Stoughton Line,815,0,day_type_01,weekday,1/1/2024 12:39,Route 128,4.0,3,9,177,14516
Fall 2024,CR-Providence,Providence/Stoughton Line,806,1,day_type_01,weekday,1/1/2024 6:02,Wickford Junction,1.0,34,0,34,14517
Fall 2024,CR-Franklin,Franklin/Foxboro Line,759,0,day_type_01,weekday,1/1/2024 21:40,Newmarket,2.0,1,2,48,14518
Fall 2024,CR-Franklin,Franklin/Foxboro Line,755,0,day_type_01,weekday,1/1/2024 17:55,Readville,6.0,0,39,280,14519
Fall 2024,CR-Providence,Providence/Stoughton Line,810,1,day_type_01,weekday,1/1/2024 8:34,Back Bay,9.0,18,188,556,14520
Fall 2024,CR-Providence,Providence/Stoughton Line,821,0,day_type_01,weekday,1/1/2024 15:20,South Station,1.0,240,0,240,14521
Fall 2024,CR-Franklin,Franklin/Foxboro Line,751,0,day_type_01,weekday,1/1/2024 14:33,Back Bay,2.0,80,0,143,14522
Fall 2024,CR-Providence,Providence/Stoughton Line,815,0,day_type_01,weekday,1/1/2024 12:45,Canton Junction,5.0,1,10,168,14523
Fall 2024,CR-Providence,Providence/Stoughton Line,806,1,day_type_01,weekday,1/1/2024 6:16,TF Green Airport,2.0,42,0,76,14524
Fall 2024,CR-Franklin,Franklin/Foxboro Line,759,0,day_type_01,weekday,1/1/2024 21:42,Uphams Corner,3.0,1,7,42,14525
Fall 2024,CR-Franklin,Franklin/Foxboro Line,755,0,day_type_01,weekday,1/1/2024 17:59,Endicott,7.0,0,39,241,14526
Fall 2024,CR-Providence,Providence/Stoughton Line,810,1,day_type_01,weekday,1/1/2024 8:40,South Station,10.0,0,556,0,14527
Fall 2024,CR-Providence,Providence/Stoughton Line,821,0,day_type_01,weekday,1/1/2024 15:25,Back Bay,2.0,166,3,403,14528
Fall 2024,CR-Franklin,Franklin/Foxboro Line,751,0,day_type_01,weekday,1/1/2024 14:37,Ruggles,3.0,47,10,180,14529
Fall 2024,CR-Providence,Providence/Stoughton Line,815,0,day_type_01,weekday,1/1/2024 12:51,Sharon,6.0,5,8,165,14530
Fall 2024,CR-Providence,Providence/Stoughton Line,806,1,day_type_01,weekday,1/1/2024 6:31,Providence,3.0,100,0,176,14531
Fall 2024,CR-Franklin,Franklin/Foxboro Line,759,0,day_type_01,weekday,1/1/2024 21:45,Four Corners/Geneva,4.0,4,2,44,14532
Fall 2024,CR-Franklin,Franklin/Foxboro Line,755,0,day_type_01,weekday,1/1/2024 18:02,Dedham Corp Center,8.0,1,62,180,14533
Fall 2024,CR-Providence,Providence/Stoughton Line,811,0,day_type_01,weekday,1/1/2024 10:25,South Station,1.0,19,0,19,14534
Fall 2024,CR-Providence,Providence/Stoughton Line,821,0,day_type_01,weekday,1/1/2024 15:28,Ruggles,3.0,159,2,560,14535
Fall 2024,CR-Franklin,Franklin/Foxboro Line,751,0,day_type_01,weekday,1/1/2024 14:42,Forest Hills,4.0,3,47,136,14536
Fall 2024,CR-Providence,Providence/Stoughton Line,815,0,day_type_01,weekday,1/1/2024 12:59,Mansfield,7.0,7,25,147,14537
Fall 2024,CR-Providence,Providence/Stoughton Line,815,0,day_type_01,weekday,1/1/2024 13:07,Attleboro,8.0,7,36,118,14538
Fall 2024,CR-Providence,Providence/Stoughton Line,815,0,day_type_01,weekday,1/1/2024 13:16,Pawtucket/Central Falls,9.0,1,28,91,14539
Fall 2024,CR-Providence,Providence/Stoughton Line,815,0,day_type_01,weekday,1/1/2024 13:28,Providence,10.0,4,65,30,14540
Fall 2024,CR-Providence,Providence/Stoughton Line,815,0,day_type_01,weekday,1/1/2024 13:45,TF Green Airport,11.0,0,14,16,14541
Fall 2024,CR-Providence,Providence/Stoughton Line,815,0,day_type_01,weekday,1/1/2024 14:05,Wickford Junction,12.0,0,16,0,14542
Fall 2024,CR-Providence,Providence/Stoughton Line,816,1,day_type_01,weekday,1/1/2024 10:15,Providence,1.0,69,0,69,14543
Fall 2024,CR-Providence,Providence/Stoughton Line,816,1,day_type_01,weekday,1/1/2024 10:21,Pawtucket/Central Falls,2.0,24,0,93,14544
Fall 2024,CR-Providence,Providence/Stoughton Line,816,1,day_type_01,weekday,1/1/2024 10:34,Attleboro,3.0,20,2,111,14545
Fall 2024,CR-Providence,Providence/Stoughton Line,816,1,day_type_01,weekday,1/1/2024 10:44,Mansfield,4.0,10,1,120,14546
Fall 2024,CR-Providence,Providence/Stoughton Line,816,1,day_type_01,weekday,1/1/2024 10:53,Sharon,5.0,8,1,127,14547
Fall 2024,CR-Providence,Providence/Stoughton Line,816,1,day_type_01,weekday,1/1/2024 10:58,Canton Junction,6.0,2,0,129,14548
Fall 2024,CR-Providence,Providence/Stoughton Line,816,1,day_type_01,weekday,1/1/2024 11:03,Route 128,7.0,7,0,136,14549
Fall 2024,CR-Providence,Providence/Stoughton Line,816,1,day_type_01,weekday,1/1/2024 11:18,Ruggles,8.0,2,28,110,14550
Fall 2024,CR-Providence,Providence/Stoughton Line,816,1,day_type_01,weekday,1/1/2024 11:22,Back Bay,9.0,3,50,63,14551
Fall 2024,CR-Providence,Providence/Stoughton Line,816,1,day_type_01,weekday,1/1/2024 11:27,South Station,10.0,0,63,0,14552
Fall 2024,CR-Providence,Providence/Stoughton Line,817,0,day_type_01,weekday,1/1/2024 13:20,South Station,1.0,61,0,61,14553
Fall 2024,CR-Providence,Providence/Stoughton Line,817,0,day_type_01,weekday,1/1/2024 13:25,Back Bay,2.0,48,3,106,14554
Fall 2024,CR-Providence,Providence/Stoughton Line,817,0,day_type_01,weekday,1/1/2024 13:28,Ruggles,3.0,36,1,141,14555
Fall 2024,CR-Providence,Providence/Stoughton Line,817,0,day_type_01,weekday,1/1/2024 13:39,Route 128,4.0,1,8,134,14556
Fall 2024,CR-Providence,Providence/Stoughton Line,817,0,day_type_01,weekday,1/1/2024 13:45,Canton Junction,5.0,0,8,126,14557
Fall 2024,CR-Providence,Providence/Stoughton Line,817,0,day_type_01,weekday,1/1/2024 13:51,Sharon,6.0,4,10,120,14558
Fall 2024,CR-Providence,Providence/Stoughton Line,817,0,day_type_01,weekday,1/1/2024 13:59,Mansfield,7.0,1,32,89,14559
Fall 2024,CR-Providence,Providence/Stoughton Line,817,0,day_type_01,weekday,1/1/2024 14:07,Attleboro,8.0,3,30,62,14560
Fall 2024,CR-Providence,Providence/Stoughton Line,817,0,day_type_01,weekday,1/1/2024 14:16,Pawtucket/Central Falls,9.0,0,24,38,14561
Fall 2024,CR-Providence,Providence/Stoughton Line,817,0,day_type_01,weekday,1/1/2024 14:28,Providence,10.0,0,39,-1,14562
Fall 2024,CR-Providence,Providence/Stoughton Line,818,1,day_type_01,weekday,1/1/2024 11:12,Providence,1.0,66,0,66,14563
Fall 2024,CR-Providence,Providence/Stoughton Line,818,1,day_type_01,weekday,1/1/2024 11:18,Pawtucket/Central Falls,2.0,23,1,88,14564
Fall 2024,CR-Providence,Providence/Stoughton Line,818,1,day_type_01,weekday,1/1/2024 11:31,Attleboro,3.0,26,8,106,14565
Fall 2024,CR-Providence,Providence/Stoughton Line,818,1,day_type_01,weekday,1/1/2024 11:43,Mansfield,4.0,29,1,134,14566
Fall 2024,CR-Providence,Providence/Stoughton Line,818,1,day_type_01,weekday,1/1/2024 11:52,Sharon,5.0,14,1,147,14567
Fall 2024,CR-Providence,Providence/Stoughton Line,818,1,day_type_01,weekday,1/1/2024 11:57,Canton Junction,6.0,13,2,158,14568
Fall 2024,CR-Providence,Providence/Stoughton Line,818,1,day_type_01,weekday,1/1/2024 12:02,Route 128,7.0,7,0,165,14569
Fall 2024,CR-Providence,Providence/Stoughton Line,818,1,day_type_01,weekday,1/1/2024 12:07,Hyde Park,8.0,4,2,167,14570
Fall 2024,CR-Providence,Providence/Stoughton Line,818,1,day_type_01,weekday,1/1/2024 12:20,Ruggles,9.0,1,45,123,14571
Fall 2024,CR-Providence,Providence/Stoughton Line,818,1,day_type_01,weekday,1/1/2024 12:24,Back Bay,10.0,2,59,66,14572
Fall 2024,CR-Providence,Providence/Stoughton Line,818,1,day_type_01,weekday,1/1/2024 12:29,South Station,11.0,0,66,0,14573
Fall 2024,CR-Providence,Providence/Stoughton Line,819,0,day_type_01,weekday,1/1/2024 14:20,South Station,1.0,153,0,153,14574
Fall 2024,CR-Providence,Providence/Stoughton Line,819,0,day_type_01,weekday,1/1/2024 14:25,Back Bay,2.0,114,0,267,14575
Fall 2024,CR-Providence,Providence/Stoughton Line,819,0,day_type_01,weekday,1/1/2024 14:28,Ruggles,3.0,74,1,340,14576
Fall 2024,CR-Providence,Providence/Stoughton Line,806,1,day_type_01,weekday,1/1/2024 6:38,Pawtucket/Central Falls,4.0,77,0,253,14577
Fall 2024,CR-Franklin,Franklin/Foxboro Line,751,0,day_type_01,weekday,1/1/2024 14:47,Hyde Park,5.0,2,30,108,14578
Fall 2024,CR-Franklin,Franklin/Foxboro Line,755,0,day_type_01,weekday,1/1/2024 18:05,Islington,9.0,0,12,168,14579
Fall 2024,CR-Providence,Providence/Stoughton Line,811,0,day_type_01,weekday,1/1/2024 10:30,Back Bay,2.0,26,5,40,14580
Fall 2024,CR-Franklin,Franklin/Foxboro Line,759,0,day_type_01,weekday,1/1/2024 21:48,Talbot Avenue,5.0,0,5,39,14581
Fall 2024,CR-Providence,Providence/Stoughton Line,811,0,day_type_01,weekday,1/1/2024 10:33,Ruggles,3.0,24,5,59,14582
Fall 2024,CR-Providence,Providence/Stoughton Line,806,1,day_type_01,weekday,1/1/2024 6:51,Attleboro,5.0,231,6,478,14583
Fall 2024,CR-Franklin,Franklin/Foxboro Line,751,0,day_type_01,weekday,1/1/2024 14:51,Readville,6.0,7,20,95,14584
Fall 2024,CR-Franklin,Franklin/Foxboro Line,755,0,day_type_01,weekday,1/1/2024 18:08,Norwood Depot,10.0,2,44,126,14585
Fall 2024,CR-Franklin,Franklin/Foxboro Line,755,0,day_type_01,weekday,1/1/2024 18:12,Norwood Central,11.0,1,93,34,14586
Fall 2024,CR-Providence,Providence/Stoughton Line,821,0,day_type_01,weekday,1/1/2024 15:39,Route 128,4.0,14,35,539,14587
Fall 2024,CR-Franklin,Franklin/Foxboro Line,751,0,day_type_01,weekday,1/1/2024 14:55,Endicott,7.0,0,8,87,14588
Fall 2024,CR-Franklin,Franklin/Foxboro Line,755,0,day_type_01,weekday,1/1/2024 18:16,Windsor Gardens,12.0,0,0,34,14589
Fall 2024,CR-Franklin,Franklin/Foxboro Line,759,0,day_type_01,weekday,1/1/2024 21:51,Morton Street,6.0,0,3,36,14590
Fall 2024,CR-Providence,Providence/Stoughton Line,811,0,day_type_01,weekday,1/1/2024 10:44,Route 128,4.0,3,1,61,14591
Fall 2024,CR-Providence,Providence/Stoughton Line,806,1,day_type_01,weekday,1/1/2024 7:01,Mansfield,6.0,246,8,716,14592
Fall 2024,CR-Providence,Providence/Stoughton Line,821,0,day_type_01,weekday,1/1/2024 15:45,Canton Junction,5.0,2,74,467,14593
Fall 2024,CR-Franklin,Franklin/Foxboro Line,751,0,day_type_01,weekday,1/1/2024 14:57,Dedham Corp Center,8.0,1,16,72,14594
Fall 2024,CR-Franklin,Franklin/Foxboro Line,755,0,day_type_01,weekday,1/1/2024 18:33,Foxboro,13.0,4,38,0,14595
Fall 2024,CR-Franklin,Franklin/Foxboro Line,759,0,day_type_01,weekday,1/1/2024 21:53,Blue Hill Avenue,7.0,0,10,26,14596
Fall 2024,CR-Providence,Providence/Stoughton Line,811,0,day_type_01,weekday,1/1/2024 10:50,Canton Junction,5.0,3,2,62,14597
Fall 2024,CR-Providence,Providence/Stoughton Line,806,1,day_type_01,weekday,1/1/2024 7:10,Sharon,7.0,141,0,857,14598
Fall 2024,CR-Providence,Providence/Stoughton Line,821,0,day_type_01,weekday,1/1/2024 15:51,Sharon,6.0,2,55,414,14599
Fall 2024,CR-Franklin,Franklin/Foxboro Line,751,0,day_type_01,weekday,1/1/2024 15:00,Islington,9.0,0,4,68,14600
Fall 2024,CR-Franklin,Franklin/Foxboro Line,756,1,day_type_01,weekday,1/1/2024 18:48,Foxboro,1.0,4,0,4,14601
Fall 2024,CR-Franklin,Franklin/Foxboro Line,759,0,day_type_01,weekday,1/1/2024 21:56,Fairmount,8.0,2,4,24,14602
Fall 2024,CR-Providence,Providence/Stoughton Line,811,0,day_type_01,weekday,1/1/2024 10:56,Sharon,6.0,2,5,59,14603
Fall 2024,CR-Providence,Providence/Stoughton Line,806,1,day_type_01,weekday,1/1/2024 7:31,Ruggles,8.0,54,123,788,14604
Fall 2024,CR-Franklin,Franklin/Foxboro Line,751,0,day_type_01,weekday,1/1/2024 15:03,Norwood Depot,10.0,1,16,53,14605
Fall 2024,CR-Franklin,Franklin/Foxboro Line,756,1,day_type_01,weekday,1/1/2024 19:01,Windsor Gardens,2.0,1,0,5,14606
Fall 2024,CR-Providence,Providence/Stoughton Line,821,0,day_type_01,weekday,1/1/2024 15:59,Mansfield,7.0,6,110,310,14607
Fall 2024,CR-Providence,Providence/Stoughton Line,811,0,day_type_01,weekday,1/1/2024 11:04,Mansfield,7.0,3,12,50,14608
Fall 2024,CR-Franklin,Franklin/Foxboro Line,759,0,day_type_01,weekday,1/1/2024 22:00,Readville,9.0,3,6,21,14609
Fall 2024,CR-Providence,Providence/Stoughton Line,806,1,day_type_01,weekday,1/1/2024 7:35,Back Bay,9.0,6,238,556,14610
Fall 2024,CR-Providence,Providence/Stoughton Line,811,0,day_type_01,weekday,1/1/2024 11:12,Attleboro,8.0,3,26,27,14611
Fall 2024,CR-Franklin,Franklin/Foxboro Line,756,1,day_type_01,weekday,1/1/2024 19:05,Norwood Central,3.0,3,0,8,14612
Fall 2024,CR-Providence,Providence/Stoughton Line,821,0,day_type_01,weekday,1/1/2024 16:07,Attleboro,8.0,27,213,124,14613
Fall 2024,CR-Franklin,Franklin/Foxboro Line,759,0,day_type_01,weekday,1/1/2024 22:04,Endicott,10.0,0,5,16,14614
Fall 2024,CR-Franklin,Franklin/Foxboro Line,751,0,day_type_01,weekday,1/1/2024 15:05,Norwood Central,11.0,1,33,21,14615
Fall 2024,CR-Providence,Providence/Stoughton Line,806,1,day_type_01,weekday,1/1/2024 7:41,South Station,10.0,0,556,0,14616
Fall 2024,CR-Providence,Providence/Stoughton Line,811,0,day_type_01,weekday,1/1/2024 11:21,Pawtucket/Central Falls,9.0,0,7,20,14617
Fall 2024,CR-Franklin,Franklin/Foxboro Line,756,1,day_type_01,weekday,1/1/2024 19:07,Norwood Depot,4.0,7,0,15,14618
Fall 2024,CR-Providence,Providence/Stoughton Line,821,0,day_type_01,weekday,1/1/2024 16:16,Pawtucket/Central Falls,9.0,4,90,38,14619
Fall 2024,CR-Franklin,Franklin/Foxboro Line,759,0,day_type_01,weekday,1/1/2024 22:06,Dedham Corp Center,11.0,1,6,11,14620
Fall 2024,CR-Franklin,Franklin/Foxboro Line,751,0,day_type_01,weekday,1/1/2024 15:08,Windsor Gardens,12.0,0,6,15,14621
Fall 2024,CR-Providence,Providence/Stoughton Line,807,0,day_type_01,weekday,1/1/2024 8:25,South Station,1.0,64,0,64,14622
Fall 2024,CR-Providence,Providence/Stoughton Line,811,0,day_type_01,weekday,1/1/2024 11:35,Providence,10.0,0,20,0,14623
Fall 2024,CR-Franklin,Franklin/Foxboro Line,756,1,day_type_01,weekday,1/1/2024 19:11,Islington,5.0,0,0,15,14624
Fall 2024,CR-Providence,Providence/Stoughton Line,821,0,day_type_01,weekday,1/1/2024 16:30,Providence,10.0,0,38,0,14625
Fall 2024,CR-Franklin,Franklin/Foxboro Line,759,0,day_type_01,weekday,1/1/2024 22:09,Islington,12.0,0,0,11,14626
Fall 2024,CR-Franklin,Franklin/Foxboro Line,751,0,day_type_01,weekday,1/1/2024 15:28,Foxboro,13.0,0,15,0,14627
Fall 2024,CR-Providence,Providence/Stoughton Line,807,0,day_type_01,weekday,1/1/2024 8:30,Back Bay,2.0,18,28,54,14628
Fall 2024,CR-Providence,Providence/Stoughton Line,812,1,day_type_01,weekday,1/1/2024 8:10,Providence,1.0,101,0,101,14629
Fall 2024,CR-Franklin,Franklin/Foxboro Line,756,1,day_type_01,weekday,1/1/2024 19:13,Dedham Corp Center,6.0,0,0,15,14630
Fall 2024,CR-Providence,Providence/Stoughton Line,822,1,day_type_01,weekday,1/1/2024 13:15,Providence,1.0,58,0,58,14631
Fall 2024,CR-Franklin,Franklin/Foxboro Line,759,0,day_type_01,weekday,1/1/2024 22:12,Norwood Depot,13.0,2,2,11,14632
Fall 2024,CR-Franklin,Franklin/Foxboro Line,752,1,day_type_01,weekday,1/1/2024 16:06,Foxboro,1.0,10,0,10,14633
Fall 2024,CR-Providence,Providence/Stoughton Line,807,0,day_type_01,weekday,1/1/2024 8:33,Ruggles,3.0,18,5,67,14634
Fall 2024,CR-Providence,Providence/Stoughton Line,812,1,day_type_01,weekday,1/1/2024 8:16,Pawtucket/Central Falls,2.0,70,0,171,14635
Fall 2024,CR-Franklin,Franklin/Foxboro Line,756,1,day_type_01,weekday,1/1/2024 19:16,Endicott,7.0,1,0,16,14636
Fall 2024,CR-Franklin,Franklin/Foxboro Line,759,0,day_type_01,weekday,1/1/2024 22:14,Norwood Central,14.0,0,2,9,14637
Fall 2024,CR-Providence,Providence/Stoughton Line,812,1,day_type_01,weekday,1/1/2024 8:29,Attleboro,3.0,106,3,274,14638
Fall 2024,CR-Franklin,Franklin/Foxboro Line,756,1,day_type_01,weekday,1/1/2024 19:20,Readville,8.0,4,2,18,14639
Fall 2024,CR-Providence,Providence/Stoughton Line,812,1,day_type_01,weekday,1/1/2024 8:42,Mansfield,4.0,99,2,371,14640
Fall 2024,CR-Franklin,Franklin/Foxboro Line,759,0,day_type_01,weekday,1/1/2024 22:17,Windsor Gardens,15.0,0,6,3,14641
Fall 2024,CR-Providence,Providence/Stoughton Line,822,1,day_type_01,weekday,1/1/2024 13:21,Pawtucket/Central Falls,2.0,11,1,68,14642
Fall 2024,CR-Franklin,Franklin/Foxboro Line,752,1,day_type_01,weekday,1/1/2024 16:19,Windsor Gardens,2.0,4,0,14,14643
Fall 2024,CR-Providence,Providence/Stoughton Line,807,0,day_type_01,weekday,1/1/2024 8:44,Route 128,4.0,1,10,58,14644
Fall 2024,CR-Providence,Providence/Stoughton Line,822,1,day_type_01,weekday,1/1/2024 13:34,Attleboro,3.0,9,1,76,14645
Fall 2024,CR-Providence,Providence/Stoughton Line,812,1,day_type_01,weekday,1/1/2024 8:51,Sharon,5.0,75,2,444,14646
Fall 2024,CR-Franklin,Franklin/Foxboro Line,756,1,day_type_01,weekday,1/1/2024 19:31,Ruggles,9.0,5,3,20,14647
Fall 2024,CR-Franklin,Franklin/Foxboro Line,759,0,day_type_01,weekday,1/1/2024 22:34,Foxboro,16.0,0,3,0,14648
Fall 2024,CR-Providence,Providence/Stoughton Line,807,0,day_type_01,weekday,1/1/2024 8:50,Canton Junction,5.0,0,2,56,14649
Fall 2024,CR-Franklin,Franklin/Foxboro Line,752,1,day_type_01,weekday,1/1/2024 16:23,Norwood Central,3.0,5,2,17,14650
Fall 2024,CR-Providence,Providence/Stoughton Line,822,1,day_type_01,weekday,1/1/2024 13:44,Mansfield,4.0,9,2,83,14651
Fall 2024,CR-Providence,Providence/Stoughton Line,812,1,day_type_01,weekday,1/1/2024 8:56,Canton Junction,6.0,64,1,507,14652
Fall 2024,CR-Franklin,Franklin/Foxboro Line,756,1,day_type_01,weekday,1/1/2024 19:35,Back Bay,10.0,4,6,18,14653
Fall 2024,CR-Franklin,Franklin/Foxboro Line,760,1,day_type_01,weekday,1/1/2024 22:49,Foxboro,1.0,2,0,2,14654
Fall 2024,CR-Providence,Providence/Stoughton Line,807,0,day_type_01,weekday,1/1/2024 8:56,Sharon,6.0,6,3,59,14655
Fall 2024,CR-Franklin,Franklin/Foxboro Line,752,1,day_type_01,weekday,1/1/2024 16:25,Norwood Depot,4.0,7,0,24,14656
Fall 2024,CR-Providence,Providence/Stoughton Line,822,1,day_type_01,weekday,1/1/2024 13:53,Sharon,5.0,10,0,93,14657
Fall 2024,CR-Providence,Providence/Stoughton Line,812,1,day_type_01,weekday,1/1/2024 9:01,Route 128,7.0,91,7,591,14658
Fall 2024,CR-Franklin,Franklin/Foxboro Line,756,1,day_type_01,weekday,1/1/2024 19:41,South Station,11.0,0,18,0,14659
Fall 2024,CR-Franklin,Franklin/Foxboro Line,760,1,day_type_01,weekday,1/1/2024 23:02,Windsor Gardens,2.0,0,0,2,14660
Fall 2024,CR-Providence,Providence/Stoughton Line,807,0,day_type_01,weekday,1/1/2024 9:04,Mansfield,7.0,2,4,57,14661
Fall 2024,CR-Franklin,Franklin/Foxboro Line,752,1,day_type_01,weekday,1/1/2024 16:28,Islington,5.0,0,0,24,14662
Fall 2024,CR-Providence,Providence/Stoughton Line,822,1,day_type_01,weekday,1/1/2024 13:58,Canton Junction,6.0,3,1,95,14663
Fall 2024,CR-Providence,Providence/Stoughton Line,812,1,day_type_01,weekday,1/1/2024 9:17,Ruggles,8.0,3,112,482,14664
Fall 2024,CR-Franklin,Franklin/Foxboro Line,757,0,day_type_01,weekday,1/1/2024 19:18,South Station,1.0,83,0,83,14665
Fall 2024,CR-Franklin,Franklin/Foxboro Line,760,1,day_type_01,weekday,1/1/2024 23:05,Norwood Central,3.0,0,2,0,14666
Fall 2024,CR-Providence,Providence/Stoughton Line,807,0,day_type_01,weekday,1/1/2024 9:12,Attleboro,8.0,2,13,46,14667
Fall 2024,CR-Franklin,Franklin/Foxboro Line,752,1,day_type_01,weekday,1/1/2024 16:31,Dedham Corp Center,6.0,7,2,29,14668
Fall 2024,CR-Providence,Providence/Stoughton Line,812,1,day_type_01,weekday,1/1/2024 9:21,Back Bay,9.0,0,188,294,14669
Fall 2024,CR-Franklin,Franklin/Foxboro Line,757,0,day_type_01,weekday,1/1/2024 19:25,Newmarket,2.0,4,3,84,14670
Fall 2024,CR-Franklin,Franklin/Foxboro Line,760,1,day_type_01,weekday,1/1/2024 23:07,Norwood Depot,4.0,0,0,0,14671
Fall 2024,CR-Providence,Providence/Stoughton Line,822,1,day_type_01,weekday,1/1/2024 14:03,Route 128,7.0,5,6,94,14672
Fall 2024,CR-Franklin,Franklin/Foxboro Line,757,0,day_type_01,weekday,1/1/2024 19:30,Uphams Corner,3.0,7,13,78,14673
Fall 2024,CR-Providence,Providence/Stoughton Line,812,1,day_type_01,weekday,1/1/2024 9:27,South Station,10.0,0,294,0,14674
Fall 2024,CR-Providence,Providence/Stoughton Line,807,0,day_type_01,weekday,1/1/2024 9:21,Pawtucket/Central Falls,9.0,0,12,34,14675
Fall 2024,CR-Franklin,Franklin/Foxboro Line,752,1,day_type_01,weekday,1/1/2024 16:34,Endicott,7.0,8,4,33,14676
Fall 2024,CR-Providence,Providence/Stoughton Line,813,0,day_type_01,weekday,1/1/2024 11:18,South Station,1.0,43,0,43,14677
Fall 2024,CR-Franklin,Franklin/Foxboro Line,757,0,day_type_01,weekday,1/1/2024 19:33,Four Corners/Geneva,4.0,0,9,69,14678
Fall 2024,CR-Providence,Providence/Stoughton Line,822,1,day_type_01,weekday,1/1/2024 14:20,Ruggles,8.0,8,19,83,14679
Fall 2024,CR-Providence,Providence/Stoughton Line,807,0,day_type_01,weekday,1/1/2024 9:35,Providence,10.0,0,34,0,14680
Fall 2024,CR-Franklin,Franklin/Foxboro Line,760,1,day_type_01,weekday,1/1/2024 23:10,Islington,5.0,0,0,0,14681
Fall 2024,CR-Providence,Providence/Stoughton Line,813,0,day_type_01,weekday,1/1/2024 11:23,Back Bay,2.0,20,5,58,14682
Fall 2024,CR-Franklin,Franklin/Foxboro Line,752,1,day_type_01,weekday,1/1/2024 16:39,Readville,8.0,0,5,28,14683
Fall 2024,CR-Franklin,Franklin/Foxboro Line,757,0,day_type_01,weekday,1/1/2024 19:36,Talbot Avenue,5.0,1,11,59,14684
Fall 2024,CR-Providence,Providence/Stoughton Line,822,1,day_type_01,weekday,1/1/2024 14:24,Back Bay,9.0,0,45,38,14685
Fall 2024,CR-Providence,Providence/Stoughton Line,808,1,day_type_01,weekday,1/1/2024 7:10,Providence,1.0,169,0,169,14686
Fall 2024,CR-Franklin,Franklin/Foxboro Line,760,1,day_type_01,weekday,1/1/2024 23:13,Dedham Corp Center,6.0,1,0,1,14687
Fall 2024,CR-Providence,Providence/Stoughton Line,813,0,day_type_01,weekday,1/1/2024 11:26,Ruggles,3.0,11,4,65,14688
Fall 2024,CR-Franklin,Franklin/Foxboro Line,752,1,day_type_01,weekday,1/1/2024 17:07,South Station,9.0,0,28,0,14689
Fall 2024,CR-Franklin,Franklin/Foxboro Line,757,0,day_type_01,weekday,1/1/2024 19:40,Morton Street,6.0,7,10,56,14690
Fall 2024,CR-Providence,Providence/Stoughton Line,822,1,day_type_01,weekday,1/1/2024 14:29,South Station,10.0,0,38,0,14691
Fall 2024,CR-Providence,Providence/Stoughton Line,808,1,day_type_01,weekday,1/1/2024 7:16,Pawtucket/Central Falls,2.0,61,1,229,14692
Fall 2024,CR-Franklin,Franklin/Foxboro Line,760,1,day_type_01,weekday,1/1/2024 23:16,Endicott,7.0,0,0,1,14693
Fall 2024,CR-Providence,Providence/Stoughton Line,813,0,day_type_01,weekday,1/1/2024 11:37,Route 128,4.0,3,8,60,14694
Fall 2024,CR-Franklin,Franklin/Foxboro Line,753,0,day_type_01,weekday,1/1/2024 16:05,South Station,1.0,373,0,373,14695
Fall 2024,CR-Franklin,Franklin/Foxboro Line,757,0,day_type_01,weekday,1/1/2024 19:41,Blue Hill Avenue,7.0,0,6,50,14696
Fall 2024,CR-Providence,Providence/Stoughton Line,823,0,day_type_01,weekday,1/1/2024 15:52,South Station,1.0,330,0,330,14697
Fall 2024,CR-Providence,Providence/Stoughton Line,808,1,day_type_01,weekday,1/1/2024 7:21,South Attleboro,3.0,9,0,238,14698
Fall 2024,CR-Franklin,Franklin/Foxboro Line,760,1,day_type_01,weekday,1/1/2024 23:20,Readville,8.0,0,0,1,14699
Fall 2024,CR-Providence,Providence/Stoughton Line,813,0,day_type_01,weekday,1/1/2024 11:43,Canton Junction,5.0,1,9,52,14700
Fall 2024,CR-Franklin,Franklin/Foxboro Line,753,0,day_type_01,weekday,1/1/2024 16:10,Back Bay,2.0,97,15,455,14701
Fall 2024,CR-Franklin,Franklin/Foxboro Line,753,0,day_type_01,weekday,1/1/2024 16:14,Ruggles,3.0,115,16,554,14702
Fall 2024,CR-Franklin,Franklin/Foxboro Line,753,0,day_type_01,weekday,1/1/2024 16:22,Hyde Park,4.0,7,67,494,14703
Fall 2024,CR-Franklin,Franklin/Foxboro Line,753,0,day_type_01,weekday,1/1/2024 16:26,Readville,5.0,14,71,437,14704
Fall 2024,CR-Franklin,Franklin/Foxboro Line,753,0,day_type_01,weekday,1/1/2024 16:30,Endicott,6.0,1,63,375,14705
Fall 2024,CR-Franklin,Franklin/Foxboro Line,753,0,day_type_01,weekday,1/1/2024 16:33,Dedham Corp Center,7.0,0,60,315,14706
Fall 2024,CR-Franklin,Franklin/Foxboro Line,753,0,day_type_01,weekday,1/1/2024 16:36,Islington,8.0,0,54,261,14707
Fall 2024,CR-Franklin,Franklin/Foxboro Line,753,0,day_type_01,weekday,1/1/2024 16:39,Norwood Depot,9.0,2,83,180,14708
Fall 2024,CR-Franklin,Franklin/Foxboro Line,753,0,day_type_01,weekday,1/1/2024 16:43,Norwood Central,10.0,0,85,95,14709
Fall 2024,CR-Franklin,Franklin/Foxboro Line,753,0,day_type_01,weekday,1/1/2024 16:47,Windsor Gardens,11.0,0,48,47,14710
Fall 2024,CR-Franklin,Franklin/Foxboro Line,753,0,day_type_01,weekday,1/1/2024 17:04,Foxboro,12.0,0,47,0,14711
Fall 2024,CR-Franklin,Franklin/Foxboro Line,754,1,day_type_01,weekday,1/1/2024 17:50,Foxboro,1.0,9,0,9,14712
Fall 2024,CR-Franklin,Franklin/Foxboro Line,754,1,day_type_01,weekday,1/1/2024 18:05,Norwood Central,2.0,9,0,18,14713
Fall 2024,CR-Franklin,Franklin/Foxboro Line,754,1,day_type_01,weekday,1/1/2024 18:07,Norwood Depot,3.0,3,0,21,14714
Fall 2024,CR-Franklin,Franklin/Foxboro Line,754,1,day_type_01,weekday,1/1/2024 18:11,Islington,4.0,1,0,22,14715
Fall 2024,CR-Franklin,Franklin/Foxboro Line,754,1,day_type_01,weekday,1/1/2024 18:13,Dedham Corp Center,5.0,2,0,24,14716
Fall 2024,CR-Franklin,Franklin/Foxboro Line,754,1,day_type_01,weekday,1/1/2024 18:16,Endicott,6.0,2,0,26,14717
Fall 2024,CR-Franklin,Franklin/Foxboro Line,754,1,day_type_01,weekday,1/1/2024 18:20,Readville,7.0,0,1,25,14718
Fall 2024,CR-Franklin,Franklin/Foxboro Line,754,1,day_type_01,weekday,1/1/2024 18:31,Ruggles,8.0,4,4,25,14719
Fall 2024,CR-Franklin,Franklin/Foxboro Line,754,1,day_type_01,weekday,1/1/2024 18:35,Back Bay,9.0,6,5,26,14720
Fall 2024,CR-Providence,Providence/Stoughton Line,823,0,day_type_01,weekday,1/1/2024 15:57,Back Bay,2.0,73,3,400,14721
Fall 2024,CR-Providence,Providence/Stoughton Line,813,0,day_type_01,weekday,1/1/2024 11:49,Sharon,6.0,0,6,46,14722
Fall 2024,CR-Providence,Providence/Stoughton Line,808,1,day_type_01,weekday,1/1/2024 7:32,Attleboro,4.0,136,2,372,14723
Fall 2024,CR-Franklin,Franklin/Foxboro Line,757,0,day_type_01,weekday,1/1/2024 19:44,Fairmount,8.0,0,13,37,14724
Fall 2024,CR-Providence,Providence/Stoughton Line,823,0,day_type_01,weekday,1/1/2024 16:01,Ruggles,3.0,74,6,468,14725
Fall 2024,CR-Franklin,Franklin/Foxboro Line,760,1,day_type_01,weekday,1/1/2024 23:23,Fairmount,9.0,0,0,1,14726
Fall 2024,CR-Providence,Providence/Stoughton Line,813,0,day_type_01,weekday,1/1/2024 11:57,Mansfield,7.0,3,10,39,14727
Fall 2024,CR-Providence,Providence/Stoughton Line,808,1,day_type_01,weekday,1/1/2024 7:42,Mansfield,5.0,142,4,510,14728
Fall 2024,CR-Franklin,Franklin/Foxboro Line,757,0,day_type_01,weekday,1/1/2024 19:50,Readville,9.0,17,7,47,14729
Fall 2024,CR-Providence,Providence/Stoughton Line,823,0,day_type_01,weekday,1/1/2024 16:17,Sharon,4.0,0,53,415,14730
Fall 2024,CR-Franklin,Franklin/Foxboro Line,760,1,day_type_01,weekday,1/1/2024 23:26,Blue Hill Avenue,10.0,0,0,1,14731
Fall 2024,CR-Providence,Providence/Stoughton Line,813,0,day_type_01,weekday,1/1/2024 12:05,Attleboro,8.0,1,8,32,14732
Fall 2024,CR-Providence,Providence/Stoughton Line,813,0,day_type_01,weekday,1/1/2024 12:15,South Attleboro,9.0,1,3,30,14733
Fall 2024,CR-Providence,Providence/Stoughton Line,808,1,day_type_01,weekday,1/1/2024 7:51,Sharon,6.0,146,1,655,14734
Fall 2024,CR-Franklin,Franklin/Foxboro Line,757,0,day_type_01,weekday,1/1/2024 19:54,Endicott,10.0,0,7,40,14735
Fall 2024,CR-Providence,Providence/Stoughton Line,823,0,day_type_01,weekday,1/1/2024 16:25,Mansfield,5.0,5,115,305,14736
Fall 2024,CR-Franklin,Franklin/Foxboro Line,760,1,day_type_01,weekday,1/1/2024 23:28,Morton Street,11.0,1,0,2,14737
Fall 2024,CR-Franklin,Franklin/Foxboro Line,757,0,day_type_01,weekday,1/1/2024 19:56,Dedham Corp Center,11.0,0,2,38,14738
Fall 2024,CR-Providence,Providence/Stoughton Line,813,0,day_type_01,weekday,1/1/2024 12:19,Pawtucket/Central Falls,10.0,0,10,20,14739
Fall 2024,CR-Providence,Providence/Stoughton Line,808,1,day_type_01,weekday,1/1/2024 7:56,Canton Junction,7.0,103,1,757,14740
Fall 2024,CR-Providence,Providence/Stoughton Line,823,0,day_type_01,weekday,1/1/2024 16:34,Attleboro,6.0,6,124,187,14741
Fall 2024,CR-Franklin,Franklin/Foxboro Line,760,1,day_type_01,weekday,1/1/2024 23:31,Talbot Avenue,12.0,1,0,3,14742
Fall 2024,CR-Franklin,Franklin/Foxboro Line,757,0,day_type_01,weekday,1/1/2024 19:59,Islington,12.0,0,3,35,14743
Fall 2024,CR-Providence,Providence/Stoughton Line,813,0,day_type_01,weekday,1/1/2024 12:33,Providence,11.0,0,20,0,14744
Fall 2024,CR-Providence,Providence/Stoughton Line,808,1,day_type_01,weekday,1/1/2024 8:01,Route 128,8.0,152,2,907,14745
Fall 2024,CR-Providence,Providence/Stoughton Line,823,0,day_type_01,weekday,1/1/2024 16:44,South Attleboro,7.0,0,14,173,14746
Fall 2024,CR-Franklin,Franklin/Foxboro Line,760,1,day_type_01,weekday,1/1/2024 23:34,Four Corners/Geneva,13.0,0,0,3,14747
Fall 2024,CR-Franklin,Franklin/Foxboro Line,757,0,day_type_01,weekday,1/1/2024 20:03,Norwood Depot,13.0,0,7,28,14748
Fall 2024,CR-Providence,Providence/Stoughton Line,814,1,day_type_01,weekday,1/1/2024 8:45,Wickford Junction,1.0,47,0,47,14749
Fall 2024,CR-Providence,Providence/Stoughton Line,808,1,day_type_01,weekday,1/1/2024 8:17,Ruggles,9.0,19,170,756,14750
Fall 2024,CR-Providence,Providence/Stoughton Line,823,0,day_type_01,weekday,1/1/2024 16:48,Pawtucket/Central Falls,8.0,1,35,139,14751
Fall 2024,CR-Franklin,Franklin/Foxboro Line,760,1,day_type_01,weekday,1/1/2024 23:37,Uphams Corner,14.0,0,0,3,14752
Fall 2024,CR-Franklin,Franklin/Foxboro Line,757,0,day_type_01,weekday,1/1/2024 20:06,Norwood Central,14.0,0,19,9,14753
Fall 2024,CR-Providence,Providence/Stoughton Line,814,1,day_type_01,weekday,1/1/2024 8:59,TF Green Airport,2.0,16,1,62,14754
Fall 2024,CR-Providence,Providence/Stoughton Line,808,1,day_type_01,weekday,1/1/2024 8:21,Back Bay,10.0,14,272,498,14755
Fall 2024,CR-Franklin,Franklin/Foxboro Line,760,1,day_type_01,weekday,1/1/2024 23:39,Newmarket,15.0,0,0,3,14756
Fall 2024,CR-Franklin,Franklin/Foxboro Line,757,0,day_type_01,weekday,1/1/2024 20:09,Windsor Gardens,15.0,0,3,6,14757
Fall 2024,CR-Providence,Providence/Stoughton Line,814,1,day_type_01,weekday,1/1/2024 9:14,Providence,3.0,88,17,133,14758
Fall 2024,CR-Providence,Providence/Stoughton Line,808,1,day_type_01,weekday,1/1/2024 8:27,South Station,11.0,0,498,0,14759
Fall 2024,CR-Franklin,Franklin/Foxboro Line,760,1,day_type_01,weekday,1/1/2024 23:50,South Station,16.0,0,3,0,14760
Fall 2024,CR-Franklin,Franklin/Foxboro Line,757,0,day_type_01,weekday,1/1/2024 20:11,Foxboro,16.0,0,6,0,14761
Fall 2024,CR-Providence,Providence/Stoughton Line,814,1,day_type_01,weekday,1/1/2024 9:22,Pawtucket/Central Falls,4.0,33,2,164,14762
Fall 2024,CR-Providence,Providence/Stoughton Line,809,0,day_type_01,weekday,1/1/2024 9:25,South Station,1.0,59,0,59,14763
Fall 2024,CR-Providence,Providence/Stoughton Line,800,1,day_type_01,weekday,1/1/2024 4:12,Providence,1.0,8,0,8,14764
Fall 2024,CR-Providence,Providence/Stoughton Line,800,1,day_type_01,weekday,1/1/2024 4:18,Pawtucket/Central Falls,2.0,21,0,29,14765
Fall 2024,CR-Providence,Providence/Stoughton Line,800,1,day_type_01,weekday,1/1/2024 4:23,South Attleboro,3.0,2,0,31,14766
Fall 2024,CR-Providence,Providence/Stoughton Line,800,1,day_type_01,weekday,1/1/2024 4:34,Attleboro,4.0,53,0,84,14767
Fall 2024,CR-Providence,Providence/Stoughton Line,800,1,day_type_01,weekday,1/1/2024 4:44,Mansfield,5.0,29,0,113,14768
Fall 2024,CR-Providence,Providence/Stoughton Line,800,1,day_type_01,weekday,1/1/2024 4:53,Sharon,6.0,7,0,120,14769
Fall 2024,CR-Providence,Providence/Stoughton Line,800,1,day_type_01,weekday,1/1/2024 4:58,Canton Junction,7.0,18,0,138,14770
Fall 2024,CR-Providence,Providence/Stoughton Line,800,1,day_type_01,weekday,1/1/2024 5:03,Route 128,8.0,11,3,146,14771
Fall 2024,CR-Providence,Providence/Stoughton Line,800,1,day_type_01,weekday,1/1/2024 5:18,Ruggles,9.0,2,31,117,14772
Fall 2024,CR-Providence,Providence/Stoughton Line,800,1,day_type_01,weekday,1/1/2024 5:22,Back Bay,10.0,1,38,80,14773
Fall 2024,CR-Providence,Providence/Stoughton Line,800,1,day_type_01,weekday,1/1/2024 5:28,South Station,11.0,0,80,0,14774
Fall 2024,CR-Providence,Providence/Stoughton Line,809,0,day_type_01,weekday,1/1/2024 9:30,Back Bay,2.0,3,24,38,14775
Fall 2024,CR-Providence,Providence/Stoughton Line,814,1,day_type_01,weekday,1/1/2024 9:35,Attleboro,5.0,49,0,213,14776
Fall 2024,CR-Franklin,Franklin/Foxboro Line,758,1,day_type_01,weekday,1/1/2024 20:59,Foxboro,1.0,0,0,0,14777
Fall 2024,CR-Providence,Providence/Stoughton Line,809,0,day_type_01,weekday,1/1/2024 9:33,Ruggles,3.0,5,14,29,14778
Fall 2024,CR-Providence,Providence/Stoughton Line,814,1,day_type_01,weekday,1/1/2024 9:45,Mansfield,6.0,37,2,248,14779
Fall 2024,CR-Franklin,Franklin/Foxboro Line,758,1,day_type_01,weekday,1/1/2024 21:12,Windsor Gardens,2.0,0,0,0,14780
Fall 2024,CR-Providence,Providence/Stoughton Line,809,0,day_type_01,weekday,1/1/2024 9:41,Hyde Park,4.0,6,2,33,14781
Fall 2024,CR-Providence,Providence/Stoughton Line,814,1,day_type_01,weekday,1/1/2024 9:54,Sharon,7.0,23,1,270,14782
Fall 2024,CR-Franklin,Franklin/Foxboro Line,758,1,day_type_01,weekday,1/1/2024 21:15,Norwood Central,3.0,2,0,2,14783
Fall 2024,CR-Providence,Providence/Stoughton Line,809,0,day_type_01,weekday,1/1/2024 9:47,Route 128,5.0,2,8,27,14784
Fall 2024,CR-Providence,Providence/Stoughton Line,814,1,day_type_01,weekday,1/1/2024 9:59,Canton Junction,8.0,19,1,288,14785
Fall 2024,CR-Franklin,Franklin/Foxboro Line,758,1,day_type_01,weekday,1/1/2024 21:17,Norwood Depot,4.0,3,0,5,14786
Fall 2024,CR-Providence,Providence/Stoughton Line,809,0,day_type_01,weekday,1/1/2024 9:53,Canton Junction,6.0,1,1,27,14787
Fall 2024,CR-Providence,Providence/Stoughton Line,814,1,day_type_01,weekday,1/1/2024 10:04,Route 128,9.0,26,2,312,14788
Fall 2024,CR-Franklin,Franklin/Foxboro Line,758,1,day_type_01,weekday,1/1/2024 21:20,Islington,5.0,0,1,4,14789
Fall 2024,CR-Providence,Providence/Stoughton Line,809,0,day_type_01,weekday,1/1/2024 9:59,Sharon,7.0,2,0,29,14790
Fall 2024,CR-Franklin,Franklin/Foxboro Line,758,1,day_type_01,weekday,1/1/2024 21:23,Dedham Corp Center,6.0,0,1,3,14791
Fall 2024,CR-Providence,Providence/Stoughton Line,809,0,day_type_01,weekday,1/1/2024 10:07,Mansfield,8.0,4,5,28,14792
Fall 2024,CR-Franklin,Franklin/Foxboro Line,758,1,day_type_01,weekday,1/1/2024 21:26,Endicott,7.0,1,1,3,14793
Fall 2024,CR-Providence,Providence/Stoughton Line,809,0,day_type_01,weekday,1/1/2024 10:15,Attleboro,9.0,2,5,25,14794
Fall 2024,CR-Franklin,Franklin/Foxboro Line,758,1,day_type_01,weekday,1/1/2024 21:30,Readville,8.0,0,3,0,14795
Fall 2024,CR-Providence,Providence/Stoughton Line,809,0,day_type_01,weekday,1/1/2024 10:24,Pawtucket/Central Falls,10.0,3,5,23,14796
Fall 2024,CR-Franklin,Franklin/Foxboro Line,758,1,day_type_01,weekday,1/1/2024 21:33,Fairmount,9.0,3,1,2,14797
Fall 2024,CR-Providence,Providence/Stoughton Line,809,0,day_type_01,weekday,1/1/2024 10:36,Providence,11.0,0,18,5,14798
Fall 2024,CR-Providence,Providence/Stoughton Line,809,0,day_type_01,weekday,1/1/2024 10:52,TF Green Airport,12.0,0,2,3,14799
Fall 2024,CR-Providence,Providence/Stoughton Line,809,0,day_type_01,weekday,1/1/2024 11:13,Wickford Junction,13.0,0,3,0,14800
Fall 2024,CR-Providence,Providence/Stoughton Line,837,0,day_type_01,weekday,1/1/2024 21:57,Route 128,6.0,5,17,171,14801
Fall 2024,CR-Providence,Providence/Stoughton Line,837,0,day_type_01,weekday,1/1/2024 22:03,Canton Junction,7.0,2,13,160,14802
Fall 2024,CR-Providence,Providence/Stoughton Line,837,0,day_type_01,weekday,1/1/2024 22:09,Sharon,8.0,0,14,146,14803
Fall 2024,CR-Providence,Providence/Stoughton Line,837,0,day_type_01,weekday,1/1/2024 22:17,Mansfield,9.0,5,19,132,14804
Fall 2024,CR-Providence,Providence/Stoughton Line,837,0,day_type_01,weekday,1/1/2024 22:25,Attleboro,10.0,0,20,112,14805
Fall 2024,CR-Providence,Providence/Stoughton Line,837,0,day_type_01,weekday,1/1/2024 22:34,Pawtucket/Central Falls,11.0,1,30,83,14806
Fall 2024,CR-Providence,Providence/Stoughton Line,837,0,day_type_01,weekday,1/1/2024 22:51,Providence,12.0,0,83,0,14807
Fall 2024,CR-Providence,Providence/Stoughton Line,838,1,day_type_01,weekday,1/1/2024 22:15,Providence,1.0,16,0,16,14808
Fall 2024,CR-Providence,Providence/Stoughton Line,838,1,day_type_01,weekday,1/1/2024 22:21,Pawtucket/Central Falls,2.0,2,0,18,14809
Fall 2024,CR-Providence,Providence/Stoughton Line,838,1,day_type_01,weekday,1/1/2024 22:34,Attleboro,3.0,10,1,27,14810
Fall 2024,CR-Providence,Providence/Stoughton Line,838,1,day_type_01,weekday,1/1/2024 22:44,Mansfield,4.0,3,2,28,14811
Fall 2024,CR-Providence,Providence/Stoughton Line,838,1,day_type_01,weekday,1/1/2024 22:53,Sharon,5.0,0,1,27,14812
Fall 2024,CR-Providence,Providence/Stoughton Line,838,1,day_type_01,weekday,1/1/2024 22:58,Canton Junction,6.0,2,1,28,14813
Fall 2024,CR-Providence,Providence/Stoughton Line,838,1,day_type_01,weekday,1/1/2024 23:03,Route 128,7.0,2,0,30,14814
Fall 2024,CR-Providence,Providence/Stoughton Line,838,1,day_type_01,weekday,1/1/2024 23:08,Hyde Park,8.0,1,3,28,14815
Fall 2024,CR-Providence,Providence/Stoughton Line,838,1,day_type_01,weekday,1/1/2024 23:19,Ruggles,9.0,2,7,23,14816
Fall 2024,CR-Providence,Providence/Stoughton Line,838,1,day_type_01,weekday,1/1/2024 23:23,Back Bay,10.0,2,6,19,14817
Fall 2024,CR-Providence,Providence/Stoughton Line,838,1,day_type_01,weekday,1/1/2024 23:28,South Station,11.0,0,19,0,14818
Fall 2024,CR-Providence,Providence/Stoughton Line,839,0,day_type_01,weekday,1/1/2024 22:45,South Station,1.0,149,0,149,14819
Fall 2024,CR-Providence,Providence/Stoughton Line,839,0,day_type_01,weekday,1/1/2024 22:50,Back Bay,2.0,78,12,215,14820
Fall 2024,CR-Providence,Providence/Stoughton Line,839,0,day_type_01,weekday,1/1/2024 22:53,Ruggles,3.0,25,5,235,14821
Fall 2024,CR-Providence,Providence/Stoughton Line,839,0,day_type_01,weekday,1/1/2024 22:58,Forest Hills,4.0,1,83,153,14822
Fall 2024,CR-Providence,Providence/Stoughton Line,839,0,day_type_01,weekday,1/1/2024 23:03,Hyde Park,5.0,0,10,143,14823
Fall 2024,CR-Providence,Providence/Stoughton Line,839,0,day_type_01,weekday,1/1/2024 23:08,Route 128,6.0,0,23,120,14824
Fall 2024,CR-Providence,Providence/Stoughton Line,841,0,day_type_01,weekday,1/1/2024 0:31,Sharon,9.0,0,6,77,14825
Fall 2024,CR-Providence,Providence/Stoughton Line,879,0,day_type_01,weekday,1/1/2024 15:20,Canton Junction,5.0,0,29,21,14826
Fall 2024,CR-Providence,Providence/Stoughton Line,866,1,day_type_01,weekday,1/1/2024 8:46,Back Bay,7.0,0,323,265,14827
Fall 2024,CR-Providence,Providence/Stoughton Line,828,1,day_type_01,weekday,1/1/2024 16:47,Route 128,7.0,24,5,226,14828
Fall 2024,CR-Providence,Providence/Stoughton Line,823,0,day_type_01,weekday,1/1/2024 17:00,Providence,9.0,7,57,89,14829
Fall 2024,CR-Providence,Providence/Stoughton Line,833,0,day_type_01,weekday,1/1/2024 19:20,South Station,1.0,203,0,203,14830
Fall 2024,CR-Providence,Providence/Stoughton Line,839,0,day_type_01,weekday,1/1/2024 23:14,Canton Junction,7.0,0,14,106,14831
Fall 2024,CR-Providence,Providence/Stoughton Line,839,0,day_type_01,weekday,1/1/2024 23:20,Sharon,8.0,0,9,97,14832
Fall 2024,CR-Providence,Providence/Stoughton Line,839,0,day_type_01,weekday,1/1/2024 23:28,Mansfield,9.0,1,20,78,14833
Fall 2024,CR-Providence,Providence/Stoughton Line,839,0,day_type_01,weekday,1/1/2024 23:36,Attleboro,10.0,1,24,55,14834
Fall 2024,CR-Providence,Providence/Stoughton Line,839,0,day_type_01,weekday,1/1/2024 23:45,Pawtucket/Central Falls,11.0,0,13,42,14835
Fall 2024,CR-Providence,Providence/Stoughton Line,839,0,day_type_01,weekday,1/1/2024 0:01,Providence,12.0,0,42,0,14836
Fall 2024,CR-Providence,Providence/Stoughton Line,840,1,day_type_01,weekday,1/1/2024 23:25,Providence,1.0,2,0,2,14837
Fall 2024,CR-Providence,Providence/Stoughton Line,840,1,day_type_01,weekday,1/1/2024 23:31,Pawtucket/Central Falls,2.0,1,1,2,14838
Fall 2024,CR-Providence,Providence/Stoughton Line,840,1,day_type_01,weekday,1/1/2024 23:44,Attleboro,3.0,1,0,3,14839
Fall 2024,CR-Providence,Providence/Stoughton Line,840,1,day_type_01,weekday,1/1/2024 23:57,Mansfield,4.0,0,0,3,14840
Fall 2024,CR-Providence,Providence/Stoughton Line,840,1,day_type_01,weekday,1/1/2024 0:06,Sharon,5.0,0,0,3,14841
Fall 2024,CR-Providence,Providence/Stoughton Line,840,1,day_type_01,weekday,1/1/2024 0:11,Canton Junction,6.0,0,0,3,14842
Fall 2024,CR-Providence,Providence/Stoughton Line,840,1,day_type_01,weekday,1/1/2024 0:16,Route 128,7.0,2,0,5,14843
Fall 2024,CR-Providence,Providence/Stoughton Line,840,1,day_type_01,weekday,1/1/2024 0:20,Readville,8.0,0,0,5,14844
Fall 2024,CR-Providence,Providence/Stoughton Line,840,1,day_type_01,weekday,1/1/2024 0:22,Hyde Park,9.0,0,1,4,14845
Fall 2024,CR-Providence,Providence/Stoughton Line,840,1,day_type_01,weekday,1/1/2024 0:34,Ruggles,10.0,0,4,0,14846
Fall 2024,CR-Providence,Providence/Stoughton Line,840,1,day_type_01,weekday,1/1/2024 0:38,Back Bay,11.0,0,0,0,14847
Fall 2024,CR-Providence,Providence/Stoughton Line,840,1,day_type_01,weekday,1/1/2024 0:43,South Station,12.0,0,0,0,14848
Fall 2024,CR-Providence,Providence/Stoughton Line,841,0,day_type_01,weekday,1/1/2024 23:55,South Station,1.0,65,0,65,14849
Fall 2024,CR-Providence,Providence/Stoughton Line,841,0,day_type_01,weekday,1/1/2024,Back Bay,2.0,28,0,93,14850
Fall 2024,CR-Providence,Providence/Stoughton Line,841,0,day_type_01,weekday,1/1/2024 0:03,Ruggles,3.0,17,4,106,14851
Fall 2024,CR-Providence,Providence/Stoughton Line,841,0,day_type_01,weekday,1/1/2024 0:08,Forest Hills,4.0,2,3,105,14852
Fall 2024,CR-Providence,Providence/Stoughton Line,841,0,day_type_01,weekday,1/1/2024 0:13,Hyde Park,5.0,1,5,101,14853
Fall 2024,CR-Providence,Providence/Stoughton Line,841,0,day_type_01,weekday,1/1/2024 0:15,Readville,6.0,0,4,97,14854
Fall 2024,CR-Providence,Providence/Stoughton Line,841,0,day_type_01,weekday,1/1/2024 0:19,Route 128,7.0,0,3,94,14855
Fall 2024,CR-Providence,Providence/Stoughton Line,841,0,day_type_01,weekday,1/1/2024 0:25,Canton Junction,8.0,0,11,83,14856
Fall 2024,CR-Providence,Providence/Stoughton Line,873,0,day_type_01,weekday,1/1/2024 12:16,Hyde Park,4.0,2,4,34,14857
Fall 2024,CR-Providence,Providence/Stoughton Line,828,1,day_type_01,weekday,1/1/2024 16:51,Readville,8.0,13,0,239,14858
Fall 2024,CR-Providence,Providence/Stoughton Line,879,0,day_type_01,weekday,1/1/2024 15:24,Canton Center,6.0,0,4,17,14859
Fall 2024,CR-Providence,Providence/Stoughton Line,866,1,day_type_01,weekday,1/1/2024 8:52,South Station,8.0,0,265,0,14860
Fall 2024,CR-Providence,Providence/Stoughton Line,833,0,day_type_01,weekday,1/1/2024 19:25,Back Bay,2.0,134,4,333,14861
Fall 2024,CR-Providence,Providence/Stoughton Line,823,0,day_type_01,weekday,1/1/2024 17:15,TF Green Airport,10.0,0,35,54,14862
Fall 2024,CR-Providence,Providence/Stoughton Line,873,0,day_type_01,weekday,1/1/2024 12:18,Readville,5.0,0,2,32,14863
Fall 2024,CR-Providence,Providence/Stoughton Line,828,1,day_type_01,weekday,1/1/2024 17:04,Ruggles,9.0,17,55,201,14864
Fall 2024,CR-Providence,Providence/Stoughton Line,879,0,day_type_01,weekday,1/1/2024 15:34,Stoughton,7.0,0,17,0,14865
Fall 2024,CR-Providence,Providence/Stoughton Line,833,0,day_type_01,weekday,1/1/2024 19:28,Ruggles,3.0,78,9,402,14866
Fall 2024,CR-Providence,Providence/Stoughton Line,867,0,day_type_01,weekday,1/1/2024 8:00,South Station,1.0,87,0,87,14867
Fall 2024,CR-Providence,Providence/Stoughton Line,823,0,day_type_01,weekday,1/1/2024 17:35,Wickford Junction,11.0,0,54,0,14868
Fall 2024,CR-Providence,Providence/Stoughton Line,833,0,day_type_01,weekday,1/1/2024 19:38,Readville,4.0,5,33,374,14869
Fall 2024,CR-Providence,Providence/Stoughton Line,867,0,day_type_01,weekday,1/1/2024 8:05,Back Bay,2.0,5,46,46,14870
Fall 2024,CR-Providence,Providence/Stoughton Line,873,0,day_type_01,weekday,1/1/2024 12:22,Route 128,6.0,0,5,27,14871
Fall 2024,CR-Providence,Providence/Stoughton Line,828,1,day_type_01,weekday,1/1/2024 17:08,Back Bay,10.0,45,83,163,14872
Fall 2024,CR-Providence,Providence/Stoughton Line,880,1,day_type_01,weekday,1/1/2024 16:05,Stoughton,1.0,7,0,7,14873
Fall 2024,CR-Providence,Providence/Stoughton Line,828,1,day_type_01,weekday,1/1/2024 17:14,South Station,11.0,0,162,1,14874
Fall 2024,CR-Providence,Providence/Stoughton Line,880,1,day_type_01,weekday,1/1/2024 16:12,Canton Center,2.0,7,0,14,14875
Fall 2024,CR-Providence,Providence/Stoughton Line,829,0,day_type_01,weekday,1/1/2024 17:40,South Station,1.0,789,0,789,14876
Fall 2024,CR-Providence,Providence/Stoughton Line,880,1,day_type_01,weekday,1/1/2024 16:15,Canton Junction,3.0,6,0,20,14877
Fall 2024,CR-Providence,Providence/Stoughton Line,829,0,day_type_01,weekday,1/1/2024 17:45,Back Bay,2.0,182,8,963,14878
Fall 2024,CR-Providence,Providence/Stoughton Line,841,0,day_type_01,weekday,1/1/2024 0:39,Mansfield,10.0,2,16,63,14879
Fall 2024,CR-Providence,Providence/Stoughton Line,880,1,day_type_01,weekday,1/1/2024 16:20,Route 128,4.0,34,5,49,14880
Fall 2024,CR-Providence,Providence/Stoughton Line,880,1,day_type_01,weekday,1/1/2024 16:25,Hyde Park,5.0,15,2,62,14881
Fall 2024,CR-Providence,Providence/Stoughton Line,880,1,day_type_01,weekday,1/1/2024 16:34,Ruggles,6.0,8,19,51,14882
Fall 2024,CR-Providence,Providence/Stoughton Line,880,1,day_type_01,weekday,1/1/2024 16:38,Back Bay,7.0,19,19,51,14883
Fall 2024,CR-Providence,Providence/Stoughton Line,880,1,day_type_01,weekday,1/1/2024 16:44,South Station,8.0,0,51,0,14884
Fall 2024,CR-Providence,Providence/Stoughton Line,881,0,day_type_01,weekday,1/1/2024 16:00,South Station,1.0,236,0,236,14885
Fall 2024,CR-Providence,Providence/Stoughton Line,881,0,day_type_01,weekday,1/1/2024 16:05,Back Bay,2.0,111,5,342,14886
Fall 2024,CR-Providence,Providence/Stoughton Line,881,0,day_type_01,weekday,1/1/2024 16:08,Ruggles,3.0,64,0,406,14887
Fall 2024,CR-Providence,Providence/Stoughton Line,881,0,day_type_01,weekday,1/1/2024 16:19,Route 128,4.0,0,83,323,14888
Fall 2024,CR-Providence,Providence/Stoughton Line,881,0,day_type_01,weekday,1/1/2024 16:25,Canton Junction,5.0,0,118,205,14889
Fall 2024,CR-Providence,Providence/Stoughton Line,881,0,day_type_01,weekday,1/1/2024 16:28,Canton Center,6.0,0,46,159,14890
Fall 2024,CR-Providence,Providence/Stoughton Line,881,0,day_type_01,weekday,1/1/2024 16:39,Stoughton,7.0,0,159,0,14891
Fall 2024,CR-Providence,Providence/Stoughton Line,882,1,day_type_01,weekday,1/1/2024 17:05,Stoughton,1.0,12,0,12,14892
Fall 2024,CR-Providence,Providence/Stoughton Line,882,1,day_type_01,weekday,1/1/2024 17:12,Canton Center,2.0,8,0,20,14893
Fall 2024,CR-Providence,Providence/Stoughton Line,882,1,day_type_01,weekday,1/1/2024 17:15,Canton Junction,3.0,8,0,28,14894
Fall 2024,CR-Providence,Providence/Stoughton Line,882,1,day_type_01,weekday,1/1/2024 17:20,Route 128,4.0,48,0,76,14895
Fall 2024,CR-Providence,Providence/Stoughton Line,882,1,day_type_01,weekday,1/1/2024 17:25,Hyde Park,5.0,15,5,86,14896
Fall 2024,CR-Providence,Providence/Stoughton Line,882,1,day_type_01,weekday,1/1/2024 17:34,Ruggles,6.0,22,21,87,14897
Fall 2024,CR-Providence,Providence/Stoughton Line,882,1,day_type_01,weekday,1/1/2024 17:38,Back Bay,7.0,12,30,69,14898
Fall 2024,CR-Providence,Providence/Stoughton Line,882,1,day_type_01,weekday,1/1/2024 17:44,South Station,8.0,0,71,-2,14899
Fall 2024,CR-Providence,Providence/Stoughton Line,883,0,day_type_01,weekday,1/1/2024 17:00,South Station,1.0,575,0,575,14900
Fall 2024,CR-Providence,Providence/Stoughton Line,883,0,day_type_01,weekday,1/1/2024 17:05,Back Bay,2.0,239,23,791,14901
Fall 2024,CR-Providence,Providence/Stoughton Line,883,0,day_type_01,weekday,1/1/2024 17:08,Ruggles,3.0,107,8,890,14902
Fall 2024,CR-Providence,Providence/Stoughton Line,883,0,day_type_01,weekday,1/1/2024 17:19,Route 128,4.0,0,197,693,14903
Fall 2024,CR-Providence,Providence/Stoughton Line,883,0,day_type_01,weekday,1/1/2024 17:25,Canton Junction,5.0,2,264,431,14904
Fall 2024,CR-Providence,Providence/Stoughton Line,883,0,day_type_01,weekday,1/1/2024 17:29,Canton Center,6.0,0,134,297,14905
Fall 2024,CR-Providence,Providence/Stoughton Line,883,0,day_type_01,weekday,1/1/2024 17:40,Stoughton,7.0,0,297,0,14906
Fall 2024,CR-Providence,Providence/Stoughton Line,884,1,day_type_01,weekday,1/1/2024 18:15,Stoughton,1.0,5,0,5,14907
Fall 2024,CR-Providence,Providence/Stoughton Line,884,1,day_type_01,weekday,1/1/2024 18:22,Canton Center,2.0,2,0,7,14908
Fall 2024,CR-Providence,Providence/Stoughton Line,884,1,day_type_01,weekday,1/1/2024 18:25,Canton Junction,3.0,7,0,14,14909
Fall 2024,CR-Providence,Providence/Stoughton Line,884,1,day_type_01,weekday,1/1/2024 18:30,Route 128,4.0,13,2,25,14910
Fall 2024,CR-Providence,Providence/Stoughton Line,884,1,day_type_01,weekday,1/1/2024 18:35,Hyde Park,5.0,1,3,23,14911
Fall 2024,CR-Providence,Providence/Stoughton Line,824,1,day_type_01,weekday,1/1/2024 14:10,Providence,1.0,18,0,18,14912
Fall 2024,CR-Providence,Providence/Stoughton Line,873,0,day_type_01,weekday,1/1/2024 12:28,Canton Junction,7.0,0,2,25,14913
Fall 2024,CR-Providence,Providence/Stoughton Line,867,0,day_type_01,weekday,1/1/2024 8:08,Ruggles,3.0,39,22,63,14914
Fall 2024,CR-Providence,Providence/Stoughton Line,833,0,day_type_01,weekday,1/1/2024 19:43,Route 128,5.0,2,30,346,14915
Fall 2024,CR-Providence,Providence/Stoughton Line,884,1,day_type_01,weekday,1/1/2024 18:48,Ruggles,6.0,2,6,19,14916
Fall 2024,CR-Providence,Providence/Stoughton Line,884,1,day_type_01,weekday,1/1/2024 18:52,Back Bay,7.0,2,7,14,14917
Fall 2024,CR-Providence,Providence/Stoughton Line,884,1,day_type_01,weekday,1/1/2024 18:58,South Station,8.0,0,14,0,14918
Fall 2024,CR-Providence,Providence/Stoughton Line,885,0,day_type_01,weekday,1/1/2024 18:00,South Station,1.0,232,0,232,14919
Fall 2024,CR-Providence,Providence/Stoughton Line,885,0,day_type_01,weekday,1/1/2024 18:05,Back Bay,2.0,81,0,313,14920
Fall 2024,CR-Providence,Providence/Stoughton Line,885,0,day_type_01,weekday,1/1/2024 18:08,Ruggles,3.0,43,6,350,14921
Fall 2024,CR-Providence,Providence/Stoughton Line,885,0,day_type_01,weekday,1/1/2024 18:19,Route 128,4.0,2,75,277,14922
Fall 2024,CR-Providence,Providence/Stoughton Line,885,0,day_type_01,weekday,1/1/2024 18:25,Canton Junction,5.0,1,97,181,14923
Fall 2024,CR-Providence,Providence/Stoughton Line,885,0,day_type_01,weekday,1/1/2024 18:29,Canton Center,6.0,0,30,151,14924
Fall 2024,CR-Providence,Providence/Stoughton Line,885,0,day_type_01,weekday,1/1/2024 18:39,Stoughton,7.0,0,151,0,14925
Fall 2024,CR-Providence,Providence/Stoughton Line,886,1,day_type_01,weekday,1/1/2024 19:18,Stoughton,1.0,1,0,1,14926
Fall 2024,CR-Providence,Providence/Stoughton Line,886,1,day_type_01,weekday,1/1/2024 19:25,Canton Center,2.0,1,3,-1,14927
Fall 2024,CR-Providence,Providence/Stoughton Line,824,1,day_type_01,weekday,1/1/2024 14:16,Pawtucket/Central Falls,2.0,8,1,25,14928
Fall 2024,CR-Providence,Providence/Stoughton Line,829,0,day_type_01,weekday,1/1/2024 17:49,Ruggles,3.0,107,6,1064,14929
Fall 2024,CR-Providence,Providence/Stoughton Line,867,0,day_type_01,weekday,1/1/2024 8:18,Route 128,4.0,0,48,15,14930
Fall 2024,CR-Providence,Providence/Stoughton Line,833,0,day_type_01,weekday,1/1/2024 19:49,Canton Junction,6.0,3,21,328,14931
Fall 2024,CR-Providence,Providence/Stoughton Line,873,0,day_type_01,weekday,1/1/2024 12:31,Canton Center,8.0,0,5,20,14932
Fall 2024,CR-Providence,Providence/Stoughton Line,824,1,day_type_01,weekday,1/1/2024 14:30,Attleboro,3.0,9,3,31,14933
Fall 2024,CR-Providence,Providence/Stoughton Line,829,0,day_type_01,weekday,1/1/2024 18:00,Route 128,4.0,19,96,987,14934
Fall 2024,CR-Providence,Providence/Stoughton Line,841,0,day_type_01,weekday,1/1/2024 0:47,Attleboro,11.0,1,5,59,14935
Fall 2024,CR-Providence,Providence/Stoughton Line,833,0,day_type_01,weekday,1/1/2024 19:55,Sharon,7.0,4,37,295,14936
Fall 2024,CR-Providence,Providence/Stoughton Line,829,0,day_type_01,weekday,1/1/2024 18:06,Canton Junction,5.0,1,141,847,14937
Fall 2024,CR-Providence,Providence/Stoughton Line,824,1,day_type_01,weekday,1/1/2024 14:40,Mansfield,4.0,8,5,34,14938
Fall 2024,CR-Providence,Providence/Stoughton Line,841,0,day_type_01,weekday,1/1/2024 0:56,Pawtucket/Central Falls,12.0,0,20,39,14939
Fall 2024,CR-Providence,Providence/Stoughton Line,873,0,day_type_01,weekday,1/1/2024 12:39,Stoughton,9.0,0,20,0,14940
Fall 2024,CR-Providence,Providence/Stoughton Line,833,0,day_type_01,weekday,1/1/2024 20:03,Mansfield,8.0,1,73,223,14941
Fall 2024,CR-Providence,Providence/Stoughton Line,829,0,day_type_01,weekday,1/1/2024 18:12,Sharon,6.0,0,155,692,14942
Fall 2024,CR-Providence,Providence/Stoughton Line,867,0,day_type_01,weekday,1/1/2024 8:24,Canton Junction,5.0,0,6,9,14943
Fall 2024,CR-Providence,Providence/Stoughton Line,824,1,day_type_01,weekday,1/1/2024 14:49,Sharon,5.0,6,1,39,14944
Fall 2024,CR-Providence,Providence/Stoughton Line,841,0,day_type_01,weekday,1/1/2024 1:12,Providence,13.0,0,39,0,14945
Fall 2024,CR-Providence,Providence/Stoughton Line,874,1,day_type_01,weekday,1/1/2024 13:20,Stoughton,1.0,5,0,5,14946
Fall 2024,CR-Providence,Providence/Stoughton Line,833,0,day_type_01,weekday,1/1/2024 20:11,Attleboro,9.0,5,98,130,14947
Fall 2024,CR-Providence,Providence/Stoughton Line,829,0,day_type_01,weekday,1/1/2024 18:20,Mansfield,7.0,4,185,511,14948
Fall 2024,CR-Providence,Providence/Stoughton Line,867,0,day_type_01,weekday,1/1/2024 8:27,Canton Center,6.0,0,2,7,14949
Fall 2024,CR-Providence,Providence/Stoughton Line,867,0,day_type_01,weekday,1/1/2024 8:37,Stoughton,7.0,0,7,0,14950
Fall 2024,CR-Providence,Providence/Stoughton Line,868,1,day_type_01,weekday,1/1/2024 9:15,Stoughton,1.0,44,0,44,14951
Fall 2024,CR-Providence,Providence/Stoughton Line,868,1,day_type_01,weekday,1/1/2024 9:22,Canton Center,2.0,16,0,60,14952
Fall 2024,CR-Providence,Providence/Stoughton Line,868,1,day_type_01,weekday,1/1/2024 9:25,Canton Junction,3.0,39,1,98,14953
Fall 2024,CR-Providence,Providence/Stoughton Line,868,1,day_type_01,weekday,1/1/2024 9:30,Route 128,4.0,27,2,123,14954
Fall 2024,CR-Providence,Providence/Stoughton Line,868,1,day_type_01,weekday,1/1/2024 9:35,Hyde Park,5.0,23,2,144,14955
Fall 2024,CR-Providence,Providence/Stoughton Line,868,1,day_type_01,weekday,1/1/2024 9:46,Ruggles,6.0,6,33,117,14956
Fall 2024,CR-Providence,Providence/Stoughton Line,868,1,day_type_01,weekday,1/1/2024 9:50,Back Bay,7.0,5,60,62,14957
Fall 2024,CR-Providence,Providence/Stoughton Line,868,1,day_type_01,weekday,1/1/2024 9:56,South Station,8.0,0,62,0,14958
Fall 2024,CR-Providence,Providence/Stoughton Line,869,0,day_type_01,weekday,1/1/2024 8:57,South Station,1.0,35,0,35,14959
Fall 2024,CR-Providence,Providence/Stoughton Line,869,0,day_type_01,weekday,1/1/2024 9:02,Back Bay,2.0,5,18,22,14960
Fall 2024,CR-Providence,Providence/Stoughton Line,869,0,day_type_01,weekday,1/1/2024 9:05,Ruggles,3.0,6,8,20,14961
Fall 2024,CR-Providence,Providence/Stoughton Line,869,0,day_type_01,weekday,1/1/2024 9:15,Route 128,4.0,0,8,12,14962
Fall 2024,CR-Providence,Providence/Stoughton Line,869,0,day_type_01,weekday,1/1/2024 9:21,Canton Junction,5.0,0,2,10,14963
Fall 2024,CR-Providence,Providence/Stoughton Line,869,0,day_type_01,weekday,1/1/2024 9:28,Canton Center,6.0,0,1,9,14964
Fall 2024,CR-Providence,Providence/Stoughton Line,869,0,day_type_01,weekday,1/1/2024 9:37,Stoughton,7.0,0,9,0,14965
Fall 2024,CR-Providence,Providence/Stoughton Line,870,1,day_type_01,weekday,1/1/2024 10:15,Stoughton,1.0,15,0,15,14966
Fall 2024,CR-Providence,Providence/Stoughton Line,870,1,day_type_01,weekday,1/1/2024 10:22,Canton Center,2.0,10,1,24,14967
Fall 2024,CR-Providence,Providence/Stoughton Line,870,1,day_type_01,weekday,1/1/2024 10:25,Canton Junction,3.0,19,1,42,14968
Fall 2024,CR-Providence,Providence/Stoughton Line,870,1,day_type_01,weekday,1/1/2024 10:30,Route 128,4.0,11,3,50,14969
Fall 2024,CR-Providence,Providence/Stoughton Line,870,1,day_type_01,weekday,1/1/2024 10:35,Hyde Park,5.0,17,1,66,14970
Fall 2024,CR-Providence,Providence/Stoughton Line,870,1,day_type_01,weekday,1/1/2024 10:44,Ruggles,6.0,3,21,48,14971
Fall 2024,CR-Providence,Providence/Stoughton Line,870,1,day_type_01,weekday,1/1/2024 10:48,Back Bay,7.0,2,27,23,14972
Fall 2024,CR-Providence,Providence/Stoughton Line,870,1,day_type_01,weekday,1/1/2024 10:53,South Station,8.0,0,23,0,14973
Fall 2024,CR-Providence,Providence/Stoughton Line,871,0,day_type_01,weekday,1/1/2024 10:02,South Station,1.0,12,0,12,14974
Fall 2024,CR-Providence,Providence/Stoughton Line,871,0,day_type_01,weekday,1/1/2024 10:07,Back Bay,2.0,2,4,10,14975
Fall 2024,CR-Providence,Providence/Stoughton Line,871,0,day_type_01,weekday,1/1/2024 10:10,Ruggles,3.0,5,3,12,14976
Fall 2024,CR-Providence,Providence/Stoughton Line,871,0,day_type_01,weekday,1/1/2024 10:21,Route 128,4.0,0,3,9,14977
Fall 2024,CR-Providence,Providence/Stoughton Line,871,0,day_type_01,weekday,1/1/2024 10:27,Canton Junction,5.0,0,2,7,14978
Fall 2024,CR-Providence,Providence/Stoughton Line,871,0,day_type_01,weekday,1/1/2024 10:30,Canton Center,6.0,1,2,6,14979
Fall 2024,CR-Providence,Providence/Stoughton Line,871,0,day_type_01,weekday,1/1/2024 10:38,Stoughton,7.0,0,6,0,14980
Fall 2024,CR-Providence,Providence/Stoughton Line,872,1,day_type_01,weekday,1/1/2024 11:20,Stoughton,1.0,33,0,33,14981
Fall 2024,CR-Providence,Providence/Stoughton Line,872,1,day_type_01,weekday,1/1/2024 11:27,Canton Center,2.0,11,0,44,14982
Fall 2024,CR-Providence,Providence/Stoughton Line,872,1,day_type_01,weekday,1/1/2024 11:30,Canton Junction,3.0,15,0,59,14983
Fall 2024,CR-Providence,Providence/Stoughton Line,872,1,day_type_01,weekday,1/1/2024 11:35,Route 128,4.0,10,2,67,14984
Fall 2024,CR-Providence,Providence/Stoughton Line,872,1,day_type_01,weekday,1/1/2024 11:40,Hyde Park,5.0,11,2,76,14985
Fall 2024,CR-Providence,Providence/Stoughton Line,872,1,day_type_01,weekday,1/1/2024 11:49,Ruggles,6.0,2,21,57,14986
Fall 2024,CR-Providence,Providence/Stoughton Line,872,1,day_type_01,weekday,1/1/2024 11:53,Back Bay,7.0,0,20,37,14987
Fall 2024,CR-Providence,Providence/Stoughton Line,872,1,day_type_01,weekday,1/1/2024 11:58,South Station,8.0,0,37,0,14988
Fall 2024,CR-Providence,Providence/Stoughton Line,873,0,day_type_01,weekday,1/1/2024 12:00,South Station,1.0,12,0,12,14989
Fall 2024,CR-Providence,Providence/Stoughton Line,873,0,day_type_01,weekday,1/1/2024 12:05,Back Bay,2.0,10,0,22,14990
Fall 2024,CR-Providence,Providence/Stoughton Line,873,0,day_type_01,weekday,1/1/2024 12:08,Ruggles,3.0,14,0,36,14991
Fall 2024,CR-Providence,Providence/Stoughton Line,874,1,day_type_01,weekday,1/1/2024 13:27,Canton Center,2.0,12,0,17,14992
Fall 2024,CR-Providence,Providence/Stoughton Line,824,1,day_type_01,weekday,1/1/2024 14:57,Route 128,6.0,3,1,41,14993
Fall 2024,CR-Providence,Providence/Stoughton Line,833,0,day_type_01,weekday,1/1/2024 20:20,Pawtucket/Central Falls,10.0,0,62,68,14994
Fall 2024,CR-Providence,Providence/Stoughton Line,874,1,day_type_01,weekday,1/1/2024 13:30,Canton Junction,3.0,8,0,25,14995
Fall 2024,CR-Providence,Providence/Stoughton Line,829,0,day_type_01,weekday,1/1/2024 18:29,Attleboro,8.0,5,260,256,14996
Fall 2024,CR-Providence,Providence/Stoughton Line,824,1,day_type_01,weekday,1/1/2024 15:12,Ruggles,7.0,4,9,36,14997
Fall 2024,CR-Providence,Providence/Stoughton Line,833,0,day_type_01,weekday,1/1/2024 20:32,Providence,11.0,0,68,0,14998
Fall 2024,CR-Providence,Providence/Stoughton Line,860,1,day_type_01,weekday,1/1/2024 5:15,Stoughton,1.0,37,0,37,14999
Fall 2024,CR-Providence,Providence/Stoughton Line,829,0,day_type_01,weekday,1/1/2024 18:36,South Attleboro,9.0,3,43,216,15000
Fall 2024,CR-Providence,Providence/Stoughton Line,824,1,day_type_01,weekday,1/1/2024 15:16,Back Bay,8.0,9,23,22,15001
Fall 2024,CR-Providence,Providence/Stoughton Line,860,1,day_type_01,weekday,1/1/2024 5:22,Canton Center,2.0,10,0,47,15002
Fall 2024,CR-Providence,Providence/Stoughton Line,834,1,day_type_01,weekday,1/1/2024 18:46,Wickford Junction,1.0,5,0,5,15003
Fall 2024,CR-Providence,Providence/Stoughton Line,874,1,day_type_01,weekday,1/1/2024 13:35,Route 128,4.0,3,0,28,15004
Fall 2024,CR-Providence,Providence/Stoughton Line,829,0,day_type_01,weekday,1/1/2024 18:40,Pawtucket/Central Falls,10.0,0,76,140,15005
Fall 2024,CR-Providence,Providence/Stoughton Line,824,1,day_type_01,weekday,1/1/2024 15:21,South Station,9.0,0,22,0,15006
Fall 2024,CR-Providence,Providence/Stoughton Line,860,1,day_type_01,weekday,1/1/2024 5:25,Canton Junction,3.0,51,0,98,15007
Fall 2024,CR-Providence,Providence/Stoughton Line,834,1,day_type_01,weekday,1/1/2024 19:00,TF Green Airport,2.0,3,0,8,15008
Fall 2024,CR-Providence,Providence/Stoughton Line,874,1,day_type_01,weekday,1/1/2024 13:40,Hyde Park,5.0,4,4,28,15009
Fall 2024,CR-Providence,Providence/Stoughton Line,829,0,day_type_01,weekday,1/1/2024 18:53,Providence,11.0,0,97,43,15010
Fall 2024,CR-Providence,Providence/Stoughton Line,825,0,day_type_01,weekday,1/1/2024 16:20,South Station,1.0,544,0,544,15011
Fall 2024,CR-Providence,Providence/Stoughton Line,860,1,day_type_01,weekday,1/1/2024 5:30,Route 128,4.0,28,0,126,15012
Fall 2024,CR-Providence,Providence/Stoughton Line,834,1,day_type_01,weekday,1/1/2024 19:15,Providence,3.0,55,1,62,15013
Fall 2024,CR-Providence,Providence/Stoughton Line,874,1,day_type_01,weekday,1/1/2024 13:49,Ruggles,6.0,6,13,21,15014
Fall 2024,CR-Providence,Providence/Stoughton Line,829,0,day_type_01,weekday,1/1/2024 19:10,TF Green Airport,12.0,0,30,13,15015
Fall 2024,CR-Providence,Providence/Stoughton Line,860,1,day_type_01,weekday,1/1/2024 5:35,Hyde Park,5.0,11,0,137,15016
Fall 2024,CR-Providence,Providence/Stoughton Line,825,0,day_type_01,weekday,1/1/2024 16:25,Back Bay,2.0,199,7,736,15017
Fall 2024,CR-Providence,Providence/Stoughton Line,874,1,day_type_01,weekday,1/1/2024 13:53,Back Bay,7.0,3,14,10,15018
Fall 2024,CR-Providence,Providence/Stoughton Line,834,1,day_type_01,weekday,1/1/2024 19:22,Pawtucket/Central Falls,4.0,9,1,70,15019
Fall 2024,CR-Providence,Providence/Stoughton Line,829,0,day_type_01,weekday,1/1/2024 19:29,Wickford Junction,13.0,0,14,-1,15020
Fall 2024,CR-Providence,Providence/Stoughton Line,874,1,day_type_01,weekday,1/1/2024 13:58,South Station,8.0,0,10,0,15021
Fall 2024,CR-Providence,Providence/Stoughton Line,825,0,day_type_01,weekday,1/1/2024 16:28,Ruggles,3.0,79,2,813,15022
Fall 2024,CR-Providence,Providence/Stoughton Line,860,1,day_type_01,weekday,1/1/2024 5:44,Ruggles,6.0,2,44,95,15023
Fall 2024,CR-Providence,Providence/Stoughton Line,830,1,day_type_01,weekday,1/1/2024 16:35,Wickford Junction,1.0,10,0,10,15024
Fall 2024,CR-Providence,Providence/Stoughton Line,875,0,day_type_01,weekday,1/1/2024 13:05,South Station,1.0,30,0,30,15025
Fall 2024,CR-Providence,Providence/Stoughton Line,825,0,day_type_01,weekday,1/1/2024 16:39,Route 128,4.0,8,37,784,15026
Fall 2024,CR-Providence,Providence/Stoughton Line,834,1,day_type_01,weekday,1/1/2024 19:35,Attleboro,5.0,5,4,71,15027
Fall 2024,CR-Providence,Providence/Stoughton Line,860,1,day_type_01,weekday,1/1/2024 5:48,Back Bay,7.0,0,40,55,15028
Fall 2024,CR-Providence,Providence/Stoughton Line,830,1,day_type_01,weekday,1/1/2024 16:49,TF Green Airport,2.0,8,1,17,15029
Fall 2024,CR-Providence,Providence/Stoughton Line,875,0,day_type_01,weekday,1/1/2024 13:10,Back Bay,2.0,19,0,49,15030
Fall 2024,CR-Providence,Providence/Stoughton Line,825,0,day_type_01,weekday,1/1/2024 16:45,Canton Junction,5.0,3,156,631,15031
Fall 2024,CR-Providence,Providence/Stoughton Line,834,1,day_type_01,weekday,1/1/2024 19:45,Mansfield,6.0,6,6,71,15032
Fall 2024,CR-Providence,Providence/Stoughton Line,860,1,day_type_01,weekday,1/1/2024 5:54,South Station,8.0,0,55,0,15033
Fall 2024,CR-Providence,Providence/Stoughton Line,830,1,day_type_01,weekday,1/1/2024 17:04,Providence,3.0,125,3,139,15034
Fall 2024,CR-Providence,Providence/Stoughton Line,875,0,day_type_01,weekday,1/1/2024 13:13,Ruggles,3.0,12,5,56,15035
Fall 2024,CR-Providence,Providence/Stoughton Line,825,0,day_type_01,weekday,1/1/2024 16:51,Sharon,6.0,0,98,533,15036
Fall 2024,CR-Providence,Providence/Stoughton Line,834,1,day_type_01,weekday,1/1/2024 19:54,Sharon,7.0,3,1,73,15037
Fall 2024,CR-Providence,Providence/Stoughton Line,861,0,day_type_01,weekday,1/1/2024 5:25,South Station,1.0,2,0,2,15038
Fall 2024,CR-Providence,Providence/Stoughton Line,830,1,day_type_01,weekday,1/1/2024 17:11,Pawtucket/Central Falls,4.0,25,5,159,15039
Fall 2024,CR-Providence,Providence/Stoughton Line,875,0,day_type_01,weekday,1/1/2024 13:21,Hyde Park,4.0,2,8,50,15040
Fall 2024,CR-Providence,Providence/Stoughton Line,825,0,day_type_01,weekday,1/1/2024 16:59,Mansfield,7.0,6,222,317,15041
Fall 2024,CR-Providence,Providence/Stoughton Line,834,1,day_type_01,weekday,1/1/2024 20:02,Route 128,8.0,1,3,71,15042
Fall 2024,CR-Providence,Providence/Stoughton Line,861,0,day_type_01,weekday,1/1/2024 5:30,Back Bay,2.0,0,0,2,15043
Fall 2024,CR-Providence,Providence/Stoughton Line,830,1,day_type_01,weekday,1/1/2024 17:24,Attleboro,5.0,28,8,179,15044
Fall 2024,CR-Providence,Providence/Stoughton Line,875,0,day_type_01,weekday,1/1/2024 13:26,Route 128,5.0,0,14,36,15045
Fall 2024,CR-Providence,Providence/Stoughton Line,825,0,day_type_01,weekday,1/1/2024 17:07,Attleboro,8.0,8,208,117,15046
Fall 2024,CR-Providence,Providence/Stoughton Line,834,1,day_type_01,weekday,1/1/2024 20:06,Readville,9.0,1,1,71,15047
Fall 2024,CR-Providence,Providence/Stoughton Line,861,0,day_type_01,weekday,1/1/2024 5:33,Ruggles,3.0,2,0,4,15048
Fall 2024,CR-Providence,Providence/Stoughton Line,861,0,day_type_01,weekday,1/1/2024 5:44,Route 128,4.0,0,3,1,15049
Fall 2024,CR-Providence,Providence/Stoughton Line,861,0,day_type_01,weekday,1/1/2024 5:50,Canton Junction,5.0,0,0,1,15050
Fall 2024,CR-Providence,Providence/Stoughton Line,861,0,day_type_01,weekday,1/1/2024 5:53,Canton Center,6.0,0,1,0,15051
Fall 2024,CR-Providence,Providence/Stoughton Line,861,0,day_type_01,weekday,1/1/2024 6:01,Stoughton,7.0,0,0,0,15052
Fall 2024,CR-Providence,Providence/Stoughton Line,862,1,day_type_01,weekday,1/1/2024 6:18,Stoughton,1.0,149,0,149,15053
Fall 2024,CR-Providence,Providence/Stoughton Line,862,1,day_type_01,weekday,1/1/2024 6:25,Canton Center,2.0,65,0,214,15054
Fall 2024,CR-Providence,Providence/Stoughton Line,862,1,day_type_01,weekday,1/1/2024 6:28,Canton Junction,3.0,98,0,312,15055
Fall 2024,CR-Providence,Providence/Stoughton Line,862,1,day_type_01,weekday,1/1/2024 6:33,Route 128,4.0,39,0,351,15056
Fall 2024,CR-Providence,Providence/Stoughton Line,862,1,day_type_01,weekday,1/1/2024 6:37,Readville,5.0,21,1,371,15057
Fall 2024,CR-Providence,Providence/Stoughton Line,862,1,day_type_01,weekday,1/1/2024 6:40,Hyde Park,6.0,83,2,452,15058
Fall 2024,CR-Providence,Providence/Stoughton Line,862,1,day_type_01,weekday,1/1/2024 6:50,Ruggles,7.0,1,130,323,15059
Fall 2024,CR-Providence,Providence/Stoughton Line,862,1,day_type_01,weekday,1/1/2024 6:54,Back Bay,8.0,1,109,215,15060
Fall 2024,CR-Providence,Providence/Stoughton Line,862,1,day_type_01,weekday,1/1/2024 7:00,South Station,9.0,0,215,0,15061
Fall 2024,CR-Providence,Providence/Stoughton Line,864,1,day_type_01,weekday,1/1/2024 7:15,Stoughton,1.0,239,0,239,15062
Fall 2024,CR-Providence,Providence/Stoughton Line,864,1,day_type_01,weekday,1/1/2024 7:22,Canton Center,2.0,100,0,339,15063
Fall 2024,CR-Providence,Providence/Stoughton Line,864,1,day_type_01,weekday,1/1/2024 7:25,Canton Junction,3.0,247,0,586,15064
Fall 2024,CR-Providence,Providence/Stoughton Line,864,1,day_type_01,weekday,1/1/2024 7:30,Route 128,4.0,109,2,693,15065
Fall 2024,CR-Providence,Providence/Stoughton Line,864,1,day_type_01,weekday,1/1/2024 7:35,Hyde Park,5.0,95,2,786,15066
Fall 2024,CR-Providence,Providence/Stoughton Line,864,1,day_type_01,weekday,1/1/2024 7:47,Ruggles,6.0,17,94,709,15067
Fall 2024,CR-Providence,Providence/Stoughton Line,864,1,day_type_01,weekday,1/1/2024 7:51,Back Bay,7.0,6,232,483,15068
Fall 2024,CR-Providence,Providence/Stoughton Line,864,1,day_type_01,weekday,1/1/2024 7:57,South Station,8.0,0,483,0,15069
Fall 2024,CR-Providence,Providence/Stoughton Line,865,0,day_type_01,weekday,1/1/2024 7:00,South Station,1.0,17,0,17,15070
Fall 2024,CR-Providence,Providence/Stoughton Line,865,0,day_type_01,weekday,1/1/2024 7:05,Back Bay,2.0,10,14,13,15071
Fall 2024,CR-Providence,Providence/Stoughton Line,865,0,day_type_01,weekday,1/1/2024 7:08,Ruggles,3.0,17,12,18,15072
Fall 2024,CR-Providence,Providence/Stoughton Line,865,0,day_type_01,weekday,1/1/2024 7:18,Route 128,4.0,1,15,4,15073
Fall 2024,CR-Providence,Providence/Stoughton Line,865,0,day_type_01,weekday,1/1/2024 7:24,Canton Junction,5.0,0,0,4,15074
Fall 2024,CR-Providence,Providence/Stoughton Line,865,0,day_type_01,weekday,1/1/2024 7:28,Canton Center,6.0,2,0,6,15075
Fall 2024,CR-Providence,Providence/Stoughton Line,865,0,day_type_01,weekday,1/1/2024 7:37,Stoughton,7.0,0,6,0,15076
Fall 2024,CR-Providence,Providence/Stoughton Line,866,1,day_type_01,weekday,1/1/2024 8:12,Stoughton,1.0,201,0,201,15077
Fall 2024,CR-Providence,Providence/Stoughton Line,866,1,day_type_01,weekday,1/1/2024 8:19,Canton Center,2.0,79,0,280,15078
Fall 2024,CR-Providence,Providence/Stoughton Line,866,1,day_type_01,weekday,1/1/2024 8:22,Canton Junction,3.0,215,0,495,15079
Fall 2024,CR-Providence,Providence/Stoughton Line,866,1,day_type_01,weekday,1/1/2024 8:27,Route 128,4.0,106,0,601,15080
Fall 2024,CR-Providence,Providence/Stoughton Line,866,1,day_type_01,weekday,1/1/2024 8:32,Hyde Park,5.0,74,5,670,15081
Fall 2024,CR-Providence,Providence/Stoughton Line,866,1,day_type_01,weekday,1/1/2024 8:42,Ruggles,6.0,1,83,588,15082
Fall 2024,CR-Providence,Providence/Stoughton Line,834,1,day_type_01,weekday,1/1/2024 20:19,Ruggles,10.0,4,17,58,15083
Fall 2024,CR-Providence,Providence/Stoughton Line,825,0,day_type_01,weekday,1/1/2024 17:16,Pawtucket/Central Falls,9.0,0,58,59,15084
Fall 2024,CR-Providence,Providence/Stoughton Line,830,1,day_type_01,weekday,1/1/2024 17:34,Mansfield,6.0,15,9,185,15085
Fall 2024,CR-Providence,Providence/Stoughton Line,834,1,day_type_01,weekday,1/1/2024 20:23,Back Bay,11.0,2,28,32,15086
Fall 2024,CR-Providence,Providence/Stoughton Line,875,0,day_type_01,weekday,1/1/2024 13:32,Canton Junction,6.0,0,11,25,15087
Fall 2024,CR-Providence,Providence/Stoughton Line,830,1,day_type_01,weekday,1/1/2024 17:43,Sharon,7.0,20,6,199,15088
Fall 2024,CR-Providence,Providence/Stoughton Line,825,0,day_type_01,weekday,1/1/2024 17:31,Providence,10.0,0,59,0,15089
Fall 2024,CR-Providence,Providence/Stoughton Line,834,1,day_type_01,weekday,1/1/2024 20:28,South Station,12.0,0,35,-3,15090
Fall 2024,CR-Providence,Providence/Stoughton Line,875,0,day_type_01,weekday,1/1/2024 13:35,Canton Center,7.0,0,3,22,15091
Fall 2024,CR-Providence,Providence/Stoughton Line,830,1,day_type_01,weekday,1/1/2024 17:48,Canton Junction,8.0,8,5,202,15092
Fall 2024,CR-Providence,Providence/Stoughton Line,826,1,day_type_01,weekday,1/1/2024 14:25,Wickford Junction,1.0,11,0,11,15093
Fall 2024,CR-Providence,Providence/Stoughton Line,835,0,day_type_01,weekday,1/1/2024 20:35,South Station,1.0,97,0,97,15094
Fall 2024,CR-Providence,Providence/Stoughton Line,875,0,day_type_01,weekday,1/1/2024 13:43,Stoughton,8.0,0,21,1,15095
Fall 2024,CR-Providence,Providence/Stoughton Line,830,1,day_type_01,weekday,1/1/2024 17:53,Route 128,9.0,23,4,221,15096
Fall 2024,CR-Providence,Providence/Stoughton Line,826,1,day_type_01,weekday,1/1/2024 14:39,TF Green Airport,2.0,9,1,19,15097
Fall 2024,CR-Providence,Providence/Stoughton Line,835,0,day_type_01,weekday,1/1/2024 20:40,Back Bay,2.0,78,1,174,15098
Fall 2024,CR-Providence,Providence/Stoughton Line,876,1,day_type_01,weekday,1/1/2024 14:15,Stoughton,1.0,4,0,4,15099
Fall 2024,CR-Providence,Providence/Stoughton Line,830,1,day_type_01,weekday,1/1/2024 18:08,Ruggles,10.0,7,51,177,15100
Fall 2024,CR-Providence,Providence/Stoughton Line,826,1,day_type_01,weekday,1/1/2024 14:55,Providence,3.0,43,6,56,15101
Fall 2024,CR-Providence,Providence/Stoughton Line,835,0,day_type_01,weekday,1/1/2024 20:43,Ruggles,3.0,62,1,235,15102
Fall 2024,CR-Providence,Providence/Stoughton Line,876,1,day_type_01,weekday,1/1/2024 14:22,Canton Center,2.0,5,0,9,15103
Fall 2024,CR-Providence,Providence/Stoughton Line,830,1,day_type_01,weekday,1/1/2024 18:12,Back Bay,11.0,7,92,92,15104
Fall 2024,CR-Providence,Providence/Stoughton Line,826,1,day_type_01,weekday,1/1/2024 15:02,Pawtucket/Central Falls,4.0,16,1,71,15105
Fall 2024,CR-Providence,Providence/Stoughton Line,835,0,day_type_01,weekday,1/1/2024 20:54,Route 128,4.0,1,27,209,15106
Fall 2024,CR-Providence,Providence/Stoughton Line,876,1,day_type_01,weekday,1/1/2024 14:25,Canton Junction,3.0,7,0,16,15107
Fall 2024,CR-Providence,Providence/Stoughton Line,830,1,day_type_01,weekday,1/1/2024 18:18,South Station,12.0,0,92,0,15108
Fall 2024,CR-Providence,Providence/Stoughton Line,826,1,day_type_01,weekday,1/1/2024 15:15,Attleboro,5.0,22,3,90,15109
Fall 2024,CR-Providence,Providence/Stoughton Line,835,0,day_type_01,weekday,1/1/2024 21:00,Canton Junction,5.0,0,25,184,15110
Fall 2024,CR-Providence,Providence/Stoughton Line,876,1,day_type_01,weekday,1/1/2024 14:30,Route 128,4.0,7,0,23,15111
Fall 2024,CR-Providence,Providence/Stoughton Line,831,0,day_type_01,weekday,1/1/2024 18:22,South Station,1.0,293,0,293,15112
Fall 2024,CR-Providence,Providence/Stoughton Line,826,1,day_type_01,weekday,1/1/2024 15:25,Mansfield,6.0,17,3,104,15113
Fall 2024,CR-Providence,Providence/Stoughton Line,876,1,day_type_01,weekday,1/1/2024 14:35,Hyde Park,5.0,2,2,23,15114
Fall 2024,CR-Providence,Providence/Stoughton Line,835,0,day_type_01,weekday,1/1/2024 21:06,Sharon,6.0,1,26,159,15115
Fall 2024,CR-Providence,Providence/Stoughton Line,876,1,day_type_01,weekday,1/1/2024 14:44,Ruggles,6.0,32,5,50,15116
Fall 2024,CR-Providence,Providence/Stoughton Line,826,1,day_type_01,weekday,1/1/2024 15:34,Sharon,7.0,0,6,98,15117
Fall 2024,CR-Providence,Providence/Stoughton Line,876,1,day_type_01,weekday,1/1/2024 14:48,Back Bay,7.0,10,12,48,15118
Fall 2024,CR-Providence,Providence/Stoughton Line,835,0,day_type_01,weekday,1/1/2024 21:14,Mansfield,7.0,4,53,110,15119
Fall 2024,CR-Providence,Providence/Stoughton Line,831,0,day_type_01,weekday,1/1/2024 18:27,Back Bay,2.0,138,6,425,15120
Fall 2024,CR-Providence,Providence/Stoughton Line,876,1,day_type_01,weekday,1/1/2024 14:53,South Station,8.0,0,48,0,15121
Fall 2024,CR-Providence,Providence/Stoughton Line,835,0,day_type_01,weekday,1/1/2024 21:22,Attleboro,8.0,1,56,55,15122
Fall 2024,CR-Providence,Providence/Stoughton Line,826,1,day_type_01,weekday,1/1/2024 15:39,Canton Junction,8.0,6,4,100,15123
Fall 2024,CR-Providence,Providence/Stoughton Line,831,0,day_type_01,weekday,1/1/2024 18:30,Ruggles,3.0,67,8,484,15124
Fall 2024,CR-Providence,Providence/Stoughton Line,877,0,day_type_01,weekday,1/1/2024 14:05,South Station,1.0,59,0,59,15125
Fall 2024,CR-Providence,Providence/Stoughton Line,835,0,day_type_01,weekday,1/1/2024 21:31,Pawtucket/Central Falls,9.0,20,12,63,15126
Fall 2024,CR-Providence,Providence/Stoughton Line,826,1,day_type_01,weekday,1/1/2024 15:44,Route 128,9.0,9,6,103,15127
Fall 2024,CR-Providence,Providence/Stoughton Line,831,0,day_type_01,weekday,1/1/2024 18:41,Route 128,4.0,1,43,442,15128
Fall 2024,CR-Providence,Providence/Stoughton Line,877,0,day_type_01,weekday,1/1/2024 14:10,Back Bay,2.0,24,5,78,15129
Fall 2024,CR-Providence,Providence/Stoughton Line,835,0,day_type_01,weekday,1/1/2024 21:45,Providence,10.0,0,63,0,15130
Fall 2024,CR-Providence,Providence/Stoughton Line,826,1,day_type_01,weekday,1/1/2024 15:59,Ruggles,10.0,9,24,88,15131
Fall 2024,CR-Providence,Providence/Stoughton Line,831,0,day_type_01,weekday,1/1/2024 18:47,Canton Junction,5.0,1,47,396,15132
Fall 2024,CR-Providence,Providence/Stoughton Line,877,0,day_type_01,weekday,1/1/2024 14:13,Ruggles,3.0,26,3,101,15133
Fall 2024,CR-Providence,Providence/Stoughton Line,836,1,day_type_01,weekday,1/1/2024 19:42,Wickford Junction,1.0,3,0,3,15134
Fall 2024,CR-Providence,Providence/Stoughton Line,826,1,day_type_01,weekday,1/1/2024 16:03,Back Bay,11.0,15,38,65,15135
Fall 2024,CR-Providence,Providence/Stoughton Line,831,0,day_type_01,weekday,1/1/2024 18:53,Sharon,6.0,0,43,353,15136
Fall 2024,CR-Providence,Providence/Stoughton Line,877,0,day_type_01,weekday,1/1/2024 14:21,Hyde Park,4.0,6,14,93,15137
Fall 2024,CR-Providence,Providence/Stoughton Line,836,1,day_type_01,weekday,1/1/2024 19:56,TF Green Airport,2.0,1,0,4,15138
Fall 2024,CR-Providence,Providence/Stoughton Line,826,1,day_type_01,weekday,1/1/2024 16:09,South Station,12.0,0,65,0,15139
Fall 2024,CR-Providence,Providence/Stoughton Line,831,0,day_type_01,weekday,1/1/2024 19:01,Mansfield,7.0,2,100,255,15140
Fall 2024,CR-Providence,Providence/Stoughton Line,877,0,day_type_01,weekday,1/1/2024 14:26,Route 128,5.0,0,28,65,15141
Fall 2024,CR-Providence,Providence/Stoughton Line,836,1,day_type_01,weekday,1/1/2024 20:11,Providence,3.0,52,2,54,15142
Fall 2024,CR-Providence,Providence/Stoughton Line,827,0,day_type_01,weekday,1/1/2024 16:52,South Station,1.0,491,0,491,15143
Fall 2024,CR-Providence,Providence/Stoughton Line,831,0,day_type_01,weekday,1/1/2024 19:09,Attleboro,8.0,4,96,163,15144
Fall 2024,CR-Providence,Providence/Stoughton Line,836,1,day_type_01,weekday,1/1/2024 20:18,Pawtucket/Central Falls,4.0,6,1,59,15145
Fall 2024,CR-Providence,Providence/Stoughton Line,877,0,day_type_01,weekday,1/1/2024 14:32,Canton Junction,6.0,0,18,47,15146
Fall 2024,CR-Providence,Providence/Stoughton Line,831,0,day_type_01,weekday,1/1/2024 19:21,Pawtucket/Central Falls,9.0,0,53,110,15147
Fall 2024,CR-Providence,Providence/Stoughton Line,827,0,day_type_01,weekday,1/1/2024 16:57,Back Bay,2.0,279,11,759,15148
Fall 2024,CR-Providence,Providence/Stoughton Line,836,1,day_type_01,weekday,1/1/2024 20:31,Attleboro,5.0,11,0,70,15149
Fall 2024,CR-Providence,Providence/Stoughton Line,877,0,day_type_01,weekday,1/1/2024 14:35,Canton Center,7.0,0,6,41,15150
Fall 2024,CR-Providence,Providence/Stoughton Line,831,0,day_type_01,weekday,1/1/2024 19:36,Providence,10.0,0,111,-1,15151
Fall 2024,CR-Providence,Providence/Stoughton Line,827,0,day_type_01,weekday,1/1/2024 17:01,Ruggles,3.0,153,16,896,15152
Fall 2024,CR-Providence,Providence/Stoughton Line,836,1,day_type_01,weekday,1/1/2024 20:41,Mansfield,6.0,3,3,70,15153
Fall 2024,CR-Providence,Providence/Stoughton Line,877,0,day_type_01,weekday,1/1/2024 14:43,Stoughton,8.0,0,41,0,15154
Fall 2024,CR-Providence,Providence/Stoughton Line,832,1,day_type_01,weekday,1/1/2024 18:10,Providence,1.0,41,0,41,15155
Fall 2024,CR-Providence,Providence/Stoughton Line,827,0,day_type_01,weekday,1/1/2024 17:17,Sharon,4.0,4,190,710,15156
Fall 2024,CR-Providence,Providence/Stoughton Line,836,1,day_type_01,weekday,1/1/2024 20:50,Sharon,7.0,4,0,74,15157
Fall 2024,CR-Providence,Providence/Stoughton Line,878,1,day_type_01,weekday,1/1/2024 15:05,Stoughton,1.0,8,0,8,15158
Fall 2024,CR-Providence,Providence/Stoughton Line,832,1,day_type_01,weekday,1/1/2024 18:16,Pawtucket/Central Falls,2.0,17,3,55,15159
Fall 2024,CR-Providence,Providence/Stoughton Line,827,0,day_type_01,weekday,1/1/2024 17:25,Mansfield,5.0,4,193,521,15160
Fall 2024,CR-Providence,Providence/Stoughton Line,836,1,day_type_01,weekday,1/1/2024 20:55,Canton Junction,8.0,4,0,78,15161
Fall 2024,CR-Providence,Providence/Stoughton Line,878,1,day_type_01,weekday,1/1/2024 15:12,Canton Center,2.0,0,0,8,15162
Fall 2024,CR-Providence,Providence/Stoughton Line,832,1,day_type_01,weekday,1/1/2024 18:29,Attleboro,3.0,16,3,68,15163
Fall 2024,CR-Providence,Providence/Stoughton Line,827,0,day_type_01,weekday,1/1/2024 17:34,Attleboro,6.0,6,245,282,15164
Fall 2024,CR-Providence,Providence/Stoughton Line,836,1,day_type_01,weekday,1/1/2024 21:00,Route 128,9.0,3,2,79,15165
Fall 2024,CR-Providence,Providence/Stoughton Line,878,1,day_type_01,weekday,1/1/2024 15:15,Canton Junction,3.0,2,4,6,15166
Fall 2024,CR-Providence,Providence/Stoughton Line,832,1,day_type_01,weekday,1/1/2024 18:39,Mansfield,4.0,4,3,69,15167
Fall 2024,CR-Providence,Providence/Stoughton Line,827,0,day_type_01,weekday,1/1/2024 17:43,Pawtucket/Central Falls,7.0,0,101,181,15168
Fall 2024,CR-Providence,Providence/Stoughton Line,836,1,day_type_01,weekday,1/1/2024 21:14,Ruggles,10.0,3,23,59,15169
Fall 2024,CR-Providence,Providence/Stoughton Line,878,1,day_type_01,weekday,1/1/2024 15:20,Route 128,4.0,19,2,23,15170
Fall 2024,CR-Providence,Providence/Stoughton Line,832,1,day_type_01,weekday,1/1/2024 18:48,Sharon,5.0,0,4,65,15171
Fall 2024,CR-Providence,Providence/Stoughton Line,827,0,day_type_01,weekday,1/1/2024 17:54,Providence,8.0,1,142,40,15172
Fall 2024,CR-Providence,Providence/Stoughton Line,836,1,day_type_01,weekday,1/1/2024 21:18,Back Bay,11.0,0,26,33,15173
Fall 2024,CR-Providence,Providence/Stoughton Line,878,1,day_type_01,weekday,1/1/2024 15:25,Hyde Park,5.0,17,5,35,15174
Fall 2024,CR-Providence,Providence/Stoughton Line,832,1,day_type_01,weekday,1/1/2024 18:53,Canton Junction,6.0,2,4,63,15175
Fall 2024,CR-Providence,Providence/Stoughton Line,827,0,day_type_01,weekday,1/1/2024 18:09,TF Green Airport,9.0,0,16,24,15176
Fall 2024,CR-Providence,Providence/Stoughton Line,878,1,day_type_01,weekday,1/1/2024 15:34,Ruggles,6.0,14,6,43,15177
Fall 2024,CR-Providence,Providence/Stoughton Line,836,1,day_type_01,weekday,1/1/2024 21:23,South Station,12.0,0,33,0,15178
Fall 2024,CR-Providence,Providence/Stoughton Line,827,0,day_type_01,weekday,1/1/2024 18:33,Wickford Junction,10.0,0,24,0,15179
Fall 2024,CR-Providence,Providence/Stoughton Line,832,1,day_type_01,weekday,1/1/2024 18:58,Route 128,7.0,7,9,61,15180
Fall 2024,CR-Providence,Providence/Stoughton Line,878,1,day_type_01,weekday,1/1/2024 15:38,Back Bay,7.0,21,14,50,15181
Fall 2024,CR-Providence,Providence/Stoughton Line,837,0,day_type_01,weekday,1/1/2024 21:35,South Station,1.0,82,0,82,15182
Fall 2024,CR-Providence,Providence/Stoughton Line,832,1,day_type_01,weekday,1/1/2024 19:13,Ruggles,8.0,5,21,45,15183
Fall 2024,CR-Providence,Providence/Stoughton Line,828,1,day_type_01,weekday,1/1/2024 15:56,Providence,1.0,120,0,120,15184
Fall 2024,CR-Providence,Providence/Stoughton Line,878,1,day_type_01,weekday,1/1/2024 15:43,South Station,8.0,0,50,0,15185
Fall 2024,CR-Providence,Providence/Stoughton Line,837,0,day_type_01,weekday,1/1/2024 21:40,Back Bay,2.0,67,0,149,15186
Fall 2024,CR-Providence,Providence/Stoughton Line,832,1,day_type_01,weekday,1/1/2024 19:17,Back Bay,9.0,0,29,16,15187
Fall 2024,CR-Providence,Providence/Stoughton Line,828,1,day_type_01,weekday,1/1/2024 16:02,Pawtucket/Central Falls,2.0,21,1,140,15188
Fall 2024,CR-Providence,Providence/Stoughton Line,879,0,day_type_01,weekday,1/1/2024 14:55,South Station,1.0,49,0,49,15189
Fall 2024,CR-Providence,Providence/Stoughton Line,837,0,day_type_01,weekday,1/1/2024 21:43,Ruggles,3.0,45,0,194,15190
Fall 2024,CR-Providence,Providence/Stoughton Line,832,1,day_type_01,weekday,1/1/2024 19:23,South Station,10.0,0,16,0,15191
Fall 2024,CR-Providence,Providence/Stoughton Line,828,1,day_type_01,weekday,1/1/2024 16:18,Attleboro,3.0,33,10,163,15192
Fall 2024,CR-Providence,Providence/Stoughton Line,879,0,day_type_01,weekday,1/1/2024 15:00,Back Bay,2.0,25,2,72,15193
Fall 2024,CR-Providence,Providence/Stoughton Line,837,0,day_type_01,weekday,1/1/2024 21:51,Hyde Park,4.0,0,7,187,15194
Fall 2024,CR-Providence,Providence/Stoughton Line,828,1,day_type_01,weekday,1/1/2024 16:28,Mansfield,4.0,34,7,190,15195
Fall 2024,CR-Providence,Providence/Stoughton Line,879,0,day_type_01,weekday,1/1/2024 15:03,Ruggles,3.0,14,2,84,15196
Fall 2024,CR-Providence,Providence/Stoughton Line,837,0,day_type_01,weekday,1/1/2024 21:53,Readville,5.0,0,4,183,15197
Fall 2024,CR-Providence,Providence/Stoughton Line,828,1,day_type_01,weekday,1/1/2024 16:37,Sharon,5.0,17,3,204,15198
Fall 2024,CR-Providence,Providence/Stoughton Line,879,0,day_type_01,weekday,1/1/2024 15:14,Route 128,4.0,3,37,50,15199
Fall 2024,CR-Providence,Providence/Stoughton Line,828,1,day_type_01,weekday,1/1/2024 16:42,Canton Junction,6.0,7,4,207,15200
Fall 2024,CR-Fairmount,Fairmount Line,927,0,day_type_01,weekday,1/1/2024 11:15,Four Corners/Geneva,4.0,0,4,6,15201
Fall 2024,CR-Fairmount,Fairmount Line,927,0,day_type_01,weekday,1/1/2024 11:18,Talbot Avenue,5.0,2,3,5,15202
Fall 2024,CR-Fairmount,Fairmount Line,927,0,day_type_01,weekday,1/1/2024 11:21,Morton Street,6.0,0,0,5,15203
Fall 2024,CR-Fairmount,Fairmount Line,927,0,day_type_01,weekday,1/1/2024 11:23,Blue Hill Avenue,7.0,0,1,4,15204
Fall 2024,CR-Fairmount,Fairmount Line,927,0,day_type_01,weekday,1/1/2024 11:26,Fairmount,8.0,0,3,1,15205
Fall 2024,CR-Providence,Providence/Stoughton Line,893,0,day_type_01,weekday,1/1/2024 23:15,Uphams Corner,3.0,0,2,32,15206
Fall 2024,CR-Fairmount,Fairmount Line,939,0,day_type_01,weekday,1/1/2024 14:25,Newmarket,2.0,5,2,49,15207
Fall 2024,CR-Providence,Providence/Stoughton Line,886,1,day_type_01,weekday,1/1/2024 19:28,Canton Junction,3.0,2,0,1,15208
Fall 2024,CR-Fairmount,Fairmount Line,919,0,day_type_01,weekday,1/1/2024 9:36,Morton Street,6.0,6,2,14,15209
Fall 2024,CR-Fairmount,Fairmount Line,914,1,day_type_01,weekday,1/1/2024 8:30,Readville,1.0,43,0,43,15210
Fall 2024,CR-Fairmount,Fairmount Line,927,0,day_type_01,weekday,1/1/2024 11:32,Readville,9.0,0,1,0,15211
Fall 2024,CR-Fairmount,Fairmount Line,928,1,day_type_01,weekday,1/1/2024 11:45,Readville,1.0,13,0,13,15212
Fall 2024,CR-Fairmount,Fairmount Line,928,1,day_type_01,weekday,1/1/2024 11:48,Fairmount,2.0,6,0,19,15213
Fall 2024,CR-Fairmount,Fairmount Line,928,1,day_type_01,weekday,1/1/2024 11:51,Blue Hill Avenue,3.0,6,12,13,15214
Fall 2024,CR-Fairmount,Fairmount Line,928,1,day_type_01,weekday,1/1/2024 11:53,Morton Street,4.0,6,1,18,15215
Fall 2024,CR-Fairmount,Fairmount Line,928,1,day_type_01,weekday,1/1/2024 11:56,Talbot Avenue,5.0,7,1,24,15216
Fall 2024,CR-Fairmount,Fairmount Line,928,1,day_type_01,weekday,1/1/2024 11:59,Four Corners/Geneva,6.0,7,1,30,15217
Fall 2024,CR-Fairmount,Fairmount Line,928,1,day_type_01,weekday,1/1/2024 12:02,Uphams Corner,7.0,4,1,33,15218
Fall 2024,CR-Fairmount,Fairmount Line,928,1,day_type_01,weekday,1/1/2024 12:04,Newmarket,8.0,3,4,32,15219
Fall 2024,CR-Fairmount,Fairmount Line,928,1,day_type_01,weekday,1/1/2024 12:15,South Station,9.0,0,31,1,15220
Fall 2024,CR-Fairmount,Fairmount Line,929,0,day_type_01,weekday,1/1/2024 11:47,South Station,1.0,21,0,21,15221
Fall 2024,CR-Fairmount,Fairmount Line,929,0,day_type_01,weekday,1/1/2024 11:55,Newmarket,2.0,3,0,24,15222
Fall 2024,CR-Fairmount,Fairmount Line,929,0,day_type_01,weekday,1/1/2024 11:57,Uphams Corner,3.0,1,2,23,15223
Fall 2024,CR-Fairmount,Fairmount Line,929,0,day_type_01,weekday,1/1/2024 12:00,Four Corners/Geneva,4.0,1,7,17,15224
Fall 2024,CR-Fairmount,Fairmount Line,929,0,day_type_01,weekday,1/1/2024 12:03,Talbot Avenue,5.0,1,7,11,15225
Fall 2024,CR-Fairmount,Fairmount Line,929,0,day_type_01,weekday,1/1/2024 12:06,Morton Street,6.0,0,3,8,15226
Fall 2024,CR-Fairmount,Fairmount Line,929,0,day_type_01,weekday,1/1/2024 12:08,Blue Hill Avenue,7.0,1,4,5,15227
Fall 2024,CR-Fairmount,Fairmount Line,929,0,day_type_01,weekday,1/1/2024 12:13,Fairmount,8.0,0,5,0,15228
Fall 2024,CR-Fairmount,Fairmount Line,930,1,day_type_01,weekday,1/1/2024 12:33,Fairmount,1.0,15,0,15,15229
Fall 2024,CR-Fairmount,Fairmount Line,930,1,day_type_01,weekday,1/1/2024 12:36,Blue Hill Avenue,2.0,7,0,22,15230
Fall 2024,CR-Fairmount,Fairmount Line,930,1,day_type_01,weekday,1/1/2024 12:38,Morton Street,3.0,10,0,32,15231
Fall 2024,CR-Fairmount,Fairmount Line,930,1,day_type_01,weekday,1/1/2024 12:41,Talbot Avenue,4.0,10,1,41,15232
Fall 2024,CR-Fairmount,Fairmount Line,930,1,day_type_01,weekday,1/1/2024 12:44,Four Corners/Geneva,5.0,8,1,48,15233
Fall 2024,CR-Fairmount,Fairmount Line,930,1,day_type_01,weekday,1/1/2024 12:47,Uphams Corner,6.0,8,1,55,15234
Fall 2024,CR-Fairmount,Fairmount Line,930,1,day_type_01,weekday,1/1/2024 12:49,Newmarket,7.0,1,10,46,15235
Fall 2024,CR-Fairmount,Fairmount Line,930,1,day_type_01,weekday,1/1/2024 13:00,South Station,8.0,0,46,0,15236
Fall 2024,CR-Fairmount,Fairmount Line,931,0,day_type_01,weekday,1/1/2024 12:17,South Station,1.0,17,0,17,15237
Fall 2024,CR-Fairmount,Fairmount Line,931,0,day_type_01,weekday,1/1/2024 12:25,Newmarket,2.0,4,0,21,15238
Fall 2024,CR-Fairmount,Fairmount Line,931,0,day_type_01,weekday,1/1/2024 12:27,Uphams Corner,3.0,5,2,24,15239
Fall 2024,CR-Fairmount,Fairmount Line,931,0,day_type_01,weekday,1/1/2024 12:30,Four Corners/Geneva,4.0,0,1,23,15240
Fall 2024,CR-Fairmount,Fairmount Line,931,0,day_type_01,weekday,1/1/2024 12:33,Talbot Avenue,5.0,2,2,23,15241
Fall 2024,CR-Fairmount,Fairmount Line,931,0,day_type_01,weekday,1/1/2024 12:36,Morton Street,6.0,0,5,18,15242
Fall 2024,CR-Fairmount,Fairmount Line,931,0,day_type_01,weekday,1/1/2024 12:38,Blue Hill Avenue,7.0,2,6,14,15243
Fall 2024,CR-Fairmount,Fairmount Line,931,0,day_type_01,weekday,1/1/2024 12:41,Fairmount,8.0,1,7,8,15244
Fall 2024,CR-Fairmount,Fairmount Line,933,0,day_type_01,weekday,1/1/2024 12:55,Newmarket,2.0,1,0,22,15245
Fall 2024,CR-Fairmount,Fairmount Line,908,1,day_type_01,weekday,1/1/2024 7:11,Talbot Avenue,5.0,28,3,143,15246
Fall 2024,CR-Fairmount,Fairmount Line,931,0,day_type_01,weekday,1/1/2024 12:47,Readville,9.0,0,8,0,15247
Fall 2024,CR-Fairmount,Fairmount Line,932,1,day_type_01,weekday,1/1/2024 13:00,Readville,1.0,14,0,14,15248
Fall 2024,CR-Fairmount,Fairmount Line,932,1,day_type_01,weekday,1/1/2024 13:03,Fairmount,2.0,8,0,22,15249
Fall 2024,CR-Fairmount,Fairmount Line,932,1,day_type_01,weekday,1/1/2024 13:06,Blue Hill Avenue,3.0,4,2,24,15250
Fall 2024,CR-Fairmount,Fairmount Line,932,1,day_type_01,weekday,1/1/2024 13:08,Morton Street,4.0,4,3,25,15251
Fall 2024,CR-Fairmount,Fairmount Line,932,1,day_type_01,weekday,1/1/2024 13:11,Talbot Avenue,5.0,3,2,26,15252
Fall 2024,CR-Fairmount,Fairmount Line,932,1,day_type_01,weekday,1/1/2024 13:14,Four Corners/Geneva,6.0,4,0,30,15253
Fall 2024,CR-Fairmount,Fairmount Line,932,1,day_type_01,weekday,1/1/2024 13:17,Uphams Corner,7.0,2,5,27,15254
Fall 2024,CR-Fairmount,Fairmount Line,932,1,day_type_01,weekday,1/1/2024 13:19,Newmarket,8.0,2,3,26,15255
Fall 2024,CR-Fairmount,Fairmount Line,932,1,day_type_01,weekday,1/1/2024 13:30,South Station,9.0,0,26,0,15256
Fall 2024,CR-Fairmount,Fairmount Line,933,0,day_type_01,weekday,1/1/2024 12:47,South Station,1.0,21,0,21,15257
Fall 2024,CR-Fairmount,Fairmount Line,919,0,day_type_01,weekday,1/1/2024 9:38,Blue Hill Avenue,7.0,5,5,14,15258
Fall 2024,CR-Fairmount,Fairmount Line,933,0,day_type_01,weekday,1/1/2024 12:57,Uphams Corner,3.0,2,0,24,15259
Fall 2024,CR-Providence,Providence/Stoughton Line,886,1,day_type_01,weekday,1/1/2024 19:33,Route 128,4.0,1,0,2,15260
Fall 2024,CR-Fairmount,Fairmount Line,908,1,day_type_01,weekday,1/1/2024 7:14,Four Corners/Geneva,6.0,20,5,158,15261
Fall 2024,CR-Fairmount,Fairmount Line,914,1,day_type_01,weekday,1/1/2024 8:33,Fairmount,2.0,30,0,73,15262
Fall 2024,CR-Providence,Providence/Stoughton Line,893,0,day_type_01,weekday,1/1/2024 23:18,Four Corners/Geneva,4.0,0,5,27,15263
Fall 2024,CR-Fairmount,Fairmount Line,908,1,day_type_01,weekday,1/1/2024 7:17,Uphams Corner,7.0,18,13,163,15264
Fall 2024,CR-Fairmount,Fairmount Line,939,0,day_type_01,weekday,1/1/2024 14:27,Uphams Corner,3.0,1,4,46,15265
Fall 2024,CR-Fairmount,Fairmount Line,914,1,day_type_01,weekday,1/1/2024 8:36,Blue Hill Avenue,3.0,19,1,91,15266
Fall 2024,CR-Fairmount,Fairmount Line,933,0,day_type_01,weekday,1/1/2024 13:00,Four Corners/Geneva,4.0,5,3,26,15267
Fall 2024,CR-Fairmount,Fairmount Line,919,0,day_type_01,weekday,1/1/2024 9:41,Fairmount,8.0,0,6,8,15268
Fall 2024,CR-Providence,Providence/Stoughton Line,886,1,day_type_01,weekday,1/1/2024 19:38,Hyde Park,5.0,0,0,2,15269
Fall 2024,CR-Fairmount,Fairmount Line,908,1,day_type_01,weekday,1/1/2024 7:19,Newmarket,8.0,3,13,153,15270
Fall 2024,CR-Fairmount,Fairmount Line,939,0,day_type_01,weekday,1/1/2024 14:30,Four Corners/Geneva,4.0,7,9,44,15271
Fall 2024,CR-Providence,Providence/Stoughton Line,893,0,day_type_01,weekday,1/1/2024 23:21,Talbot Avenue,5.0,0,5,22,15272
Fall 2024,CR-Fairmount,Fairmount Line,914,1,day_type_01,weekday,1/1/2024 8:38,Morton Street,4.0,17,2,106,15273
Fall 2024,CR-Fairmount,Fairmount Line,933,0,day_type_01,weekday,1/1/2024 13:03,Talbot Avenue,5.0,0,3,23,15274
Fall 2024,CR-Fairmount,Fairmount Line,919,0,day_type_01,weekday,1/1/2024 9:47,Readville,9.0,0,8,0,15275
Fall 2024,CR-Providence,Providence/Stoughton Line,886,1,day_type_01,weekday,1/1/2024 19:47,Ruggles,6.0,2,6,-2,15276
Fall 2024,CR-Fairmount,Fairmount Line,908,1,day_type_01,weekday,1/1/2024 7:30,South Station,9.0,0,152,1,15277
Fall 2024,CR-Fairmount,Fairmount Line,939,0,day_type_01,weekday,1/1/2024 14:33,Talbot Avenue,5.0,0,11,33,15278
Fall 2024,CR-Providence,Providence/Stoughton Line,893,0,day_type_01,weekday,1/1/2024 23:24,Morton Street,6.0,0,4,18,15279
Fall 2024,CR-Fairmount,Fairmount Line,914,1,day_type_01,weekday,1/1/2024 8:41,Talbot Avenue,5.0,9,2,113,15280
Fall 2024,CR-Fairmount,Fairmount Line,933,0,day_type_01,weekday,1/1/2024 13:06,Morton Street,6.0,1,7,17,15281
Fall 2024,CR-Fairmount,Fairmount Line,920,1,day_type_01,weekday,1/1/2024 10:00,Readville,1.0,6,0,6,15282
Fall 2024,CR-Providence,Providence/Stoughton Line,886,1,day_type_01,weekday,1/1/2024 19:51,Back Bay,7.0,0,0,-2,15283
Fall 2024,CR-Fairmount,Fairmount Line,909,0,day_type_01,weekday,1/1/2024 6:47,South Station,1.0,20,0,20,15284
Fall 2024,CR-Fairmount,Fairmount Line,939,0,day_type_01,weekday,1/1/2024 14:36,Morton Street,6.0,5,9,29,15285
Fall 2024,CR-Fairmount,Fairmount Line,939,0,day_type_01,weekday,1/1/2024 14:38,Blue Hill Avenue,7.0,0,7,22,15286
Fall 2024,CR-Fairmount,Fairmount Line,939,0,day_type_01,weekday,1/1/2024 14:41,Fairmount,8.0,0,10,12,15287
Fall 2024,CR-Fairmount,Fairmount Line,939,0,day_type_01,weekday,1/1/2024 14:47,Readville,9.0,0,12,0,15288
Fall 2024,CR-Fairmount,Fairmount Line,940,1,day_type_01,weekday,1/1/2024 15:00,Readville,1.0,10,0,10,15289
Fall 2024,CR-Fairmount,Fairmount Line,940,1,day_type_01,weekday,1/1/2024 15:03,Fairmount,2.0,12,0,22,15290
Fall 2024,CR-Fairmount,Fairmount Line,940,1,day_type_01,weekday,1/1/2024 15:06,Blue Hill Avenue,3.0,6,2,26,15291
Fall 2024,CR-Fairmount,Fairmount Line,940,1,day_type_01,weekday,1/1/2024 15:08,Morton Street,4.0,9,6,29,15292
Fall 2024,CR-Fairmount,Fairmount Line,940,1,day_type_01,weekday,1/1/2024 15:11,Talbot Avenue,5.0,8,2,35,15293
Fall 2024,CR-Fairmount,Fairmount Line,940,1,day_type_01,weekday,1/1/2024 15:14,Four Corners/Geneva,6.0,6,3,38,15294
Fall 2024,CR-Fairmount,Fairmount Line,940,1,day_type_01,weekday,1/1/2024 15:17,Uphams Corner,7.0,0,8,30,15295
Fall 2024,CR-Fairmount,Fairmount Line,940,1,day_type_01,weekday,1/1/2024 15:19,Newmarket,8.0,0,5,25,15296
Fall 2024,CR-Fairmount,Fairmount Line,940,1,day_type_01,weekday,1/1/2024 15:30,South Station,9.0,0,25,0,15297
Fall 2024,CR-Fairmount,Fairmount Line,941,0,day_type_01,weekday,1/1/2024 14:47,South Station,1.0,53,0,53,15298
Fall 2024,CR-Fairmount,Fairmount Line,941,0,day_type_01,weekday,1/1/2024 14:55,Newmarket,2.0,4,2,55,15299
Fall 2024,CR-Fairmount,Fairmount Line,941,0,day_type_01,weekday,1/1/2024 14:57,Uphams Corner,3.0,4,9,50,15300
Fall 2024,CR-Fairmount,Fairmount Line,941,0,day_type_01,weekday,1/1/2024 15:00,Four Corners/Geneva,4.0,1,11,40,15301
Fall 2024,CR-Fairmount,Fairmount Line,941,0,day_type_01,weekday,1/1/2024 15:03,Talbot Avenue,5.0,15,10,45,15302
Fall 2024,CR-Fairmount,Fairmount Line,941,0,day_type_01,weekday,1/1/2024 15:06,Morton Street,6.0,6,15,36,15303
Fall 2024,CR-Fairmount,Fairmount Line,941,0,day_type_01,weekday,1/1/2024 15:08,Blue Hill Avenue,7.0,1,20,17,15304
Fall 2024,CR-Fairmount,Fairmount Line,941,0,day_type_01,weekday,1/1/2024 15:13,Fairmount,8.0,0,17,0,15305
Fall 2024,CR-Fairmount,Fairmount Line,942,1,day_type_01,weekday,1/1/2024 15:33,Fairmount,1.0,16,0,16,15306
Fall 2024,CR-Fairmount,Fairmount Line,942,1,day_type_01,weekday,1/1/2024 15:36,Blue Hill Avenue,2.0,17,1,32,15307
Fall 2024,CR-Fairmount,Fairmount Line,942,1,day_type_01,weekday,1/1/2024 15:38,Morton Street,3.0,13,0,45,15308
Fall 2024,CR-Fairmount,Fairmount Line,942,1,day_type_01,weekday,1/1/2024 15:41,Talbot Avenue,4.0,9,4,50,15309
Fall 2024,CR-Fairmount,Fairmount Line,942,1,day_type_01,weekday,1/1/2024 15:44,Four Corners/Geneva,5.0,8,9,49,15310
Fall 2024,CR-Fairmount,Fairmount Line,942,1,day_type_01,weekday,1/1/2024 15:47,Uphams Corner,6.0,2,12,39,15311
Fall 2024,CR-Fairmount,Fairmount Line,942,1,day_type_01,weekday,1/1/2024 15:49,Newmarket,7.0,3,6,36,15312
Fall 2024,CR-Fairmount,Fairmount Line,942,1,day_type_01,weekday,1/1/2024 16:00,South Station,8.0,0,36,0,15313
Fall 2024,CR-Fairmount,Fairmount Line,943,0,day_type_01,weekday,1/1/2024 15:17,South Station,1.0,95,0,95,15314
Fall 2024,CR-Fairmount,Fairmount Line,943,0,day_type_01,weekday,1/1/2024 15:25,Newmarket,2.0,12,4,103,15315
Fall 2024,CR-Fairmount,Fairmount Line,943,0,day_type_01,weekday,1/1/2024 15:27,Uphams Corner,3.0,8,7,104,15316
Fall 2024,CR-Fairmount,Fairmount Line,943,0,day_type_01,weekday,1/1/2024 15:30,Four Corners/Geneva,4.0,5,10,99,15317
Fall 2024,CR-Fairmount,Fairmount Line,943,0,day_type_01,weekday,1/1/2024 15:33,Talbot Avenue,5.0,2,12,89,15318
Fall 2024,CR-Fairmount,Fairmount Line,943,0,day_type_01,weekday,1/1/2024 15:36,Morton Street,6.0,3,14,78,15319
Fall 2024,CR-Fairmount,Fairmount Line,943,0,day_type_01,weekday,1/1/2024 15:38,Blue Hill Avenue,7.0,6,22,62,15320
Fall 2024,CR-Fairmount,Fairmount Line,943,0,day_type_01,weekday,1/1/2024 15:41,Fairmount,8.0,0,30,32,15321
Fall 2024,CR-Fairmount,Fairmount Line,943,0,day_type_01,weekday,1/1/2024 15:47,Readville,9.0,0,32,0,15322
Fall 2024,CR-Fairmount,Fairmount Line,944,1,day_type_01,weekday,1/1/2024 16:00,Readville,1.0,49,0,49,15323
Fall 2024,CR-Fairmount,Fairmount Line,944,1,day_type_01,weekday,1/1/2024 16:03,Fairmount,2.0,14,0,63,15324
Fall 2024,CR-Fairmount,Fairmount Line,944,1,day_type_01,weekday,1/1/2024 16:06,Blue Hill Avenue,3.0,9,8,64,15325
Fall 2024,CR-Fairmount,Fairmount Line,944,1,day_type_01,weekday,1/1/2024 16:08,Morton Street,4.0,7,13,58,15326
Fall 2024,CR-Fairmount,Fairmount Line,944,1,day_type_01,weekday,1/1/2024 16:11,Talbot Avenue,5.0,4,14,48,15327
Fall 2024,CR-Fairmount,Fairmount Line,944,1,day_type_01,weekday,1/1/2024 16:14,Four Corners/Geneva,6.0,2,16,34,15328
Fall 2024,CR-Fairmount,Fairmount Line,944,1,day_type_01,weekday,1/1/2024 16:17,Uphams Corner,7.0,3,4,33,15329
Fall 2024,CR-Fairmount,Fairmount Line,944,1,day_type_01,weekday,1/1/2024 16:19,Newmarket,8.0,5,4,34,15330
Fall 2024,CR-Providence,Providence/Stoughton Line,893,0,day_type_01,weekday,1/1/2024 23:26,Blue Hill Avenue,7.0,0,4,14,15331
Fall 2024,CR-Providence,Providence/Stoughton Line,886,1,day_type_01,weekday,1/1/2024 19:56,South Station,8.0,0,-2,0,15332
Fall 2024,CR-Fairmount,Fairmount Line,914,1,day_type_01,weekday,1/1/2024 8:44,Four Corners/Geneva,6.0,12,4,121,15333
Fall 2024,CR-Providence,Providence/Stoughton Line,887,0,day_type_01,weekday,1/1/2024 19:05,South Station,1.0,86,0,86,15334
Fall 2024,CR-Fairmount,Fairmount Line,933,0,day_type_01,weekday,1/1/2024 13:08,Blue Hill Avenue,7.0,0,12,5,15335
Fall 2024,CR-Providence,Providence/Stoughton Line,893,0,day_type_01,weekday,1/1/2024 23:29,Fairmount,8.0,0,5,9,15336
Fall 2024,CR-Fairmount,Fairmount Line,933,0,day_type_01,weekday,1/1/2024 13:13,Fairmount,8.0,0,5,0,15337
Fall 2024,CR-Providence,Providence/Stoughton Line,893,0,day_type_01,weekday,1/1/2024 23:37,Route 128,9.0,1,1,9,15338
Fall 2024,CR-Fairmount,Fairmount Line,914,1,day_type_01,weekday,1/1/2024 8:47,Uphams Corner,7.0,17,5,133,15339
Fall 2024,CR-Fairmount,Fairmount Line,920,1,day_type_01,weekday,1/1/2024 10:03,Fairmount,2.0,10,0,16,15340
Fall 2024,CR-Providence,Providence/Stoughton Line,887,0,day_type_01,weekday,1/1/2024 19:10,Back Bay,2.0,51,2,135,15341
Fall 2024,CR-Fairmount,Fairmount Line,909,0,day_type_01,weekday,1/1/2024 6:55,Newmarket,2.0,0,0,20,15342
Fall 2024,CR-Fairmount,Fairmount Line,920,1,day_type_01,weekday,1/1/2024 10:06,Blue Hill Avenue,3.0,3,2,17,15343
Fall 2024,CR-Providence,Providence/Stoughton Line,887,0,day_type_01,weekday,1/1/2024 19:13,Ruggles,3.0,22,5,152,15344
Fall 2024,CR-Fairmount,Fairmount Line,914,1,day_type_01,weekday,1/1/2024 8:49,Newmarket,8.0,1,8,126,15345
Fall 2024,CR-Fairmount,Fairmount Line,934,1,day_type_01,weekday,1/1/2024 13:33,Fairmount,1.0,12,0,12,15346
Fall 2024,CR-Fairmount,Fairmount Line,909,0,day_type_01,weekday,1/1/2024 6:57,Uphams Corner,3.0,13,1,32,15347
Fall 2024,CR-Fairmount,Fairmount Line,920,1,day_type_01,weekday,1/1/2024 10:08,Morton Street,4.0,10,0,27,15348
Fall 2024,CR-Providence,Providence/Stoughton Line,893,0,day_type_01,weekday,1/1/2024 23:43,Canton Junction,10.0,0,1,8,15349
Fall 2024,CR-Providence,Providence/Stoughton Line,887,0,day_type_01,weekday,1/1/2024 19:21,Hyde Park,4.0,2,13,141,15350
Fall 2024,CR-Fairmount,Fairmount Line,914,1,day_type_01,weekday,1/1/2024 9:00,South Station,9.0,0,126,0,15351
Fall 2024,CR-Fairmount,Fairmount Line,934,1,day_type_01,weekday,1/1/2024 13:36,Blue Hill Avenue,2.0,5,4,13,15352
Fall 2024,CR-Fairmount,Fairmount Line,909,0,day_type_01,weekday,1/1/2024 7:00,Four Corners/Geneva,4.0,10,2,40,15353
Fall 2024,CR-Fairmount,Fairmount Line,920,1,day_type_01,weekday,1/1/2024 10:11,Talbot Avenue,5.0,14,2,39,15354
Fall 2024,CR-Providence,Providence/Stoughton Line,893,0,day_type_01,weekday,1/1/2024 23:46,Canton Center,11.0,0,0,8,15355
Fall 2024,CR-Providence,Providence/Stoughton Line,887,0,day_type_01,weekday,1/1/2024 19:26,Route 128,5.0,7,44,104,15356
Fall 2024,CR-Fairmount,Fairmount Line,915,0,day_type_01,weekday,1/1/2024 8:17,South Station,1.0,16,0,16,15357
Fall 2024,CR-Fairmount,Fairmount Line,934,1,day_type_01,weekday,1/1/2024 13:38,Morton Street,3.0,8,6,15,15358
Fall 2024,CR-Fairmount,Fairmount Line,934,1,day_type_01,weekday,1/1/2024 13:41,Talbot Avenue,4.0,17,1,31,15359
Fall 2024,CR-Fairmount,Fairmount Line,934,1,day_type_01,weekday,1/1/2024 13:44,Four Corners/Geneva,5.0,4,6,29,15360
Fall 2024,CR-Fairmount,Fairmount Line,934,1,day_type_01,weekday,1/1/2024 13:47,Uphams Corner,6.0,1,12,18,15361
Fall 2024,CR-Fairmount,Fairmount Line,934,1,day_type_01,weekday,1/1/2024 13:49,Newmarket,7.0,0,5,13,15362
Fall 2024,CR-Fairmount,Fairmount Line,934,1,day_type_01,weekday,1/1/2024 14:00,South Station,8.0,0,13,0,15363
Fall 2024,CR-Fairmount,Fairmount Line,935,0,day_type_01,weekday,1/1/2024 13:17,South Station,1.0,10,0,10,15364
Fall 2024,CR-Fairmount,Fairmount Line,935,0,day_type_01,weekday,1/1/2024 13:25,Newmarket,2.0,2,0,12,15365
Fall 2024,CR-Fairmount,Fairmount Line,935,0,day_type_01,weekday,1/1/2024 13:27,Uphams Corner,3.0,3,2,13,15366
Fall 2024,CR-Fairmount,Fairmount Line,935,0,day_type_01,weekday,1/1/2024 13:30,Four Corners/Geneva,4.0,5,3,15,15367
Fall 2024,CR-Fairmount,Fairmount Line,935,0,day_type_01,weekday,1/1/2024 13:33,Talbot Avenue,5.0,2,3,14,15368
Fall 2024,CR-Fairmount,Fairmount Line,935,0,day_type_01,weekday,1/1/2024 13:36,Morton Street,6.0,6,6,14,15369
Fall 2024,CR-Fairmount,Fairmount Line,935,0,day_type_01,weekday,1/1/2024 13:38,Blue Hill Avenue,7.0,2,7,9,15370
Fall 2024,CR-Fairmount,Fairmount Line,935,0,day_type_01,weekday,1/1/2024 13:41,Fairmount,8.0,1,6,4,15371
Fall 2024,CR-Fairmount,Fairmount Line,935,0,day_type_01,weekday,1/1/2024 13:47,Readville,9.0,0,4,0,15372
Fall 2024,CR-Fairmount,Fairmount Line,936,1,day_type_01,weekday,1/1/2024 14:00,Readville,1.0,18,0,18,15373
Fall 2024,CR-Fairmount,Fairmount Line,936,1,day_type_01,weekday,1/1/2024 14:03,Fairmount,2.0,9,0,27,15374
Fall 2024,CR-Fairmount,Fairmount Line,936,1,day_type_01,weekday,1/1/2024 14:06,Blue Hill Avenue,3.0,11,1,37,15375
Fall 2024,CR-Fairmount,Fairmount Line,936,1,day_type_01,weekday,1/1/2024 14:08,Morton Street,4.0,8,2,43,15376
Fall 2024,CR-Fairmount,Fairmount Line,936,1,day_type_01,weekday,1/1/2024 14:11,Talbot Avenue,5.0,14,4,53,15377
Fall 2024,CR-Fairmount,Fairmount Line,936,1,day_type_01,weekday,1/1/2024 14:14,Four Corners/Geneva,6.0,5,5,53,15378
Fall 2024,CR-Fairmount,Fairmount Line,936,1,day_type_01,weekday,1/1/2024 14:17,Uphams Corner,7.0,2,4,51,15379
Fall 2024,CR-Fairmount,Fairmount Line,936,1,day_type_01,weekday,1/1/2024 14:19,Newmarket,8.0,1,4,48,15380
Fall 2024,CR-Fairmount,Fairmount Line,936,1,day_type_01,weekday,1/1/2024 14:30,South Station,9.0,0,48,0,15381
Fall 2024,CR-Fairmount,Fairmount Line,937,0,day_type_01,weekday,1/1/2024 13:47,South Station,1.0,36,0,36,15382
Fall 2024,CR-Fairmount,Fairmount Line,937,0,day_type_01,weekday,1/1/2024 13:55,Newmarket,2.0,5,3,38,15383
Fall 2024,CR-Fairmount,Fairmount Line,937,0,day_type_01,weekday,1/1/2024 13:57,Uphams Corner,3.0,6,4,40,15384
Fall 2024,CR-Fairmount,Fairmount Line,937,0,day_type_01,weekday,1/1/2024 14:00,Four Corners/Geneva,4.0,3,7,36,15385
Fall 2024,CR-Fairmount,Fairmount Line,937,0,day_type_01,weekday,1/1/2024 14:03,Talbot Avenue,5.0,2,4,34,15386
Fall 2024,CR-Fairmount,Fairmount Line,937,0,day_type_01,weekday,1/1/2024 14:06,Morton Street,6.0,2,12,24,15387
Fall 2024,CR-Fairmount,Fairmount Line,937,0,day_type_01,weekday,1/1/2024 14:08,Blue Hill Avenue,7.0,0,10,14,15388
Fall 2024,CR-Fairmount,Fairmount Line,937,0,day_type_01,weekday,1/1/2024 14:13,Fairmount,8.0,0,14,0,15389
Fall 2024,CR-Fairmount,Fairmount Line,938,1,day_type_01,weekday,1/1/2024 14:33,Fairmount,1.0,3,0,3,15390
Fall 2024,CR-Fairmount,Fairmount Line,938,1,day_type_01,weekday,1/1/2024 14:36,Blue Hill Avenue,2.0,3,0,6,15391
Fall 2024,CR-Fairmount,Fairmount Line,938,1,day_type_01,weekday,1/1/2024 14:38,Morton Street,3.0,56,1,61,15392
Fall 2024,CR-Fairmount,Fairmount Line,938,1,day_type_01,weekday,1/1/2024 14:41,Talbot Avenue,4.0,17,7,71,15393
Fall 2024,CR-Fairmount,Fairmount Line,938,1,day_type_01,weekday,1/1/2024 14:44,Four Corners/Geneva,5.0,12,28,55,15394
Fall 2024,CR-Fairmount,Fairmount Line,938,1,day_type_01,weekday,1/1/2024 14:47,Uphams Corner,6.0,4,15,44,15395
Fall 2024,CR-Fairmount,Fairmount Line,938,1,day_type_01,weekday,1/1/2024 14:49,Newmarket,7.0,1,12,33,15396
Fall 2024,CR-Fairmount,Fairmount Line,938,1,day_type_01,weekday,1/1/2024 15:00,South Station,8.0,0,33,0,15397
Fall 2024,CR-Fairmount,Fairmount Line,939,0,day_type_01,weekday,1/1/2024 14:17,South Station,1.0,46,0,46,15398
Fall 2024,CR-Fairmount,Fairmount Line,920,1,day_type_01,weekday,1/1/2024 10:14,Four Corners/Geneva,6.0,3,0,42,15399
Fall 2024,CR-Fairmount,Fairmount Line,909,0,day_type_01,weekday,1/1/2024 7:03,Talbot Avenue,5.0,9,5,44,15400
Fall 2024,CR-Providence,Providence/Stoughton Line,893,0,day_type_01,weekday,1/1/2024 23:55,Stoughton,12.0,0,8,0,15401
Fall 2024,CR-Providence,Providence/Stoughton Line,887,0,day_type_01,weekday,1/1/2024 19:32,Canton Junction,6.0,0,35,69,15402
Fall 2024,CR-Fairmount,Fairmount Line,900,1,day_type_01,weekday,1/1/2024 4:45,Readville,1.0,2,0,2,15403
Fall 2024,CR-Fairmount,Fairmount Line,920,1,day_type_01,weekday,1/1/2024 10:17,Uphams Corner,7.0,7,0,49,15404
Fall 2024,CR-Fairmount,Fairmount Line,909,0,day_type_01,weekday,1/1/2024 7:06,Morton Street,6.0,3,6,41,15405
Fall 2024,CR-Fairmount,Fairmount Line,909,0,day_type_01,weekday,1/1/2024 7:08,Blue Hill Avenue,7.0,3,4,40,15406
Fall 2024,CR-Fairmount,Fairmount Line,915,0,day_type_01,weekday,1/1/2024 8:25,Newmarket,2.0,0,1,15,15407
Fall 2024,CR-Fairmount,Fairmount Line,909,0,day_type_01,weekday,1/1/2024 7:11,Fairmount,8.0,0,26,14,15408
Fall 2024,CR-Fairmount,Fairmount Line,920,1,day_type_01,weekday,1/1/2024 10:19,Newmarket,8.0,2,3,48,15409
Fall 2024,CR-Providence,Providence/Stoughton Line,887,0,day_type_01,weekday,1/1/2024 19:35,Canton Center,7.0,0,18,51,15410
Fall 2024,CR-Fairmount,Fairmount Line,909,0,day_type_01,weekday,1/1/2024 7:17,Readville,9.0,0,14,0,15411
Fall 2024,CR-Fairmount,Fairmount Line,915,0,day_type_01,weekday,1/1/2024 8:27,Uphams Corner,3.0,4,2,17,15412
Fall 2024,CR-Fairmount,Fairmount Line,900,1,day_type_01,weekday,1/1/2024 4:48,Fairmount,2.0,16,0,18,15413
Fall 2024,CR-Fairmount,Fairmount Line,920,1,day_type_01,weekday,1/1/2024 10:30,South Station,9.0,0,48,0,15414
Fall 2024,CR-Providence,Providence/Stoughton Line,887,0,day_type_01,weekday,1/1/2024 19:44,Stoughton,8.0,0,51,0,15415
Fall 2024,CR-Fairmount,Fairmount Line,910,1,day_type_01,weekday,1/1/2024 7:30,Readville,1.0,14,0,14,15416
Fall 2024,CR-Fairmount,Fairmount Line,915,0,day_type_01,weekday,1/1/2024 8:30,Four Corners/Geneva,4.0,7,1,23,15417
Fall 2024,CR-Fairmount,Fairmount Line,900,1,day_type_01,weekday,1/1/2024 4:51,Blue Hill Avenue,3.0,16,0,34,15418
Fall 2024,CR-Fairmount,Fairmount Line,921,0,day_type_01,weekday,1/1/2024 9:47,South Station,1.0,4,0,4,15419
Fall 2024,CR-Providence,Providence/Stoughton Line,888,1,day_type_01,weekday,1/1/2024 20:05,Stoughton,1.0,4,0,4,15420
Fall 2024,CR-Fairmount,Fairmount Line,910,1,day_type_01,weekday,1/1/2024 7:33,Fairmount,2.0,64,0,78,15421
Fall 2024,CR-Fairmount,Fairmount Line,915,0,day_type_01,weekday,1/1/2024 8:33,Talbot Avenue,5.0,3,4,22,15422
Fall 2024,CR-Fairmount,Fairmount Line,900,1,day_type_01,weekday,1/1/2024 4:53,Morton Street,4.0,12,0,46,15423
Fall 2024,CR-Fairmount,Fairmount Line,921,0,day_type_01,weekday,1/1/2024 9:55,Newmarket,2.0,1,1,4,15424
Fall 2024,CR-Providence,Providence/Stoughton Line,888,1,day_type_01,weekday,1/1/2024 20:12,Canton Center,2.0,3,0,7,15425
Fall 2024,CR-Fairmount,Fairmount Line,910,1,day_type_01,weekday,1/1/2024 7:36,Blue Hill Avenue,3.0,43,0,121,15426
Fall 2024,CR-Fairmount,Fairmount Line,915,0,day_type_01,weekday,1/1/2024 8:36,Morton Street,6.0,6,4,24,15427
Fall 2024,CR-Fairmount,Fairmount Line,900,1,day_type_01,weekday,1/1/2024 4:56,Talbot Avenue,5.0,12,0,58,15428
Fall 2024,CR-Fairmount,Fairmount Line,921,0,day_type_01,weekday,1/1/2024 9:57,Uphams Corner,3.0,0,2,2,15429
Fall 2024,CR-Providence,Providence/Stoughton Line,888,1,day_type_01,weekday,1/1/2024 20:15,Canton Junction,3.0,2,0,9,15430
Fall 2024,CR-Providence,Providence/Stoughton Line,888,1,day_type_01,weekday,1/1/2024 20:20,Route 128,4.0,2,0,11,15431
Fall 2024,CR-Providence,Providence/Stoughton Line,888,1,day_type_01,weekday,1/1/2024 20:25,Hyde Park,5.0,2,1,12,15432
Fall 2024,CR-Providence,Providence/Stoughton Line,888,1,day_type_01,weekday,1/1/2024 20:34,Ruggles,6.0,1,5,8,15433
Fall 2024,CR-Providence,Providence/Stoughton Line,888,1,day_type_01,weekday,1/1/2024 20:38,Back Bay,7.0,0,3,5,15434
Fall 2024,CR-Providence,Providence/Stoughton Line,888,1,day_type_01,weekday,1/1/2024 20:43,South Station,8.0,0,5,0,15435
Fall 2024,CR-Providence,Providence/Stoughton Line,889,0,day_type_01,weekday,1/1/2024 20:00,South Station,1.0,55,0,55,15436
Fall 2024,CR-Providence,Providence/Stoughton Line,889,0,day_type_01,weekday,1/1/2024 20:05,Back Bay,2.0,45,1,99,15437
Fall 2024,CR-Providence,Providence/Stoughton Line,889,0,day_type_01,weekday,1/1/2024 20:08,Ruggles,3.0,15,1,113,15438
Fall 2024,CR-Providence,Providence/Stoughton Line,889,0,day_type_01,weekday,1/1/2024 20:16,Hyde Park,4.0,2,19,96,15439
Fall 2024,CR-Providence,Providence/Stoughton Line,889,0,day_type_01,weekday,1/1/2024 20:21,Route 128,5.0,0,23,73,15440
Fall 2024,CR-Providence,Providence/Stoughton Line,889,0,day_type_01,weekday,1/1/2024 20:27,Canton Junction,6.0,0,21,52,15441
Fall 2024,CR-Providence,Providence/Stoughton Line,889,0,day_type_01,weekday,1/1/2024 20:30,Canton Center,7.0,0,20,32,15442
Fall 2024,CR-Providence,Providence/Stoughton Line,889,0,day_type_01,weekday,1/1/2024 20:38,Stoughton,8.0,0,32,0,15443
Fall 2024,CR-Providence,Providence/Stoughton Line,891,0,day_type_01,weekday,1/1/2024 21:00,South Station,1.0,64,0,64,15444
Fall 2024,CR-Providence,Providence/Stoughton Line,891,0,day_type_01,weekday,1/1/2024 21:05,Back Bay,2.0,0,15,49,15445
Fall 2024,CR-Providence,Providence/Stoughton Line,891,0,day_type_01,weekday,1/1/2024 21:08,Ruggles,3.0,6,3,52,15446
Fall 2024,CR-Providence,Providence/Stoughton Line,891,0,day_type_01,weekday,1/1/2024 21:16,Hyde Park,4.0,0,3,49,15447
Fall 2024,CR-Providence,Providence/Stoughton Line,891,0,day_type_01,weekday,1/1/2024 21:18,Readville,5.0,0,5,44,15448
Fall 2024,CR-Providence,Providence/Stoughton Line,891,0,day_type_01,weekday,1/1/2024 21:22,Route 128,6.0,0,11,33,15449
Fall 2024,CR-Providence,Providence/Stoughton Line,891,0,day_type_01,weekday,1/1/2024 21:28,Canton Junction,7.0,0,8,25,15450
Fall 2024,CR-Providence,Providence/Stoughton Line,891,0,day_type_01,weekday,1/1/2024 21:31,Canton Center,8.0,0,7,18,15451
Fall 2024,CR-Providence,Providence/Stoughton Line,891,0,day_type_01,weekday,1/1/2024 21:39,Stoughton,9.0,0,18,0,15452
Fall 2024,CR-Providence,Providence/Stoughton Line,892,1,day_type_01,weekday,1/1/2024 21:58,Stoughton,1.0,2,0,2,15453
Fall 2024,CR-Providence,Providence/Stoughton Line,892,1,day_type_01,weekday,1/1/2024 22:05,Canton Center,2.0,2,0,4,15454
Fall 2024,CR-Providence,Providence/Stoughton Line,892,1,day_type_01,weekday,1/1/2024 22:08,Canton Junction,3.0,1,0,5,15455
Fall 2024,CR-Providence,Providence/Stoughton Line,892,1,day_type_01,weekday,1/1/2024 22:13,Route 128,4.0,7,0,12,15456
Fall 2024,CR-Providence,Providence/Stoughton Line,892,1,day_type_01,weekday,1/1/2024 22:17,Readville,5.0,3,1,14,15457
Fall 2024,CR-Providence,Providence/Stoughton Line,892,1,day_type_01,weekday,1/1/2024 22:19,Hyde Park,6.0,3,2,15,15458
Fall 2024,CR-Providence,Providence/Stoughton Line,892,1,day_type_01,weekday,1/1/2024 22:29,Ruggles,7.0,0,3,12,15459
Fall 2024,CR-Providence,Providence/Stoughton Line,892,1,day_type_01,weekday,1/1/2024 22:33,Back Bay,8.0,0,4,8,15460
Fall 2024,CR-Providence,Providence/Stoughton Line,892,1,day_type_01,weekday,1/1/2024 22:38,South Station,9.0,0,8,0,15461
Fall 2024,CR-Providence,Providence/Stoughton Line,893,0,day_type_01,weekday,1/1/2024 23:05,South Station,1.0,29,0,29,15462
Fall 2024,CR-Providence,Providence/Stoughton Line,893,0,day_type_01,weekday,1/1/2024 23:13,Newmarket,2.0,5,0,34,15463
Fall 2024,CR-Fairmount,Fairmount Line,900,1,day_type_01,weekday,1/1/2024 4:59,Four Corners/Geneva,6.0,10,0,68,15464
Fall 2024,CR-Fairmount,Fairmount Line,915,0,day_type_01,weekday,1/1/2024 8:38,Blue Hill Avenue,7.0,2,3,23,15465
Fall 2024,CR-Fairmount,Fairmount Line,900,1,day_type_01,weekday,1/1/2024 5:02,Uphams Corner,7.0,6,0,74,15466
Fall 2024,CR-Fairmount,Fairmount Line,921,0,day_type_01,weekday,1/1/2024 10:00,Four Corners/Geneva,4.0,2,0,4,15467
Fall 2024,CR-Fairmount,Fairmount Line,910,1,day_type_01,weekday,1/1/2024 7:38,Morton Street,4.0,23,15,129,15468
Fall 2024,CR-Fairmount,Fairmount Line,921,0,day_type_01,weekday,1/1/2024 10:03,Talbot Avenue,5.0,1,0,5,15469
Fall 2024,CR-Fairmount,Fairmount Line,915,0,day_type_01,weekday,1/1/2024 8:41,Fairmount,8.0,0,9,14,15470
Fall 2024,CR-Fairmount,Fairmount Line,910,1,day_type_01,weekday,1/1/2024 7:41,Talbot Avenue,5.0,25,5,149,15471
Fall 2024,CR-Fairmount,Fairmount Line,921,0,day_type_01,weekday,1/1/2024 10:06,Morton Street,6.0,1,0,6,15472
Fall 2024,CR-Fairmount,Fairmount Line,900,1,day_type_01,weekday,1/1/2024 5:04,Newmarket,8.0,0,6,68,15473
Fall 2024,CR-Fairmount,Fairmount Line,915,0,day_type_01,weekday,1/1/2024 8:47,Readville,9.0,0,15,-1,15474
Fall 2024,CR-Fairmount,Fairmount Line,910,1,day_type_01,weekday,1/1/2024 7:44,Four Corners/Geneva,6.0,24,16,157,15475
Fall 2024,CR-Fairmount,Fairmount Line,921,0,day_type_01,weekday,1/1/2024 10:08,Blue Hill Avenue,7.0,0,3,3,15476
Fall 2024,CR-Fairmount,Fairmount Line,900,1,day_type_01,weekday,1/1/2024 5:15,South Station,9.0,0,68,0,15477
Fall 2024,CR-Fairmount,Fairmount Line,916,1,day_type_01,weekday,1/1/2024 9:00,Readville,1.0,8,0,8,15478
Fall 2024,CR-Fairmount,Fairmount Line,910,1,day_type_01,weekday,1/1/2024 7:47,Uphams Corner,7.0,22,1,178,15479
Fall 2024,CR-Fairmount,Fairmount Line,921,0,day_type_01,weekday,1/1/2024 10:13,Fairmount,8.0,0,3,0,15480
Fall 2024,CR-Fairmount,Fairmount Line,902,1,day_type_01,weekday,1/1/2024 5:30,Readville,1.0,23,0,23,15481
Fall 2024,CR-Fairmount,Fairmount Line,916,1,day_type_01,weekday,1/1/2024 9:03,Fairmount,2.0,27,0,35,15482
Fall 2024,CR-Fairmount,Fairmount Line,910,1,day_type_01,weekday,1/1/2024 7:49,Newmarket,8.0,0,13,165,15483
Fall 2024,CR-Fairmount,Fairmount Line,922,1,day_type_01,weekday,1/1/2024 10:33,Fairmount,1.0,4,0,4,15484
Fall 2024,CR-Fairmount,Fairmount Line,902,1,day_type_01,weekday,1/1/2024 5:33,Fairmount,2.0,23,0,46,15485
Fall 2024,CR-Fairmount,Fairmount Line,916,1,day_type_01,weekday,1/1/2024 9:06,Blue Hill Avenue,3.0,10,0,45,15486
Fall 2024,CR-Fairmount,Fairmount Line,910,1,day_type_01,weekday,1/1/2024 8:00,South Station,9.0,0,165,0,15487
Fall 2024,CR-Fairmount,Fairmount Line,922,1,day_type_01,weekday,1/1/2024 10:36,Blue Hill Avenue,2.0,9,0,13,15488
Fall 2024,CR-Fairmount,Fairmount Line,902,1,day_type_01,weekday,1/1/2024 5:36,Blue Hill Avenue,3.0,6,0,52,15489
Fall 2024,CR-Fairmount,Fairmount Line,916,1,day_type_01,weekday,1/1/2024 9:08,Morton Street,4.0,8,1,52,15490
Fall 2024,CR-Fairmount,Fairmount Line,911,0,day_type_01,weekday,1/1/2024 7:17,South Station,1.0,18,0,18,15491
Fall 2024,CR-Fairmount,Fairmount Line,922,1,day_type_01,weekday,1/1/2024 10:38,Morton Street,3.0,4,0,17,15492
Fall 2024,CR-Fairmount,Fairmount Line,902,1,day_type_01,weekday,1/1/2024 5:38,Morton Street,4.0,8,0,60,15493
Fall 2024,CR-Fairmount,Fairmount Line,916,1,day_type_01,weekday,1/1/2024 9:11,Talbot Avenue,5.0,11,2,61,15494
Fall 2024,CR-Fairmount,Fairmount Line,911,0,day_type_01,weekday,1/1/2024 7:25,Newmarket,2.0,2,0,20,15495
Fall 2024,CR-Fairmount,Fairmount Line,922,1,day_type_01,weekday,1/1/2024 10:41,Talbot Avenue,4.0,7,0,24,15496
Fall 2024,CR-Fairmount,Fairmount Line,902,1,day_type_01,weekday,1/1/2024 5:41,Talbot Avenue,5.0,8,0,68,15497
Fall 2024,CR-Fairmount,Fairmount Line,916,1,day_type_01,weekday,1/1/2024 9:14,Four Corners/Geneva,6.0,11,2,70,15498
Fall 2024,CR-Fairmount,Fairmount Line,911,0,day_type_01,weekday,1/1/2024 7:27,Uphams Corner,3.0,29,0,49,15499
Fall 2024,CR-Fairmount,Fairmount Line,911,0,day_type_01,weekday,1/1/2024 7:30,Four Corners/Geneva,4.0,59,3,105,15500
Fall 2024,CR-Fairmount,Fairmount Line,911,0,day_type_01,weekday,1/1/2024 7:33,Talbot Avenue,5.0,15,3,117,15501
Fall 2024,CR-Fairmount,Fairmount Line,911,0,day_type_01,weekday,1/1/2024 7:36,Morton Street,6.0,19,69,67,15502
Fall 2024,CR-Fairmount,Fairmount Line,911,0,day_type_01,weekday,1/1/2024 7:38,Blue Hill Avenue,7.0,5,6,66,15503
Fall 2024,CR-Fairmount,Fairmount Line,911,0,day_type_01,weekday,1/1/2024 7:41,Fairmount,8.0,0,19,47,15504
Fall 2024,CR-Fairmount,Fairmount Line,911,0,day_type_01,weekday,1/1/2024 7:47,Readville,9.0,0,47,0,15505
Fall 2024,CR-Fairmount,Fairmount Line,912,1,day_type_01,weekday,1/1/2024 8:00,Readville,1.0,16,0,16,15506
Fall 2024,CR-Fairmount,Fairmount Line,912,1,day_type_01,weekday,1/1/2024 8:03,Fairmount,2.0,49,1,64,15507
Fall 2024,CR-Fairmount,Fairmount Line,912,1,day_type_01,weekday,1/1/2024 8:06,Blue Hill Avenue,3.0,26,3,87,15508
Fall 2024,CR-Fairmount,Fairmount Line,912,1,day_type_01,weekday,1/1/2024 8:08,Morton Street,4.0,10,3,94,15509
Fall 2024,CR-Fairmount,Fairmount Line,912,1,day_type_01,weekday,1/1/2024 8:11,Talbot Avenue,5.0,46,3,137,15510
Fall 2024,CR-Fairmount,Fairmount Line,912,1,day_type_01,weekday,1/1/2024 8:14,Four Corners/Geneva,6.0,31,10,158,15511
Fall 2024,CR-Fairmount,Fairmount Line,912,1,day_type_01,weekday,1/1/2024 8:17,Uphams Corner,7.0,33,1,190,15512
Fall 2024,CR-Fairmount,Fairmount Line,912,1,day_type_01,weekday,1/1/2024 8:19,Newmarket,8.0,7,12,185,15513
Fall 2024,CR-Fairmount,Fairmount Line,912,1,day_type_01,weekday,1/1/2024 8:30,South Station,9.0,0,185,0,15514
Fall 2024,CR-Fairmount,Fairmount Line,913,0,day_type_01,weekday,1/1/2024 7:47,South Station,1.0,11,0,11,15515
Fall 2024,CR-Fairmount,Fairmount Line,913,0,day_type_01,weekday,1/1/2024 7:55,Newmarket,2.0,1,3,9,15516
Fall 2024,CR-Fairmount,Fairmount Line,913,0,day_type_01,weekday,1/1/2024 7:57,Uphams Corner,3.0,11,1,19,15517
Fall 2024,CR-Fairmount,Fairmount Line,913,0,day_type_01,weekday,1/1/2024 8:00,Four Corners/Geneva,4.0,10,0,29,15518
Fall 2024,CR-Fairmount,Fairmount Line,913,0,day_type_01,weekday,1/1/2024 8:03,Talbot Avenue,5.0,1,16,14,15519
Fall 2024,CR-Fairmount,Fairmount Line,913,0,day_type_01,weekday,1/1/2024 8:06,Morton Street,6.0,7,9,12,15520
Fall 2024,CR-Fairmount,Fairmount Line,913,0,day_type_01,weekday,1/1/2024 8:08,Blue Hill Avenue,7.0,0,4,8,15521
Fall 2024,CR-Fairmount,Fairmount Line,913,0,day_type_01,weekday,1/1/2024 8:11,Fairmount,8.0,0,7,1,15522
Fall 2024,CR-Fairmount,Fairmount Line,913,0,day_type_01,weekday,1/1/2024 8:17,Readville,9.0,0,1,0,15523
Fall 2024,CR-Fairmount,Fairmount Line,922,1,day_type_01,weekday,1/1/2024 10:44,Four Corners/Geneva,5.0,5,3,26,15524
Fall 2024,CR-Fairmount,Fairmount Line,916,1,day_type_01,weekday,1/1/2024 9:17,Uphams Corner,7.0,4,0,74,15525
Fall 2024,CR-Fairmount,Fairmount Line,922,1,day_type_01,weekday,1/1/2024 10:47,Uphams Corner,6.0,3,0,29,15526
Fall 2024,CR-Fairmount,Fairmount Line,916,1,day_type_01,weekday,1/1/2024 9:19,Newmarket,8.0,3,9,68,15527
Fall 2024,CR-Fairmount,Fairmount Line,922,1,day_type_01,weekday,1/1/2024 10:49,Newmarket,7.0,0,3,26,15528
Fall 2024,CR-Fairmount,Fairmount Line,916,1,day_type_01,weekday,1/1/2024 9:30,South Station,9.0,0,68,0,15529
Fall 2024,CR-Fairmount,Fairmount Line,922,1,day_type_01,weekday,1/1/2024 11:00,South Station,8.0,0,26,0,15530
Fall 2024,CR-Fairmount,Fairmount Line,917,0,day_type_01,weekday,1/1/2024 8:47,South Station,1.0,11,0,11,15531
Fall 2024,CR-Fairmount,Fairmount Line,902,1,day_type_01,weekday,1/1/2024 5:44,Four Corners/Geneva,6.0,5,0,73,15532
Fall 2024,CR-Fairmount,Fairmount Line,923,0,day_type_01,weekday,1/1/2024 10:17,South Station,1.0,11,0,11,15533
Fall 2024,CR-Fairmount,Fairmount Line,917,0,day_type_01,weekday,1/1/2024 8:55,Newmarket,2.0,0,3,8,15534
Fall 2024,CR-Fairmount,Fairmount Line,923,0,day_type_01,weekday,1/1/2024 10:25,Newmarket,2.0,2,0,13,15535
Fall 2024,CR-Fairmount,Fairmount Line,902,1,day_type_01,weekday,1/1/2024 5:47,Uphams Corner,7.0,4,2,75,15536
Fall 2024,CR-Fairmount,Fairmount Line,917,0,day_type_01,weekday,1/1/2024 8:57,Uphams Corner,3.0,2,4,6,15537
Fall 2024,CR-Fairmount,Fairmount Line,923,0,day_type_01,weekday,1/1/2024 10:27,Uphams Corner,3.0,3,1,15,15538
Fall 2024,CR-Fairmount,Fairmount Line,902,1,day_type_01,weekday,1/1/2024 5:49,Newmarket,8.0,1,3,73,15539
Fall 2024,CR-Fairmount,Fairmount Line,917,0,day_type_01,weekday,1/1/2024 9:00,Four Corners/Geneva,4.0,0,2,4,15540
Fall 2024,CR-Fairmount,Fairmount Line,923,0,day_type_01,weekday,1/1/2024 10:30,Four Corners/Geneva,4.0,2,4,13,15541
Fall 2024,CR-Fairmount,Fairmount Line,902,1,day_type_01,weekday,1/1/2024 6:00,South Station,9.0,0,73,0,15542
Fall 2024,CR-Fairmount,Fairmount Line,917,0,day_type_01,weekday,1/1/2024 9:03,Talbot Avenue,5.0,0,0,4,15543
Fall 2024,CR-Fairmount,Fairmount Line,923,0,day_type_01,weekday,1/1/2024 10:33,Talbot Avenue,5.0,0,2,11,15544
Fall 2024,CR-Fairmount,Fairmount Line,904,1,day_type_01,weekday,1/1/2024 6:00,Readville,1.0,8,0,8,15545
Fall 2024,CR-Fairmount,Fairmount Line,917,0,day_type_01,weekday,1/1/2024 9:06,Morton Street,6.0,1,0,5,15546
Fall 2024,CR-Fairmount,Fairmount Line,923,0,day_type_01,weekday,1/1/2024 10:36,Morton Street,6.0,1,2,10,15547
Fall 2024,CR-Fairmount,Fairmount Line,904,1,day_type_01,weekday,1/1/2024 6:03,Fairmount,2.0,14,0,22,15548
Fall 2024,CR-Fairmount,Fairmount Line,923,0,day_type_01,weekday,1/1/2024 10:38,Blue Hill Avenue,7.0,1,5,6,15549
Fall 2024,CR-Fairmount,Fairmount Line,917,0,day_type_01,weekday,1/1/2024 9:08,Blue Hill Avenue,7.0,0,1,4,15550
Fall 2024,CR-Fairmount,Fairmount Line,904,1,day_type_01,weekday,1/1/2024 6:06,Blue Hill Avenue,3.0,13,0,35,15551
Fall 2024,CR-Fairmount,Fairmount Line,917,0,day_type_01,weekday,1/1/2024 9:11,Fairmount,8.0,0,4,0,15552
Fall 2024,CR-Fairmount,Fairmount Line,923,0,day_type_01,weekday,1/1/2024 10:41,Fairmount,8.0,0,3,3,15553
Fall 2024,CR-Fairmount,Fairmount Line,904,1,day_type_01,weekday,1/1/2024 6:08,Morton Street,4.0,10,1,44,15554
Fall 2024,CR-Fairmount,Fairmount Line,923,0,day_type_01,weekday,1/1/2024 10:47,Readville,9.0,0,3,0,15555
Fall 2024,CR-Fairmount,Fairmount Line,924,1,day_type_01,weekday,1/1/2024 11:00,Readville,1.0,2,0,2,15556
Fall 2024,CR-Fairmount,Fairmount Line,917,0,day_type_01,weekday,1/1/2024 9:17,Readville,9.0,0,0,0,15557
Fall 2024,CR-Fairmount,Fairmount Line,904,1,day_type_01,weekday,1/1/2024 6:11,Talbot Avenue,5.0,10,0,54,15558
Fall 2024,CR-Fairmount,Fairmount Line,924,1,day_type_01,weekday,1/1/2024 11:03,Fairmount,2.0,9,0,11,15559
Fall 2024,CR-Fairmount,Fairmount Line,918,1,day_type_01,weekday,1/1/2024 9:30,Readville,1.0,5,0,5,15560
Fall 2024,CR-Fairmount,Fairmount Line,904,1,day_type_01,weekday,1/1/2024 6:14,Four Corners/Geneva,6.0,9,2,61,15561
Fall 2024,CR-Fairmount,Fairmount Line,924,1,day_type_01,weekday,1/1/2024 11:06,Blue Hill Avenue,3.0,8,0,19,15562
Fall 2024,CR-Fairmount,Fairmount Line,918,1,day_type_01,weekday,1/1/2024 9:33,Fairmount,2.0,17,1,21,15563
Fall 2024,CR-Fairmount,Fairmount Line,904,1,day_type_01,weekday,1/1/2024 6:17,Uphams Corner,7.0,5,3,63,15564
Fall 2024,CR-Fairmount,Fairmount Line,924,1,day_type_01,weekday,1/1/2024 11:08,Morton Street,4.0,7,0,26,15565
Fall 2024,CR-Fairmount,Fairmount Line,918,1,day_type_01,weekday,1/1/2024 9:36,Blue Hill Avenue,3.0,12,3,30,15566
Fall 2024,CR-Fairmount,Fairmount Line,904,1,day_type_01,weekday,1/1/2024 6:19,Newmarket,8.0,2,2,63,15567
Fall 2024,CR-Fairmount,Fairmount Line,924,1,day_type_01,weekday,1/1/2024 11:11,Talbot Avenue,5.0,7,1,32,15568
Fall 2024,CR-Fairmount,Fairmount Line,918,1,day_type_01,weekday,1/1/2024 9:38,Morton Street,4.0,15,2,43,15569
Fall 2024,CR-Fairmount,Fairmount Line,904,1,day_type_01,weekday,1/1/2024 6:30,South Station,9.0,0,63,0,15570
Fall 2024,CR-Fairmount,Fairmount Line,924,1,day_type_01,weekday,1/1/2024 11:14,Four Corners/Geneva,6.0,6,1,37,15571
Fall 2024,CR-Fairmount,Fairmount Line,918,1,day_type_01,weekday,1/1/2024 9:41,Talbot Avenue,5.0,6,2,47,15572
Fall 2024,CR-Fairmount,Fairmount Line,907,0,day_type_01,weekday,1/1/2024 6:17,South Station,1.0,13,0,13,15573
Fall 2024,CR-Fairmount,Fairmount Line,924,1,day_type_01,weekday,1/1/2024 11:17,Uphams Corner,7.0,4,1,40,15574
Fall 2024,CR-Fairmount,Fairmount Line,918,1,day_type_01,weekday,1/1/2024 9:44,Four Corners/Geneva,6.0,4,2,49,15575
Fall 2024,CR-Fairmount,Fairmount Line,907,0,day_type_01,weekday,1/1/2024 6:25,Newmarket,2.0,5,0,18,15576
Fall 2024,CR-Fairmount,Fairmount Line,924,1,day_type_01,weekday,1/1/2024 11:19,Newmarket,8.0,4,3,41,15577
Fall 2024,CR-Fairmount,Fairmount Line,918,1,day_type_01,weekday,1/1/2024 9:47,Uphams Corner,7.0,5,3,51,15578
Fall 2024,CR-Fairmount,Fairmount Line,907,0,day_type_01,weekday,1/1/2024 6:27,Uphams Corner,3.0,2,1,19,15579
Fall 2024,CR-Fairmount,Fairmount Line,924,1,day_type_01,weekday,1/1/2024 11:30,South Station,9.0,0,40,1,15580
Fall 2024,CR-Fairmount,Fairmount Line,918,1,day_type_01,weekday,1/1/2024 9:49,Newmarket,8.0,0,7,44,15581
Fall 2024,CR-Fairmount,Fairmount Line,907,0,day_type_01,weekday,1/1/2024 6:30,Four Corners/Geneva,4.0,2,0,21,15582
Fall 2024,CR-Fairmount,Fairmount Line,927,0,day_type_01,weekday,1/1/2024 11:02,South Station,1.0,8,0,8,15583
Fall 2024,CR-Fairmount,Fairmount Line,918,1,day_type_01,weekday,1/1/2024 10:00,South Station,9.0,0,44,0,15584
Fall 2024,CR-Fairmount,Fairmount Line,927,0,day_type_01,weekday,1/1/2024 11:10,Newmarket,2.0,1,0,9,15585
Fall 2024,CR-Fairmount,Fairmount Line,907,0,day_type_01,weekday,1/1/2024 6:33,Talbot Avenue,5.0,3,3,21,15586
Fall 2024,CR-Fairmount,Fairmount Line,919,0,day_type_01,weekday,1/1/2024 9:17,South Station,1.0,3,0,3,15587
Fall 2024,CR-Fairmount,Fairmount Line,907,0,day_type_01,weekday,1/1/2024 6:36,Morton Street,6.0,1,5,17,15588
Fall 2024,CR-Fairmount,Fairmount Line,927,0,day_type_01,weekday,1/1/2024 11:12,Uphams Corner,3.0,2,1,10,15589
Fall 2024,CR-Fairmount,Fairmount Line,919,0,day_type_01,weekday,1/1/2024 9:25,Newmarket,2.0,2,1,4,15590
Fall 2024,CR-Fairmount,Fairmount Line,907,0,day_type_01,weekday,1/1/2024 6:38,Blue Hill Avenue,7.0,3,6,14,15591
Fall 2024,CR-Fairmount,Fairmount Line,919,0,day_type_01,weekday,1/1/2024 9:27,Uphams Corner,3.0,3,2,5,15592
Fall 2024,CR-Fairmount,Fairmount Line,907,0,day_type_01,weekday,1/1/2024 6:41,Fairmount,8.0,1,8,7,15593
Fall 2024,CR-Fairmount,Fairmount Line,919,0,day_type_01,weekday,1/1/2024 9:30,Four Corners/Geneva,4.0,2,0,7,15594
Fall 2024,CR-Fairmount,Fairmount Line,907,0,day_type_01,weekday,1/1/2024 6:47,Readville,9.0,0,9,-2,15595
Fall 2024,CR-Fairmount,Fairmount Line,919,0,day_type_01,weekday,1/1/2024 9:33,Talbot Avenue,5.0,4,1,10,15596
Fall 2024,CR-Fairmount,Fairmount Line,908,1,day_type_01,weekday,1/1/2024 7:00,Readville,1.0,18,0,18,15597
Fall 2024,CR-Fairmount,Fairmount Line,908,1,day_type_01,weekday,1/1/2024 7:03,Fairmount,2.0,60,1,77,15598
Fall 2024,CR-Fairmount,Fairmount Line,908,1,day_type_01,weekday,1/1/2024 7:06,Blue Hill Avenue,3.0,22,0,99,15599
Fall 2024,CR-Fairmount,Fairmount Line,908,1,day_type_01,weekday,1/1/2024 7:08,Morton Street,4.0,23,4,118,15600
Fall 2024,CR-Fairmount,Fairmount Line,950,1,day_type_01,weekday,1/1/2024 18:00,South Station,9.0,0,36,0,15601
Fall 2024,CR-Fairmount,Fairmount Line,944,1,day_type_01,weekday,1/1/2024 16:30,South Station,9.0,0,34,0,15602
Fall 2024,CR-Fairmount,Fairmount Line,951,0,day_type_01,weekday,1/1/2024 17:17,South Station,1.0,166,0,166,15603
Fall 2024,CR-Fairmount,Fairmount Line,945,0,day_type_01,weekday,1/1/2024 15:47,South Station,1.0,116,0,116,15604
Fall 2024,CR-Fairmount,Fairmount Line,951,0,day_type_01,weekday,1/1/2024 17:25,Newmarket,2.0,8,5,169,15605
Fall 2024,CR-Fairmount,Fairmount Line,945,0,day_type_01,weekday,1/1/2024 15:55,Newmarket,2.0,14,2,128,15606
Fall 2024,CR-Fairmount,Fairmount Line,951,0,day_type_01,weekday,1/1/2024 17:27,Uphams Corner,3.0,5,11,163,15607
Fall 2024,CR-Fairmount,Fairmount Line,945,0,day_type_01,weekday,1/1/2024 15:57,Uphams Corner,3.0,11,12,127,15608
Fall 2024,CR-Fairmount,Fairmount Line,951,0,day_type_01,weekday,1/1/2024 17:30,Four Corners/Geneva,4.0,9,30,142,15609
Fall 2024,CR-Fairmount,Fairmount Line,945,0,day_type_01,weekday,1/1/2024 16:00,Four Corners/Geneva,4.0,1,16,112,15610
Fall 2024,CR-Fairmount,Fairmount Line,951,0,day_type_01,weekday,1/1/2024 17:33,Talbot Avenue,5.0,2,27,117,15611
Fall 2024,CR-Fairmount,Fairmount Line,945,0,day_type_01,weekday,1/1/2024 16:03,Talbot Avenue,5.0,2,24,90,15612
Fall 2024,CR-Fairmount,Fairmount Line,956,1,day_type_01,weekday,1/1/2024 19:30,South Station,9.0,0,8,0,15613
Fall 2024,CR-Fairmount,Fairmount Line,951,0,day_type_01,weekday,1/1/2024 17:36,Morton Street,6.0,8,29,96,15614
Fall 2024,CR-Fairmount,Fairmount Line,945,0,day_type_01,weekday,1/1/2024 16:06,Morton Street,6.0,2,15,77,15615
Fall 2024,CR-Fairmount,Fairmount Line,957,0,day_type_01,weekday,1/1/2024 18:47,South Station,1.0,62,0,62,15616
Fall 2024,CR-Fairmount,Fairmount Line,951,0,day_type_01,weekday,1/1/2024 17:38,Blue Hill Avenue,7.0,9,25,80,15617
Fall 2024,CR-Fairmount,Fairmount Line,945,0,day_type_01,weekday,1/1/2024 16:08,Blue Hill Avenue,7.0,10,31,56,15618
Fall 2024,CR-Fairmount,Fairmount Line,945,0,day_type_01,weekday,1/1/2024 16:11,Fairmount,8.0,0,23,33,15619
Fall 2024,CR-Fairmount,Fairmount Line,945,0,day_type_01,weekday,1/1/2024 16:17,Readville,9.0,0,33,0,15620
Fall 2024,CR-Fairmount,Fairmount Line,946,1,day_type_01,weekday,1/1/2024 16:30,Readville,1.0,15,0,15,15621
Fall 2024,CR-Fairmount,Fairmount Line,946,1,day_type_01,weekday,1/1/2024 16:33,Fairmount,2.0,10,0,25,15622
Fall 2024,CR-Fairmount,Fairmount Line,946,1,day_type_01,weekday,1/1/2024 16:36,Blue Hill Avenue,3.0,15,6,34,15623
Fall 2024,CR-Fairmount,Fairmount Line,946,1,day_type_01,weekday,1/1/2024 16:38,Morton Street,4.0,6,12,28,15624
Fall 2024,CR-Fairmount,Fairmount Line,946,1,day_type_01,weekday,1/1/2024 16:41,Talbot Avenue,5.0,7,1,34,15625
Fall 2024,CR-Fairmount,Fairmount Line,946,1,day_type_01,weekday,1/1/2024 16:44,Four Corners/Geneva,6.0,6,7,33,15626
Fall 2024,CR-Fairmount,Fairmount Line,946,1,day_type_01,weekday,1/1/2024 16:47,Uphams Corner,7.0,0,7,26,15627
Fall 2024,CR-Fairmount,Fairmount Line,946,1,day_type_01,weekday,1/1/2024 16:49,Newmarket,8.0,0,9,17,15628
Fall 2024,CR-Fairmount,Fairmount Line,946,1,day_type_01,weekday,1/1/2024 17:00,South Station,9.0,0,17,0,15629
Fall 2024,CR-Fairmount,Fairmount Line,947,0,day_type_01,weekday,1/1/2024 16:17,South Station,1.0,140,0,140,15630
Fall 2024,CR-Fairmount,Fairmount Line,947,0,day_type_01,weekday,1/1/2024 16:25,Newmarket,2.0,12,3,149,15631
Fall 2024,CR-Fairmount,Fairmount Line,947,0,day_type_01,weekday,1/1/2024 16:27,Uphams Corner,3.0,17,17,149,15632
Fall 2024,CR-Fairmount,Fairmount Line,947,0,day_type_01,weekday,1/1/2024 16:30,Four Corners/Geneva,4.0,10,17,142,15633
Fall 2024,CR-Fairmount,Fairmount Line,947,0,day_type_01,weekday,1/1/2024 16:33,Talbot Avenue,5.0,5,29,118,15634
Fall 2024,CR-Fairmount,Fairmount Line,947,0,day_type_01,weekday,1/1/2024 16:36,Morton Street,6.0,1,34,85,15635
Fall 2024,CR-Fairmount,Fairmount Line,947,0,day_type_01,weekday,1/1/2024 16:38,Blue Hill Avenue,7.0,3,17,71,15636
Fall 2024,CR-Fairmount,Fairmount Line,947,0,day_type_01,weekday,1/1/2024 16:41,Fairmount,8.0,0,55,16,15637
Fall 2024,CR-Fairmount,Fairmount Line,947,0,day_type_01,weekday,1/1/2024 16:47,Readville,9.0,0,16,0,15638
Fall 2024,CR-Fairmount,Fairmount Line,948,1,day_type_01,weekday,1/1/2024 17:00,Readville,1.0,16,0,16,15639
Fall 2024,CR-Fairmount,Fairmount Line,948,1,day_type_01,weekday,1/1/2024 17:03,Fairmount,2.0,7,0,23,15640
Fall 2024,CR-Fairmount,Fairmount Line,948,1,day_type_01,weekday,1/1/2024 17:06,Blue Hill Avenue,3.0,8,3,28,15641
Fall 2024,CR-Fairmount,Fairmount Line,948,1,day_type_01,weekday,1/1/2024 17:08,Morton Street,4.0,4,3,29,15642
Fall 2024,CR-Fairmount,Fairmount Line,948,1,day_type_01,weekday,1/1/2024 17:11,Talbot Avenue,5.0,3,2,30,15643
Fall 2024,CR-Fairmount,Fairmount Line,948,1,day_type_01,weekday,1/1/2024 17:14,Four Corners/Geneva,6.0,3,5,28,15644
Fall 2024,CR-Fairmount,Fairmount Line,948,1,day_type_01,weekday,1/1/2024 17:17,Uphams Corner,7.0,7,4,31,15645
Fall 2024,CR-Fairmount,Fairmount Line,948,1,day_type_01,weekday,1/1/2024 17:19,Newmarket,8.0,2,6,27,15646
Fall 2024,CR-Fairmount,Fairmount Line,948,1,day_type_01,weekday,1/1/2024 17:30,South Station,9.0,0,27,0,15647
Fall 2024,CR-Fairmount,Fairmount Line,949,0,day_type_01,weekday,1/1/2024 16:47,South Station,1.0,242,0,242,15648
Fall 2024,CR-Fairmount,Fairmount Line,949,0,day_type_01,weekday,1/1/2024 16:55,Newmarket,2.0,16,7,251,15649
Fall 2024,CR-Fairmount,Fairmount Line,949,0,day_type_01,weekday,1/1/2024 16:57,Uphams Corner,3.0,6,28,229,15650
Fall 2024,CR-Fairmount,Fairmount Line,949,0,day_type_01,weekday,1/1/2024 17:00,Four Corners/Geneva,4.0,4,21,212,15651
Fall 2024,CR-Fairmount,Fairmount Line,949,0,day_type_01,weekday,1/1/2024 17:03,Talbot Avenue,5.0,1,30,183,15652
Fall 2024,CR-Fairmount,Fairmount Line,949,0,day_type_01,weekday,1/1/2024 17:06,Morton Street,6.0,1,27,157,15653
Fall 2024,CR-Fairmount,Fairmount Line,949,0,day_type_01,weekday,1/1/2024 17:08,Blue Hill Avenue,7.0,15,28,144,15654
Fall 2024,CR-Fairmount,Fairmount Line,949,0,day_type_01,weekday,1/1/2024 17:11,Fairmount,8.0,0,82,62,15655
Fall 2024,CR-Fairmount,Fairmount Line,949,0,day_type_01,weekday,1/1/2024 17:17,Readville,9.0,0,62,0,15656
Fall 2024,CR-Fairmount,Fairmount Line,950,1,day_type_01,weekday,1/1/2024 17:30,Readville,1.0,7,0,7,15657
Fall 2024,CR-Fairmount,Fairmount Line,950,1,day_type_01,weekday,1/1/2024 17:33,Fairmount,2.0,16,0,23,15658
Fall 2024,CR-Fairmount,Fairmount Line,950,1,day_type_01,weekday,1/1/2024 17:36,Blue Hill Avenue,3.0,3,4,22,15659
Fall 2024,CR-Fairmount,Fairmount Line,950,1,day_type_01,weekday,1/1/2024 17:38,Morton Street,4.0,4,2,24,15660
Fall 2024,CR-Fairmount,Fairmount Line,950,1,day_type_01,weekday,1/1/2024 17:41,Talbot Avenue,5.0,8,1,31,15661
Fall 2024,CR-Fairmount,Fairmount Line,950,1,day_type_01,weekday,1/1/2024 17:44,Four Corners/Geneva,6.0,2,1,32,15662
Fall 2024,CR-Fairmount,Fairmount Line,950,1,day_type_01,weekday,1/1/2024 17:47,Uphams Corner,7.0,7,4,35,15663
Fall 2024,CR-Fairmount,Fairmount Line,950,1,day_type_01,weekday,1/1/2024 17:49,Newmarket,8.0,3,2,36,15664
Fall 2024,CR-Fairmount,Fairmount Line,957,0,day_type_01,weekday,1/1/2024 18:55,Newmarket,2.0,4,0,66,15665
Fall 2024,CR-Fairmount,Fairmount Line,957,0,day_type_01,weekday,1/1/2024 18:57,Uphams Corner,3.0,6,7,65,15666
Fall 2024,CR-Fairmount,Fairmount Line,951,0,day_type_01,weekday,1/1/2024 17:41,Fairmount,8.0,0,22,58,15667
Fall 2024,CR-Fairmount,Fairmount Line,957,0,day_type_01,weekday,1/1/2024 19:00,Four Corners/Geneva,4.0,0,15,50,15668
Fall 2024,CR-Fairmount,Fairmount Line,957,0,day_type_01,weekday,1/1/2024 19:03,Talbot Avenue,5.0,2,10,42,15669
Fall 2024,CR-Fairmount,Fairmount Line,951,0,day_type_01,weekday,1/1/2024 17:47,Readville,9.0,0,58,0,15670
Fall 2024,CR-Fairmount,Fairmount Line,957,0,day_type_01,weekday,1/1/2024 19:06,Morton Street,6.0,3,7,38,15671
Fall 2024,CR-Fairmount,Fairmount Line,952,1,day_type_01,weekday,1/1/2024 18:00,Readville,1.0,8,0,8,15672
Fall 2024,CR-Fairmount,Fairmount Line,957,0,day_type_01,weekday,1/1/2024 19:08,Blue Hill Avenue,7.0,1,17,22,15673
Fall 2024,CR-Fairmount,Fairmount Line,952,1,day_type_01,weekday,1/1/2024 18:03,Fairmount,2.0,7,2,13,15674
Fall 2024,CR-Fairmount,Fairmount Line,957,0,day_type_01,weekday,1/1/2024 19:13,Fairmount,8.0,0,22,0,15675
Fall 2024,CR-Fairmount,Fairmount Line,952,1,day_type_01,weekday,1/1/2024 18:06,Blue Hill Avenue,3.0,11,1,23,15676
Fall 2024,CR-Fairmount,Fairmount Line,959,0,day_type_01,weekday,1/1/2024 19:47,South Station,1.0,50,0,50,15677
Fall 2024,CR-Fairmount,Fairmount Line,952,1,day_type_01,weekday,1/1/2024 18:08,Morton Street,4.0,2,8,17,15678
Fall 2024,CR-Fairmount,Fairmount Line,959,0,day_type_01,weekday,1/1/2024 19:55,Newmarket,2.0,3,4,49,15679
Fall 2024,CR-Fairmount,Fairmount Line,952,1,day_type_01,weekday,1/1/2024 18:11,Talbot Avenue,5.0,3,5,15,15680
Fall 2024,CR-Fairmount,Fairmount Line,959,0,day_type_01,weekday,1/1/2024 19:57,Uphams Corner,3.0,3,8,44,15681
Fall 2024,CR-Fairmount,Fairmount Line,952,1,day_type_01,weekday,1/1/2024 18:14,Four Corners/Geneva,6.0,2,6,11,15682
Fall 2024,CR-Fairmount,Fairmount Line,959,0,day_type_01,weekday,1/1/2024 20:00,Four Corners/Geneva,4.0,2,6,40,15683
Fall 2024,CR-Fairmount,Fairmount Line,952,1,day_type_01,weekday,1/1/2024 18:17,Uphams Corner,7.0,0,4,7,15684
Fall 2024,CR-Fairmount,Fairmount Line,959,0,day_type_01,weekday,1/1/2024 20:03,Talbot Avenue,5.0,0,11,29,15685
Fall 2024,CR-Fairmount,Fairmount Line,952,1,day_type_01,weekday,1/1/2024 18:19,Newmarket,8.0,0,2,5,15686
Fall 2024,CR-Fairmount,Fairmount Line,959,0,day_type_01,weekday,1/1/2024 20:06,Morton Street,6.0,0,8,21,15687
Fall 2024,CR-Fairmount,Fairmount Line,952,1,day_type_01,weekday,1/1/2024 18:30,South Station,9.0,0,5,0,15688
Fall 2024,CR-Fairmount,Fairmount Line,959,0,day_type_01,weekday,1/1/2024 20:08,Blue Hill Avenue,7.0,0,7,14,15689
Fall 2024,CR-Fairmount,Fairmount Line,959,0,day_type_01,weekday,1/1/2024 20:11,Fairmount,8.0,0,12,2,15690
Fall 2024,CR-Fairmount,Fairmount Line,953,0,day_type_01,weekday,1/1/2024 17:47,South Station,1.0,168,0,168,15691
Fall 2024,CR-Fairmount,Fairmount Line,953,0,day_type_01,weekday,1/1/2024 17:55,Newmarket,2.0,4,7,165,15692
Fall 2024,CR-Fairmount,Fairmount Line,953,0,day_type_01,weekday,1/1/2024 17:57,Uphams Corner,3.0,5,16,154,15693
Fall 2024,CR-Fairmount,Fairmount Line,959,0,day_type_01,weekday,1/1/2024 20:17,Readville,9.0,0,4,-2,15694
Fall 2024,CR-Fairmount,Fairmount Line,953,0,day_type_01,weekday,1/1/2024 18:00,Four Corners/Geneva,4.0,4,22,136,15695
Fall 2024,CR-Fairmount,Fairmount Line,960,1,day_type_01,weekday,1/1/2024 20:40,Readville,1.0,7,0,7,15696
Fall 2024,CR-Fairmount,Fairmount Line,953,0,day_type_01,weekday,1/1/2024 18:03,Talbot Avenue,5.0,3,29,110,15697
Fall 2024,CR-Fairmount,Fairmount Line,960,1,day_type_01,weekday,1/1/2024 20:43,Fairmount,2.0,3,0,10,15698
Fall 2024,CR-Fairmount,Fairmount Line,953,0,day_type_01,weekday,1/1/2024 18:06,Morton Street,6.0,2,22,90,15699
Fall 2024,CR-Fairmount,Fairmount Line,960,1,day_type_01,weekday,1/1/2024 20:46,Blue Hill Avenue,3.0,3,2,11,15700
Fall 2024,CR-Fairmount,Fairmount Line,953,0,day_type_01,weekday,1/1/2024 18:08,Blue Hill Avenue,7.0,0,31,59,15701
Fall 2024,CR-Fairmount,Fairmount Line,960,1,day_type_01,weekday,1/1/2024 20:48,Morton Street,4.0,4,1,14,15702
Fall 2024,CR-Fairmount,Fairmount Line,953,0,day_type_01,weekday,1/1/2024 18:11,Fairmount,8.0,0,49,10,15703
Fall 2024,CR-Fairmount,Fairmount Line,960,1,day_type_01,weekday,1/1/2024 20:51,Talbot Avenue,5.0,1,1,14,15704
Fall 2024,CR-Fairmount,Fairmount Line,953,0,day_type_01,weekday,1/1/2024 18:17,Readville,9.0,0,10,0,15705
Fall 2024,CR-Fairmount,Fairmount Line,960,1,day_type_01,weekday,1/1/2024 20:54,Four Corners/Geneva,6.0,2,0,16,15706
Fall 2024,CR-Fairmount,Fairmount Line,954,1,day_type_01,weekday,1/1/2024 18:00,Readville,1.0,9,0,9,15707
Fall 2024,CR-Fairmount,Fairmount Line,960,1,day_type_01,weekday,1/1/2024 20:57,Uphams Corner,7.0,0,2,14,15708
Fall 2024,CR-Fairmount,Fairmount Line,954,1,day_type_01,weekday,1/1/2024 18:03,Fairmount,2.0,6,0,15,15709
Fall 2024,CR-Fairmount,Fairmount Line,960,1,day_type_01,weekday,1/1/2024 20:59,Newmarket,8.0,3,2,15,15710
Fall 2024,CR-Fairmount,Fairmount Line,954,1,day_type_01,weekday,1/1/2024 18:06,Blue Hill Avenue,3.0,2,0,17,15711
Fall 2024,CR-Fairmount,Fairmount Line,960,1,day_type_01,weekday,1/1/2024 21:10,South Station,9.0,0,15,0,15712
Fall 2024,CR-Fairmount,Fairmount Line,954,1,day_type_01,weekday,1/1/2024 18:08,Morton Street,4.0,2,6,13,15713
Fall 2024,CR-Fairmount,Fairmount Line,961,0,day_type_01,weekday,1/1/2024 20:17,South Station,1.0,42,0,42,15714
Fall 2024,CR-Fairmount,Fairmount Line,954,1,day_type_01,weekday,1/1/2024 18:11,Talbot Avenue,5.0,2,5,10,15715
Fall 2024,CR-Fairmount,Fairmount Line,961,0,day_type_01,weekday,1/1/2024 20:25,Newmarket,2.0,3,3,42,15716
Fall 2024,CR-Fairmount,Fairmount Line,954,1,day_type_01,weekday,1/1/2024 18:14,Four Corners/Geneva,6.0,4,1,13,15717
Fall 2024,CR-Fairmount,Fairmount Line,961,0,day_type_01,weekday,1/1/2024 20:27,Uphams Corner,3.0,3,4,41,15718
Fall 2024,CR-Fairmount,Fairmount Line,954,1,day_type_01,weekday,1/1/2024 18:17,Uphams Corner,7.0,1,5,9,15719
Fall 2024,CR-Fairmount,Fairmount Line,961,0,day_type_01,weekday,1/1/2024 20:30,Four Corners/Geneva,4.0,3,6,38,15720
Fall 2024,CR-Fairmount,Fairmount Line,954,1,day_type_01,weekday,1/1/2024 18:19,Newmarket,8.0,0,2,7,15721
Fall 2024,CR-Fairmount,Fairmount Line,961,0,day_type_01,weekday,1/1/2024 20:33,Talbot Avenue,5.0,1,10,29,15722
Fall 2024,CR-Fairmount,Fairmount Line,954,1,day_type_01,weekday,1/1/2024 18:30,South Station,9.0,0,7,0,15723
Fall 2024,CR-Fairmount,Fairmount Line,961,0,day_type_01,weekday,1/1/2024 20:36,Morton Street,6.0,0,6,23,15724
Fall 2024,CR-Fairmount,Fairmount Line,961,0,day_type_01,weekday,1/1/2024 20:38,Blue Hill Avenue,7.0,0,9,14,15725
Fall 2024,CR-Fairmount,Fairmount Line,955,0,day_type_01,weekday,1/1/2024 18:17,South Station,1.0,102,0,102,15726
Fall 2024,CR-Fairmount,Fairmount Line,961,0,day_type_01,weekday,1/1/2024 20:43,Fairmount,8.0,0,14,0,15727
Fall 2024,CR-Fairmount,Fairmount Line,955,0,day_type_01,weekday,1/1/2024 18:25,Newmarket,2.0,6,1,107,15728
Fall 2024,CR-Fairmount,Fairmount Line,963,0,day_type_01,weekday,1/1/2024 20:47,South Station,1.0,40,0,40,15729
Fall 2024,CR-Fairmount,Fairmount Line,955,0,day_type_01,weekday,1/1/2024 18:27,Uphams Corner,3.0,8,14,101,15730
Fall 2024,CR-Fairmount,Fairmount Line,963,0,day_type_01,weekday,1/1/2024 20:55,Newmarket,2.0,8,0,48,15731
Fall 2024,CR-Fairmount,Fairmount Line,955,0,day_type_01,weekday,1/1/2024 18:30,Four Corners/Geneva,4.0,4,10,95,15732
Fall 2024,CR-Fairmount,Fairmount Line,963,0,day_type_01,weekday,1/1/2024 20:57,Uphams Corner,3.0,2,16,34,15733
Fall 2024,CR-Fairmount,Fairmount Line,955,0,day_type_01,weekday,1/1/2024 18:33,Talbot Avenue,5.0,3,15,83,15734
Fall 2024,CR-Fairmount,Fairmount Line,963,0,day_type_01,weekday,1/1/2024 21:00,Four Corners/Geneva,4.0,0,16,18,15735
Fall 2024,CR-Fairmount,Fairmount Line,955,0,day_type_01,weekday,1/1/2024 18:36,Morton Street,6.0,1,14,70,15736
Fall 2024,CR-Fairmount,Fairmount Line,963,0,day_type_01,weekday,1/1/2024 21:03,Talbot Avenue,5.0,9,5,22,15737
Fall 2024,CR-Fairmount,Fairmount Line,955,0,day_type_01,weekday,1/1/2024 18:38,Blue Hill Avenue,7.0,4,23,51,15738
Fall 2024,CR-Fairmount,Fairmount Line,963,0,day_type_01,weekday,1/1/2024 21:06,Morton Street,6.0,0,3,19,15739
Fall 2024,CR-Fairmount,Fairmount Line,955,0,day_type_01,weekday,1/1/2024 18:41,Fairmount,8.0,0,31,20,15740
Fall 2024,CR-Fairmount,Fairmount Line,955,0,day_type_01,weekday,1/1/2024 18:47,Readville,9.0,0,20,0,15741
Fall 2024,CR-Fairmount,Fairmount Line,963,0,day_type_01,weekday,1/1/2024 21:08,Blue Hill Avenue,7.0,0,11,8,15742
Fall 2024,CR-Fairmount,Fairmount Line,963,0,day_type_01,weekday,1/1/2024 21:11,Fairmount,8.0,0,5,3,15743
Fall 2024,CR-Fairmount,Fairmount Line,956,1,day_type_01,weekday,1/1/2024 19:00,Readville,1.0,5,0,5,15744
Fall 2024,CR-Fairmount,Fairmount Line,963,0,day_type_01,weekday,1/1/2024 21:17,Readville,9.0,0,3,0,15745
Fall 2024,CR-Fairmount,Fairmount Line,956,1,day_type_01,weekday,1/1/2024 19:03,Fairmount,2.0,4,0,9,15746
Fall 2024,CR-Fairmount,Fairmount Line,965,0,day_type_01,weekday,1/1/2024 22:17,South Station,1.0,45,0,45,15747
Fall 2024,CR-Fairmount,Fairmount Line,956,1,day_type_01,weekday,1/1/2024 19:06,Blue Hill Avenue,3.0,1,0,10,15748
Fall 2024,CR-Fairmount,Fairmount Line,965,0,day_type_01,weekday,1/1/2024 22:25,Newmarket,2.0,0,7,38,15749
Fall 2024,CR-Fairmount,Fairmount Line,956,1,day_type_01,weekday,1/1/2024 19:08,Morton Street,4.0,3,2,11,15750
Fall 2024,CR-Fairmount,Fairmount Line,965,0,day_type_01,weekday,1/1/2024 22:27,Uphams Corner,3.0,0,4,34,15751
Fall 2024,CR-Fairmount,Fairmount Line,956,1,day_type_01,weekday,1/1/2024 19:11,Talbot Avenue,5.0,5,2,14,15752
Fall 2024,CR-Fairmount,Fairmount Line,965,0,day_type_01,weekday,1/1/2024 22:30,Four Corners/Geneva,4.0,1,12,23,15753
Fall 2024,CR-Fairmount,Fairmount Line,956,1,day_type_01,weekday,1/1/2024 19:14,Four Corners/Geneva,6.0,1,2,13,15754
Fall 2024,CR-Fairmount,Fairmount Line,965,0,day_type_01,weekday,1/1/2024 22:33,Talbot Avenue,5.0,0,4,19,15755
Fall 2024,CR-Fairmount,Fairmount Line,956,1,day_type_01,weekday,1/1/2024 19:17,Uphams Corner,7.0,0,5,8,15756
Fall 2024,CR-Fairmount,Fairmount Line,956,1,day_type_01,weekday,1/1/2024 19:19,Newmarket,8.0,0,0,8,15757
Fall 2024,CR-Fairmount,Fairmount Line,965,0,day_type_01,weekday,1/1/2024 22:36,Morton Street,6.0,0,6,13,15758
Fall 2024,CR-Fairmount,Fairmount Line,965,0,day_type_01,weekday,1/1/2024 22:38,Blue Hill Avenue,7.0,0,7,6,15759
Fall 2024,CR-Fairmount,Fairmount Line,965,0,day_type_01,weekday,1/1/2024 22:41,Fairmount,8.0,0,5,1,15760
Fall 2024,CR-Fairmount,Fairmount Line,965,0,day_type_01,weekday,1/1/2024 22:43,Readville,9.0,0,1,0,15761
