25013~01030 ,      4281,   1.00000
25013~01030 ,      4282,   0.00104
25013~00922 ,      3847,   0.00354
25013~00922 ,      4280,   0.99620
25013~00922 ,      4279,   0.00029
25013~00979 ,      3847,   0.99494
25013~00979 ,      4289,   0.00040
25013~00979 ,      4280,   0.00380
25013~00979 ,      4284,   1.00000
25013~00946 ,      4282,   0.99896
25013~00946 ,      4283,   1.00000
25027~02935 ,      2648,   0.01813
25027~02935 ,      2638,   0.99848
25027~02935 ,      2641,   0.00674
25013~00923 ,      4279,   0.99971
25027~02954 ,      2622,   0.00066
25027~02954 ,      2650,   0.00402
25027~02954 ,      2617,   1.00000
25027~02936 ,      2648,   0.98187
25027~02936 ,      2638,   0.00030
25027~02936 ,      2615,   0.00033
25027~02936 ,      2639,   0.93552
25027~02729 ,      2616,   1.00000
25027~02729 ,      2618,   0.00089
25015~01114 ,      3846,   0.99963
25015~01113 ,      4287,   1.00000
25015~01113 ,      4289,   0.99960
25015~01113 ,      4290,   0.00042
25015~01113 ,      4291,   1.00000
25015~01112 ,      4278,   1.00000
25015~01112 ,      4288,   1.00000
25015~01112 ,      4290,   0.99958
25011~00894 ,      4328,   1.00000
25027~02890 ,      3042,   1.00000
25027~02953 ,      3847,   0.00051
25027~02953 ,      2659,   0.99153
25027~02953 ,      2637,   1.00000
25027~02953 ,      2650,   0.99598
25027~02963 ,      2661,   1.00000
25027~02963 ,      2660,   1.00000
25027~02790 ,      2614,   1.00000
25027~02962 ,      2659,   0.00847
25027~02962 ,      2622,   0.99934
25027~02730 ,      2620,   0.00362
25027~02730 ,      2621,   1.00000
25027~02868 ,      2613,   1.00000
25027~02791 ,      2612,   1.00000
25027~02716 ,      2573,   1.00000
25027~02716 ,      2662,   0.99783
25027~02921 ,      2642,   1.00000
25027~02921 ,      2668,   0.00077
25027~02921 ,      2666,   0.00043
25027~02915 ,      2667,   0.99948
25027~02915 ,      2666,   0.99871
25027~02915 ,      2665,   0.00067
25027~02916 ,      2643,   0.99497
25027~02916 ,      2663,   1.00000
25027~02916 ,      2666,   0.00086
25027~02916 ,      2680,   1.00000
25027~02920 ,      2643,   0.00503
25027~02920 ,      2676,   1.00000
25027~02746 ,      2675,   0.99960
25027~02934 ,      2638,   0.00091
25027~02934 ,      2640,   0.00033
25027~02934 ,      2641,   0.98614
25027~02933 ,      2638,   0.00030
25027~02933 ,      2615,   0.00033
25027~02933 ,      2639,   0.06448
25027~02933 ,      2640,   0.99967
25027~02919 ,      2641,   0.00712
25027~02919 ,      2669,   1.00000
25027~02919 ,      2668,   0.99923
25027~02919 ,      2667,   0.00052
25027~02919 ,      2665,   0.99933
25027~02919 ,      2670,   0.00049
25027~02918 ,      2670,   0.99077
25027~02922 ,      2664,   0.00594
25027~02922 ,      2670,   0.00874
25027~02922 ,      2687,   1.00000
25027~02922 ,      2688,   1.00000
25027~02932 ,      2615,   0.99934
25027~02731 ,      2618,   0.99911
25027~02751 ,      2625,   1.00000
25027~02917 ,      2674,   0.00040
25027~02917 ,      2664,   0.99406
25027~02917 ,      2678,   1.00000
25027~02917 ,      2686,   1.00000
25027~02734 ,      2623,   0.00069
25027~02734 ,      2684,   0.01641
25027~02734 ,      2647,   0.99573
25027~02736 ,      2677,   0.00106
25027~02736 ,      2674,   0.99960
25027~02733 ,      2623,   0.99517
25027~02732 ,      2623,   0.00414
25027~02732 ,      2684,   0.98256
25027~02732 ,      2647,   0.00388
25027~02749 ,      2672,   0.00058
25027~02749 ,      2671,   1.00000
25027~02749 ,      2675,   0.00040
25027~2958B ,      2689,   0.00078
25027~2958B ,      2697,   0.98938
25027~2748A ,      2679,   1.00000
25027~2748A ,      2689,   0.00039
25027~2748A ,      2690,   0.00086
25027~2747A ,      2673,   1.00000
25027~2747A ,      2682,   0.00322
25027~2747A ,      2695,   0.00063
25027~2747B ,      2682,   0.99494
25027~2747B ,      2691,   0.00061
25027~2747B ,      2695,   0.00314
25027~02957 ,      2555,   0.00040
25027~02957 ,      2529,   0.98942
25027~02957 ,      2554,   0.99914
25027~02957 ,      2694,   0.27338
25027~2748B ,      2690,   0.99914
25027~2748B ,      2691,   0.01100
25027~02735 ,      2647,   0.00039
25027~02735 ,      2677,   0.99859
25027~02745 ,      2672,   0.99942
25027~02737 ,      2627,   1.00000
25027~02737 ,      2684,   0.00103
25027~02737 ,      2658,   0.00031
25027~02737 ,      2683,   1.00000
25027~02737 ,      2677,   0.00035
25027~02737 ,      2704,   0.00100
25027~02737 ,      2685,   0.00359
25027~02813 ,      2628,   1.00000
25027~02813 ,      2629,   1.00000
25027~02813 ,      2630,   1.00000
25027~02883 ,      2705,   0.99958
25027~02883 ,      2681,   0.99651
25027~02883 ,      2702,   1.00000
25027~02883 ,      2707,   1.00000
25027~02882 ,      2608,   1.00000
25027~02882 ,      2698,   0.00084
25027~02882 ,      2705,   0.00042
25027~02882 ,      2699,   0.00314
25027~02882 ,      2681,   0.00058
25027~02882 ,      2609,   0.99961
25027~02882 ,      2610,   1.00000
25027~02882 ,      2706,   0.98874
25027~02886 ,      2704,   0.99900
25027~02886 ,      2685,   0.99641
25027~02886 ,      2700,   1.00000
25027~02886 ,      2698,   0.00591
25027~02886 ,      2701,   1.00000
25027~02886 ,      2699,   0.99686
25027~02886 ,      2681,   0.00291
25027~02886 ,      2706,   0.01126
25027~02884 ,      2658,   0.99969
25027~02884 ,      2653,   1.00000
25027~02884 ,      2703,   1.00000
25027~02884 ,      2709,   0.99893
25027~02885 ,      2709,   0.00107
25027~02885 ,      2698,   0.99324
25027~02709 ,      2652,   1.00000
25027~02709 ,      2636,   1.00000
25027~02709 ,      2634,   0.00032
25027~02709 ,      2708,   0.99867
25027~02711 ,      2635,   0.00040
25027~02711 ,      2634,   0.99937
25027~02711 ,      2523,   0.00081
25027~02711 ,      2708,   0.00133
25027~02712 ,      2523,   0.99879
25027~02710 ,      2523,   0.00040
25027~02710 ,      2524,   0.00037
25027~02710 ,      2604,   0.00142
25027~02710 ,      2605,   0.99922
25027~02710 ,      2606,   1.00000
25027~02710 ,      2710,   1.00000
25027~02750 ,      2620,   0.91449
25027~02750 ,      2619,   0.00082
25027~02869 ,      2726,   1.00000
25027~02869 ,      2620,   0.08188
25027~02869 ,      2619,   0.99918
25027~02869 ,      2631,   1.00000
25027~02869 ,      2632,   1.00000
25027~02869 ,      2651,   1.00000
25027~02924 ,      2624,   1.00000
25027~02923 ,      2626,   0.99968
25027~02923 ,      2656,   1.00000
25027~02923 ,      2724,   1.00000
25027~02923 ,      2727,   0.00053
25027~02925 ,      2717,   0.01755
25027~02925 ,      2718,   0.99958
25027~02925 ,      2730,   1.00000
25027~02927 ,      2727,   0.99947
25027~02927 ,      2728,   1.00000
25027~02927 ,      2729,   1.00000
25027~02926 ,      2657,   1.00000
25027~02926 ,      2717,   0.00169
25027~02928 ,      2717,   0.98076
25027~02928 ,      2718,   0.00042
25027~02715 ,      2574,   0.99947
25027~02715 ,      2646,   1.00000
25027~02715 ,      2662,   0.00217
25027~02881 ,      2649,   1.00000
25027~02881 ,      2574,   0.00053
25027~02896 ,      2712,   0.99956
25027~02894 ,      2532,   1.00000
25027~02894 ,      2711,   0.00795
25027~02816 ,      2626,   0.00032
25027~02816 ,      2654,   1.00000
25027~02816 ,      2721,   1.00000
25027~02816 ,      2655,   0.00032
25027~02816 ,      2725,   1.00000
25027~02812 ,      2655,   0.99968
25027~02812 ,      2747,   0.99966
25005~0286C ,      3257,   0.98988
25005~0286C ,      3261,   0.00053
25005~00445 ,      3250,   1.00000
25005~00445 ,      3251,   0.00324
25005~00471 ,      3293,   1.00000
25005~00471 ,      5071,   0.00063
25005~00469 ,      3294,   1.00000
25005~00470 ,      3291,   0.00073
25005~00470 ,      3292,   0.99915
25005~00476 ,      3287,   1.00000
25005~00476 ,      3291,   0.99927
25005~00476 ,      3292,   0.00085
25005~00302 ,      3259,   0.99948
25005~00302 ,      5421,   0.00087
25005~00301 ,      3267,   0.99008
25005~00301 ,      3268,   0.05599
25005~00472 ,      3290,   1.00000
25005~00472 ,      3288,   0.96899
25005~00472 ,      3289,   0.99363
25005~00285 ,      3268,   0.93261
25005~00285 ,      3286,   0.00051
25005~00292 ,      3265,   1.00000
25005~00292 ,      3267,   0.00992
25005~00292 ,      3266,   0.00040
25005~0300A ,      3260,   0.00582
25005~0300A ,      3263,   0.99357
25005~00507 ,      3197,   0.00039
25005~00507 ,      3194,   0.99934
25005~00507 ,      3196,   0.42339
25005~00507 ,      3206,   0.00342
25005~00521 ,      3219,   0.00339
25005~00521 ,      3206,   0.99145
25005~00497 ,      3219,   0.99661
25005~00497 ,      3220,   0.01752
25005~00497 ,      3207,   0.01597
25005~00497 ,      3206,   0.00470
25005~00463 ,      3192,   0.00042
25005~00463 ,      3193,   0.99628
25005~00463 ,      3222,   0.01115
25005~00463 ,      3206,   0.00043
25005~00461 ,      3192,   0.00042
25005~00461 ,      3190,   0.98781
25005~00461 ,      3188,   0.00492
25005~00461 ,      3191,   1.00000
25005~00314 ,      3516,   0.92802
25005~00314 ,      3408,   0.00030
25005~00307 ,      3510,   0.00041
25005~00307 ,      3540,   0.74327
25005~00313 ,      3510,   0.99959
25005~00313 ,      3508,   0.00051
25005~00317 ,      3504,   0.00356
25005~00317 ,      3502,   1.00000
25005~00318 ,      3503,   0.28841
25005~00318 ,      3540,   0.25673
25005~00306 ,      3500,   0.00033
25005~00306 ,      3503,   0.70909
25005~00308 ,      3505,   0.00164
25005~00308 ,      3500,   0.99199
25005~00308 ,      3503,   0.00250
25005~00315 ,      3511,   0.00035
25005~00315 ,      3517,   0.89450
25005~00311 ,      3508,   0.00051
25005~00311 ,      3515,   1.00000
25005~00311 ,      3511,   0.76780
25005~00311 ,      3512,   0.00158
25005~00310 ,      3508,   0.99899
25005~00310 ,      3507,   0.00049
25005~00310 ,      3506,   1.00000
25005~00312 ,      3513,   0.87343
25005~00312 ,      3512,   0.70947
25005~00312 ,      3514,   0.77809
25005~00420 ,      3488,   0.84515
25005~00420 ,      3485,   0.99940
25005~00414 ,      3495,   0.70813
25005~00414 ,      3499,   0.80137
25005~00414 ,      3498,   0.75164
25005~00406 ,      3491,   0.00034
25005~00406 ,      3496,   0.73045
25005~00406 ,      3494,   0.04236
25005~00406 ,      3495,   0.00071
25005~00417 ,      3493,   0.49081
25005~00417 ,      3494,   0.72407
25005~00316 ,      3500,   0.00767
25005~00316 ,      3447,   0.00040
25005~00316 ,      3501,   1.00000
25005~00316 ,      3509,   1.00000
25005~00316 ,      3507,   0.00049
25005~00309 ,      3507,   0.99902
25005~00424 ,      3446,   0.00091
25005~00424 ,      3447,   0.48742
25005~00424 ,      3483,   1.00000
25005~00424 ,      3468,   0.00029
25005~00423 ,      3446,   0.00501
25005~00423 ,      3447,   0.51219
25005~00422 ,      3464,   0.00030
25005~00422 ,      3468,   0.99971
25005~00422 ,      3466,   0.99972
25005~00422 ,      3467,   0.99970
25005~00422 ,      3465,   1.00000
25005~00421 ,      3464,   0.99941
25005~00421 ,      3463,   0.00051
25005~00419 ,      3448,   0.99924
25005~00419 ,      3461,   0.00031
25005~00416 ,      3446,   0.36703
25005~00427 ,      3421,   1.00000
25005~00427 ,      3422,   0.00172
25005~00413 ,      3446,   0.62705
25005~00413 ,      3445,   0.00039
25005~00413 ,      3444,   0.00080
25005~00413 ,      3448,   0.00038
25005~00412 ,      3445,   0.99961
25005~00407 ,      3482,   0.00028
25005~00407 ,      3486,   1.00000
25005~00407 ,      3484,   0.00085
25005~00407 ,      3485,   0.00060
25023~02328 ,      3584,   0.77188
25023~02328 ,      3582,   0.01639
25023~02330 ,      3584,   0.01725
25023~02330 ,      3583,   1.00000
25023~02330 ,      3581,   0.00063
25023~02330 ,      3585,   0.00042
25023~02330 ,      2511,   0.00443
25023~02181 ,      3575,   1.00000
25023~02181 ,      3576,   1.00000
25023~02181 ,      3574,   0.99954
25023~02180 ,      3573,   1.00000
25023~02180 ,      2506,   0.00097
25023~02298 ,      2501,   0.27345
25023~02298 ,      2504,   0.31993
25023~02298 ,      2502,   1.00000
25023~02298 ,      2503,   0.17178
25023~02298 ,      2500,   0.00080
25023~02297 ,      2506,   0.46512
25023~02297 ,      2509,   0.18368
25023~02297 ,      2508,   0.43006
25023~02297 ,      2518,   0.01035
25023~02297 ,      2507,   0.26267
25023~02296 ,      2504,   0.08437
25023~02296 ,      2505,   0.14183
25023~02296 ,      2503,   0.60784
25023~02295 ,      2506,   0.17216
25023~02295 ,      2504,   0.59570
25023~02295 ,      2505,   0.85459
25023~02295 ,      2512,   0.00053
25023~02295 ,      2498,   0.00142
25023~02295 ,      2507,   0.23355
25023~02294 ,      2506,   0.36176
25023~02294 ,      2507,   0.50379
25023~02293 ,      2505,   0.00358
25023~02293 ,      2496,   0.36572
25001~00045 ,      3694,   1.00000
25001~00045 ,      3628,   0.00063
25001~00044 ,      3626,   0.99892
25001~00046 ,      3628,   0.99810
25001~00046 ,      3626,   0.00108
25001~00043 ,      3628,   0.00063
25001~00043 ,      3627,   0.99815
25001~00041 ,      3629,   0.00405
25001~00041 ,      3695,   1.00000
25001~00049 ,      3629,   0.92557
25023~02327 ,      3587,   0.86761
25023~02327 ,      3586,   0.40651
25023~02325 ,      3588,   0.75038
25023~02325 ,      3587,   0.00042
25023~02334 ,      3582,   0.98361
25023~02334 ,      2511,   0.00089
25001~00034 ,      3692,   1.00000
25001~00040 ,      3691,   0.99834
25001~00039 ,      3691,   0.00166
25001~00039 ,      3693,   0.99919
25001~00038 ,      3588,   0.00076
25001~00038 ,      2511,   0.00044
25001~00038 ,      3690,   1.00000
25001~00038 ,      3693,   0.00081
25023~02291 ,      2509,   0.14004
25023~02291 ,      2510,   0.22214
25023~02291 ,      2511,   0.99424
25001~00037 ,      3629,   0.07039
25001~00037 ,      3649,   0.53109
25001~00037 ,      3630,   0.01083
25001~00037 ,      3627,   0.00185
25001~00148 ,      3659,   0.00581
25001~00148 ,      3651,   0.03545
25001~00148 ,      3649,   0.41478
25001~00148 ,      3665,   0.00389
25001~00148 ,      3650,   0.11579
25023~02301 ,      2510,   0.32091
25023~02301 ,      2521,   0.00044
25001~00036 ,      3662,   1.00000
25001~00042 ,      3660,   0.99875
25001~00035 ,      3660,   0.00042
25001~00035 ,      3661,   0.99947
25023~02280 ,      2509,   0.48767
25023~02280 ,      2508,   0.26799
25023~02288 ,      2498,   0.98442
25023~02288 ,      2513,   0.00416
25023~02288 ,      2497,   0.62691
25021~01905 ,      2321,   0.00348
25021~01905 ,      2322,   0.29499
25021~01905 ,      2323,   0.00033
25021~01905 ,      2324,   0.98786
25021~01905 ,      2325,   0.00087
25021~01902 ,      2327,   0.96678
25021~01902 ,      2325,   0.99782
25021~01902 ,      2326,   0.04866
25021~02088 ,      5442,   0.00062
25021~02088 ,      2396,   0.99959
25021~02088 ,      2395,   0.96139
25021~02088 ,      2394,   0.00035
25021~01904 ,      2327,   0.02968
25021~01904 ,      2328,   0.00155
25021~01904 ,      2329,   0.90967
25021~01904 ,      2325,   0.00044
25021~01904 ,      2330,   0.03995
25021~01900 ,      2331,   0.00569
25021~01900 ,      2329,   0.09033
25021~01900 ,      2330,   0.84680
25005~0389A ,      3175,   0.00300
25005~0389A ,      3165,   0.00071
25005~0389A ,      3177,   0.99666
25005~00447 ,      3254,   0.58317
25005~0444A ,      3245,   0.99572
25005~0444A ,      3246,   0.00349
25017~1424A ,      2113,   0.00382
25017~1424A ,      2087,   0.00127
25017~1424A ,      2112,   0.95632
25017~1424A ,      2111,   0.14646
25005~00442 ,      3256,   0.00040
25005~00442 ,      3254,   0.41683
25005~0385A ,      2388,   0.00203
25005~0385A ,      3164,   0.72739
25005~0385A ,      3165,   0.00247
25005~00440 ,      3241,   0.00055
25005~00440 ,      3255,   0.99490
25005~00440 ,      3247,   0.00040
25005~0388A ,      3164,   0.00066
25005~0388A ,      3166,   0.98349
25005~0388A ,      3165,   0.00212
25005~00449 ,      3249,   0.99963
25005~00449 ,      3246,   0.02242
25021~01975 ,      3541,   1.00000
25021~01975 ,      3249,   0.00037
25021~02089 ,      2395,   0.01369
25021~02089 ,      2394,   0.00105
25021~02089 ,      2331,   0.00285
25021~02089 ,      2390,   0.99953
25021~02089 ,      2391,   0.00335
25021~02089 ,      2330,   0.00044
25021~01976 ,      3542,   1.00000
25021~1953A ,      1670,   0.00241
25021~1953A ,      1669,   0.78212
25021~01915 ,      2321,   0.00063
25021~01915 ,      2322,   0.38791
25021~01912 ,      2322,   0.04375
25021~01912 ,      2317,   0.99642
25021~01911 ,      2324,   0.01062
25021~01911 ,      2328,   0.00233
25021~01911 ,      2316,   0.99907
25021~01909 ,      2328,   0.99612
25021~01909 ,      2325,   0.00044
25021~01909 ,      2316,   0.00093
25021~1908C ,      2318,   0.03658
25017~1382A ,      2300,   0.00232
25017~1382A ,      2772,   0.00162
25017~1382A ,      2296,   0.00168
25017~1382A ,      2295,   0.99777
25021~1901A ,      2320,   0.58340
25021~1901A ,      2319,   0.00318
25021~1901A ,      2318,   0.44668
25021~1901A ,      2317,   0.00313
25021~1914B ,      2309,   0.00076
25021~1914B ,      2311,   0.00411
25021~1914B ,      2312,   0.99754
25021~1914B ,      2313,   0.00250
25021~01906 ,      2313,   0.00083
25021~01906 ,      2331,   0.99099
25021~01906 ,      2330,   0.11282
25021~01906 ,      2315,   0.00046
25021~01906 ,      2314,   0.00174
25021~1907A ,      2308,   0.00076
25021~1907A ,      2309,   0.00076
25021~1907A ,      2311,   0.99425
25021~1907A ,      2310,   0.00375
25021~1907A ,      2312,   0.00123
25021~1907A ,      2313,   0.00083
25021~01925 ,      2306,   0.99697
25021~01925 ,      2305,   0.00521
25021~01925 ,      2307,   0.01275
25021~01925 ,      1664,   0.00108
25021~01925 ,      1605,   0.00117
25021~01928 ,      2307,   0.93101
25021~01928 ,      1665,   0.00158
25017~01376 ,      1606,   0.02165
25017~01376 ,      1664,   0.00216
25017~01376 ,      1605,   0.99611
25017~01376 ,      1601,   0.02314
25005~0286A ,      3257,   0.01012
25005~0286A ,      3258,   1.00000
25005~00295 ,      3270,   0.99964
25005~00295 ,      3246,   0.00050
25005~00443 ,      3247,   0.99960
25005~00297 ,      3269,   1.00000
25005~0389B ,      3175,   0.99400
25005~0389B ,      3176,   0.00241
25005~0389B ,      3177,   0.00334
25005~00287 ,      3279,   1.00000
25005~00382 ,      3169,   0.99961
25021~01974 ,      3545,   1.00000
25005~0446B ,      3239,   0.96984
25005~0446B ,      3251,   0.00065
25021~01895 ,      2385,   0.80289
25021~01895 ,      2388,   0.03043
25021~01895 ,      2383,   0.00189
25021~01895 ,      2386,   0.00045
25021~01896 ,      2388,   0.96552
25005~0446A ,      3239,   0.00053
25005~0446A ,      5009,   0.00039
25005~0446A ,      3251,   0.99579
25005~0446A ,      3240,   0.00526
25005~0446A ,      3253,   0.00324
25021~2087A ,      2395,   0.02493
25021~2087A ,      2393,   0.00129
25021~2087A ,      2394,   0.99371
25005~00453 ,      3182,   0.99957
25005~00383 ,      3169,   0.00039
25005~00383 ,      3170,   0.99713
25005~00383 ,      3166,   0.00036
25005~00454 ,      3182,   0.00043
25005~00454 ,      3181,   0.94885
25005~00456 ,      3186,   0.00897
25005~00456 ,      3185,   0.04545
25005~00456 ,      3180,   0.92600
25005~00457 ,      3185,   0.95455
25005~00384 ,      3164,   0.26995
25021~1953B ,      1670,   0.91489
25021~1953B ,      1669,   0.00201
25021~1954A ,      1652,   0.00031
25021~1954A ,      1668,   0.99967
25021~1954A ,      1669,   0.00040
25021~1894B ,      2387,   0.01350
25021~1894B ,      2382,   0.00039
25021~1894B ,      2383,   0.00038
25021~1894B ,      2384,   0.77606
25021~1955A ,      1673,   0.99347
25021~1955A ,      1671,   0.00333
25021~1955A ,      2391,   0.00125
25021~1955A ,      1670,   0.02810
25021~1955A ,      1672,   0.00081
25021~1955A ,      1669,   0.00282
25021~01893 ,      2388,   0.00203
25021~01893 ,      2389,   0.98338
25021~01893 ,      1662,   0.00040
25021~1894A ,      2389,   0.01662
25021~1894A ,      2387,   0.98650
25021~1894A ,      2384,   0.00845
25005~00450 ,      3180,   0.07400
25005~00450 ,      3179,   0.27248
25005~00451 ,      3178,   1.00000
25005~00451 ,      3179,   0.01420
25005~00520 ,      3196,   0.57331
25005~00520 ,      3200,   0.00060
25005~00458 ,      3181,   0.05115
25005~00458 ,      3179,   0.71332
25021~2044A ,      1645,   0.26434
25021~2044A ,      1655,   0.00236
25021~2044A ,      1652,   0.99434
25021~2087B ,      2393,   0.99871
25021~2087B ,      2394,   0.00489
25021~2087B ,      2392,   0.00241
25021~2087B ,      1671,   0.01333
25005~00324 ,      2397,   0.37984
25005~0452B ,      3184,   0.00322
25005~0452B ,      3186,   0.98818
25005~00328 ,      2397,   0.06008
25005~00328 ,      2401,   0.33032
25005~00514 ,      3187,   0.00048
25005~00514 ,      3197,   0.99961
25005~00514 ,      3196,   0.00047
25005~0452A ,      3184,   0.99678
25005~0452A ,      3186,   0.00285
25005~00460 ,      3187,   0.99952
25005~00460 ,      3188,   0.99508
25005~00459 ,      3189,   1.00000
25005~00459 ,      2407,   0.00035
25005~00325 ,      1755,   0.00244
25005~00325 ,      2400,   0.00184
25005~00325 ,      2401,   0.22497
25005~00325 ,      2406,   0.76571
25005~00325 ,      2404,   0.00032
25005~00325 ,      2405,   0.97809
25005~00325 ,      2408,   0.00162
25005~00326 ,      2401,   0.15160
25005~00326 ,      2406,   0.10700
25005~00326 ,      1754,   0.00034
25005~00326 ,      2404,   0.99937
25005~00326 ,      2405,   0.02191
25023~02336 ,      2413,   0.01103
25023~02336 ,      2407,   0.00071
25023~02336 ,      2409,   1.00000
25023~02336 ,      2410,   0.00547
25023~02336 ,      1758,   0.00033
25023~02336 ,      2408,   0.99798
25023~02114 ,      1755,   0.99756
25023~02114 ,      1756,   0.00239
25023~02114 ,      1754,   0.99462
25023~02114 ,      2404,   0.00032
25023~02114 ,      1758,   0.00033
25023~02114 ,      2408,   0.00040
25023~02114 ,      1757,   0.00157
25023~2134A ,      1735,   0.00276
25023~2134A ,      1736,   0.99078
25023~2134A ,      1737,   0.00180
25023~2134A ,      1753,   0.00089
25023~2134A ,      2403,   0.00032
25023~02131 ,      1756,   0.67463
25023~02131 ,      1754,   0.00504
25023~2137A ,      1760,   0.00034
25023~2137A ,      1758,   0.98433
25023~2137A ,      1757,   0.00432
25021~02024 ,      1662,   0.99758
25021~02024 ,      2397,   0.00034
25021~02024 ,      1663,   1.00000
25021~02024 ,      1716,   0.00110
25021~02024 ,      1661,   0.00043
25021~1958C ,      1656,   0.01471
25021~1958C ,      1627,   0.00119
25021~1958C ,      1629,   0.00032
25021~02035 ,      1716,   0.99817
25021~02035 ,      1717,   0.06158
25021~02035 ,      2402,   0.00080
25021~2040A ,      1651,   0.07521
25021~2040A ,      1648,   0.99900
25021~2040A ,      1647,   0.00060
25021~1866A ,      1682,   0.00392
25021~1866A ,      1681,   0.92843
25021~1866A ,      1659,   0.00038
25021~2027B ,      1707,   0.99483
25021~2027B ,      1708,   0.00357
25021~02033 ,      1706,   0.15040
25021~02033 ,      1709,   0.99548
25021~02033 ,      1710,   0.99575
25021~02033 ,      1711,   0.00041
25021~01870 ,      1675,   0.00185
25021~01870 ,      1678,   0.00376
25021~01870 ,      1677,   0.98344
25021~01870 ,      1623,   0.05374
25021~01870 ,      1681,   0.00504
25021~01870 ,      1680,   0.00689
25021~01870 ,      1656,   0.00105
25021~1969B ,      1627,   0.00040
25021~1969B ,      1621,   0.00697
25021~1969B ,      1626,   0.94522
25021~01867 ,      1678,   0.00113
25021~01867 ,      1681,   0.06502
25021~01867 ,      1680,   0.99311
25021~01864 ,      1684,   0.00106
25021~01864 ,      1710,   0.00177
25021~01864 ,      1685,   0.92158
25021~01864 ,      1683,   0.00087
25021~1869A ,      1687,   0.20147
25017~1475B ,       541,   0.99625
25017~1475B ,       540,   0.00031
25017~1475B ,       546,   0.00077
25017~1475B ,       539,   0.00539
25017~1475B ,       528,   0.00645
25017~1475B ,       527,   0.00861
25017~1513A ,       552,   0.99008
25017~1513A ,       554,   0.02106
25017~1513A ,       553,   0.00039
25017~1513A ,       551,   0.00386
25017~1522B ,       558,   0.00122
25017~1522B ,       573,   0.02495
25017~1522B ,       556,   0.99736
25017~1522B ,       555,   0.00789
25017~1522B ,       554,   0.04212
25017~1161B ,       916,   0.00209
25017~1161B ,       918,   0.01674
25017~1161B ,       917,   0.92265
25017~1511A ,       571,   0.99787
25017~1511A ,       570,   0.00312
25017~1264A ,       720,   0.01368
25017~1264A ,       718,   0.99222
25017~1515B ,       557,   0.00315
25017~1515B ,       623,   0.00911
25017~1515B ,       621,   0.00214
25017~1515B ,       556,   0.00038
25017~1515B ,       555,   0.98873
25017~1475A ,       541,   0.00219
25017~1475A ,       540,   0.00031
25017~1475A ,       546,   0.00346
25017~1475A ,       539,   0.99212
25017~1475A ,       537,   0.00067
25017~1513B ,       572,   0.00279
25017~1513B ,       552,   0.00470
25017~1513B ,       573,   0.00624
25017~1513B ,       554,   0.93609
25017~01328 ,       506,   0.99781
25017~01328 ,       477,   0.00401
25017~1524B ,       568,   0.98727
25017~1524B ,       569,   0.01010
25017~1524B ,       566,   0.02186
25017~1474C ,       541,   0.00156
25017~1474C ,       540,   0.99295
25017~1474C ,       539,   0.00124
25017~1474C ,       537,   0.00067
25017~01330 ,       515,   0.00042
25017~01330 ,       522,   0.00647
25017~01330 ,       518,   0.98872
25017~01330 ,       521,   0.00388
25017~01470 ,       522,   0.03930
25017~01470 ,       534,   0.01846
25017~01470 ,       520,   0.00075
25017~01470 ,       521,   0.98563
25017~01467 ,       542,   0.00037
25017~01467 ,       536,   0.99769
25017~1734B ,       929,   0.99657
25017~1734B ,       928,   0.00033
25017~1734B ,       922,   0.00032
25017~1734B ,       911,   0.00029
25009~0839B ,       813,   0.00040
25009~0839B ,       812,   0.50999
25017~1616A ,       719,   0.00145
25017~1616A ,       622,   0.98138
25017~1616A ,       618,   0.00470
25017~1616A ,       624,   0.00049
25009~0831C ,       805,   0.00324
25009~0831C ,       803,   0.02165
25009~0831C ,       804,   0.96726
25009~0831C ,       783,   0.00044
25023~02109 ,      2424,   0.03414
25023~02109 ,      2423,   0.61207
25023~02101 ,      2424,   0.96419
25023~02101 ,      2425,   0.00037
25023~02104 ,      2423,   0.38793
25023~02104 ,      2427,   0.39670
25023~02341 ,      2413,   0.52332
25023~02341 ,      2414,   0.33126
25023~02105 ,      3560,   0.00039
25023~02105 ,      2425,   0.99963
25023~02105 ,      2432,   0.78799
25023~02105 ,      2433,   0.22709
25023~02105 ,      2438,   0.15117
25023~02105 ,      2429,   0.00030
25023~02105 ,      2426,   1.00000
25023~02106 ,      2427,   0.60330
25023~02106 ,      2434,   0.02078
25023~02106 ,      2428,   0.00081
25023~02100 ,      2432,   0.02614
25023~02100 ,      2430,   0.74387
25023~02100 ,      2436,   0.00147
25023~02100 ,      2434,   0.02439
25023~02100 ,      2428,   0.99919
25023~02100 ,      2429,   0.74748
25023~02340 ,      2413,   0.25360
25023~02340 ,      2410,   0.07687
25023~02335 ,      2411,   0.46431
25023~02335 ,      2410,   0.83821
25023~02335 ,      1760,   0.00101
25023~02339 ,      2413,   0.20738
25023~02339 ,      2414,   0.01946
25023~02339 ,      2411,   0.32038
25023~02339 ,      2412,   0.03898
25023~02339 ,      2410,   0.07945
25021~2029A ,      1735,   0.00184
25021~2029A ,      1719,   0.11479
25021~2029A ,      1722,   0.00106
25021~2029A ,      1720,   0.99833
25023~02158 ,      1759,   0.40194
25023~02158 ,      1761,   0.27790
25023~02158 ,      1760,   0.00034
25023~02158 ,      1749,   0.00032
25023~02157 ,      1760,   0.06682
25023~02157 ,      1762,   0.16708
25023~02156 ,      1760,   0.11441
25023~02155 ,      1762,   0.63242
25023~02152 ,      2411,   0.00058
25023~02152 ,      1767,   0.84221
25023~02152 ,      1768,   0.88004
25023~02152 ,      1783,   0.00146
25023~02152 ,      1766,   0.62449
25023~02164 ,      1766,   0.20844
25023~02164 ,      1760,   0.00034
25023~02150 ,      1766,   0.16708
25023~02150 ,      1765,   0.11278
25023~02150 ,      1762,   0.20050
25023~02147 ,      1765,   0.10436
25023~02147 ,      1764,   0.40937
25023~02145 ,      1763,   0.41944
25023~02145 ,      1764,   0.58086
25023~2123A ,      1775,   0.16900
25023~2123A ,      1781,   0.02388
25023~2123A ,      1763,   0.02122
25023~2123A ,      1782,   0.10835
25023~02342 ,      2413,   0.00466
25023~02342 ,      2414,   0.39462
25023~02338 ,      2411,   0.21474
25023~02338 ,      2412,   0.63754
25023~02338 ,      2415,   0.00038
25023~02338 ,      1783,   0.00037
25023~02337 ,      2414,   0.25466
25023~02337 ,      2412,   0.32347
25023~02174 ,      1783,   0.99050
25023~2140A ,      1779,   0.00269
25023~2140A ,      1780,   0.99377
25023~2140A ,      1777,   0.07590
25023~02119 ,      1783,   0.00694
25023~02119 ,      1780,   0.00048
25023~02119 ,      1782,   0.54782
25023~02119 ,      1777,   0.00043
25023~02196 ,      2415,   0.42319
25023~02196 ,      1783,   0.00037
25023~02108 ,      2432,   0.18587
25023~02108 ,      2431,   0.99804
25023~02108 ,      2430,   0.25228
25023~02108 ,      2429,   0.25221
25023~02102 ,      2437,   0.08384
25023~02102 ,      2431,   0.00196
25023~02102 ,      2430,   0.00384
25023~02102 ,      2436,   0.99853
25023~02102 ,      2434,   0.65989
25023~02103 ,      2437,   0.35772
25023~02103 ,      2472,   0.00071
25023~02103 ,      2433,   0.77291
25023~02103 ,      2438,   0.59163
25023~02107 ,      2437,   0.55793
25023~02107 ,      2435,   1.00000
25023~02107 ,      2420,   0.00092
25023~02107 ,      2438,   0.25557
25023~02107 ,      2434,   0.29494
25023~02195 ,      2421,   0.84483
25023~02195 ,      2422,   0.78739
25023~02195 ,      2415,   0.15285
25023~02194 ,      2415,   0.22586
25023~02194 ,      2416,   0.12547
25023~02194 ,      2417,   0.04123
25023~02193 ,      2420,   0.24162
25023~02193 ,      2421,   0.15517
25023~02193 ,      2422,   0.21261
25023~02192 ,      2415,   0.19772
25023~02192 ,      2416,   0.41460
25023~02192 ,      1785,   0.00078
25023~02354 ,      1779,   0.00034
25023~02354 ,      1785,   0.47576
25023~02354 ,      1786,   0.09504
25023~02190 ,      2420,   0.12816
25023~02190 ,      2417,   0.75370
25023~02190 ,      2419,   0.00070
25023~02188 ,      2420,   0.62885
25023~02188 ,      2419,   0.48022
25023~02191 ,      2416,   0.45992
25023~02191 ,      2417,   0.20507
25023~02191 ,      2418,   0.28464
25023~02355 ,      2418,   0.00030
25023~02355 ,      1786,   0.49311
25023~02189 ,      2418,   0.71446
25023~02189 ,      2419,   0.51908
25023~2210B ,      2454,   0.00777
25023~2210B ,      2450,   0.00351
25023~2210B ,      2449,   0.71309
25023~02303 ,      2473,   0.00226
25023~02303 ,      2477,   0.87505
25023~02303 ,      2476,   0.12754
25023~02199 ,      2473,   0.85660
25023~02199 ,      2475,   0.17501
25023~02199 ,      2471,   0.00029
25023~02199 ,      2474,   0.11763
25023~02302 ,      2477,   0.12495
25023~02302 ,      2476,   0.87152
25023~02198 ,      2475,   0.82459
25023~02198 ,      2476,   0.00094
25023~02198 ,      2458,   0.00243
25023~02198 ,      2474,   0.32083
25023~02209 ,      2453,   0.00038
25023~02209 ,      2454,   0.48261
25023~02276 ,      2475,   0.00040
25023~02276 ,      2457,   0.96881
25023~02276 ,      2458,   0.00485
25023~02276 ,      2456,   0.93359
25023~02276 ,      2459,   0.00505
25023~02276 ,      2453,   0.00038
25023~02276 ,      2455,   0.00171
25023~02277 ,      2457,   0.02938
25023~02277 ,      2458,   0.99232
25023~02277 ,      2456,   0.00908
25023~02277 ,      2459,   0.13497
25023~02277 ,      2464,   0.00346
25023~2210A ,      2418,   0.00030
25023~2210A ,      1789,   0.00052
25023~2210A ,      2450,   0.35236
25023~2210A ,      1791,   0.00065
25023~2210A ,      2449,   0.00038
25023~02208 ,      1896,   0.00416
25023~02208 ,      1895,   0.00451
25023~02208 ,      1893,   0.99209
25023~02208 ,      1894,   0.00870
25023~02208 ,      1890,   0.00039
25023~02208 ,      1892,   0.00100
25023~02208 ,      1887,   0.00038
25023~02203 ,      1897,   0.03845
25023~02203 ,      1896,   0.97229
25023~02213 ,      2455,   0.00239
25023~02213 ,      2454,   0.41229
25023~02213 ,      1897,   0.00538
25023~02213 ,      2449,   0.00038
25023~02207 ,      1900,   0.16007
25023~02207 ,      1898,   0.03491
25023~02207 ,      1895,   0.99549
25023~02207 ,      1899,   0.10747
25023~02207 ,      1893,   0.00755
25023~02207 ,      1894,   0.99012
25023~02207 ,      1903,   0.00057
25023~02314 ,      1893,   0.00036
25023~02314 ,      1890,   0.98637
25023~02314 ,      1889,   0.00340
25023~02314 ,      1891,   0.07033
25023~02314 ,      1888,   0.00108
25023~02307 ,      1892,   0.01497
25023~02307 ,      1891,   0.76545
25023~02309 ,      1892,   0.98403
25023~02309 ,      1891,   0.01179
25023~02269 ,      1902,   0.65330
25023~02271 ,      1903,   0.99887
25023~02227 ,      1866,   0.00050
25023~02227 ,      1864,   0.79594
25023~02227 ,      1865,   0.00083
25023~02226 ,      1866,   0.01058
25023~02226 ,      1864,   0.04721
25023~02226 ,      1865,   0.99917
25023~02220 ,      1864,   0.10203
25023~02220 ,      1867,   0.99602
25023~02267 ,      1901,   0.00073
25023~02267 ,      1906,   0.11920
25023~02267 ,      1905,   0.99964
25023~02267 ,      1902,   0.34670
25023~02267 ,      1904,   0.62650
25023~02267 ,      1903,   0.00057
25023~02201 ,      1894,   0.00119
25023~02201 ,      1908,   0.00120
25023~02201 ,      1901,   0.98681
25023~02201 ,      1905,   0.00036
25023~02202 ,      2455,   0.00650
25023~02202 ,      2454,   0.00407
25023~02202 ,      1897,   0.95425
25023~02202 ,      1898,   0.00172
25023~02202 ,      1896,   0.02355
25023~02274 ,      2456,   0.05638
25023~02274 ,      2459,   0.00253
25023~02274 ,      2455,   0.98666
25023~02274 ,      2460,   0.00756
25023~02274 ,      1897,   0.00192
25023~02274 ,      1898,   0.00129
25023~02206 ,      2455,   0.00171
25023~02206 ,      2460,   0.01201
25023~02206 ,      1898,   0.96121
25023~02206 ,      1909,   0.02431
25023~02273 ,      2456,   0.00096
25023~02273 ,      2459,   0.85420
25023~02273 ,      2463,   0.00050
25023~02273 ,      2455,   0.00068
25023~02273 ,      2460,   0.00178
25023~02273 ,      2461,   0.92651
25023~02273 ,      2462,   0.00111
25023~02275 ,      2459,   0.00289
25023~02275 ,      2455,   0.00034
25023~02275 ,      2460,   0.97020
25023~02275 ,      2461,   0.07349
25023~02275 ,      1898,   0.00043
25023~02275 ,      1909,   0.00293
25023~02275 ,      2462,   0.98922
25023~02275 ,      2439,   0.00035
25023~02268 ,      1900,   0.01387
25023~02268 ,      2460,   0.00845
25023~02268 ,      1898,   0.00043
25023~02268 ,      1909,   0.97276
25023~02268 ,      2462,   0.00966
25023~02268 ,      2439,   0.00458
25023~02268 ,      1899,   0.01297
25023~02268 ,      1907,   0.00086
25023~02268 ,      1908,   0.99438
25023~02268 ,      1901,   0.01026
25023~02205 ,      1900,   0.82606
25023~02205 ,      1908,   0.00120
25023~02205 ,      1901,   0.00220
25023~02204 ,      1899,   0.87956
25023~02204 ,      1908,   0.00321
25023~02270 ,      1907,   0.01625
25023~02270 ,      1912,   0.00052
25023~02270 ,      1906,   0.88080
25023~02270 ,      1904,   0.37350
25009~00825 ,      1981,   0.07982
25009~00825 ,      1980,   0.21651
25009~00821 ,      4617,   0.02469
25009~00821 ,      1982,   0.77431
25009~00821 ,      1980,   0.01131
25009~00821 ,      1979,   0.00323
25009~00758 ,      1961,   0.91153
25009~00758 ,      1958,   0.01254
25009~00758 ,      1960,   0.98259
25009~00758 ,      1962,   0.00564
25009~00758 ,      1966,   0.00159
25009~00763 ,      1962,   0.72086
25009~00763 ,      1963,   0.14496
25009~00763 ,      1964,   0.00051
25009~00763 ,      1966,   0.02779
25009~00764 ,      1963,   0.40354
25009~00764 ,      1964,   0.22449
25009~00822 ,      1982,   0.03676
25009~00822 ,      1980,   0.75403
25009~00822 ,      4637,   0.01221
25009~00822 ,      1979,   0.89768
25009~00823 ,      1983,   0.95367
25023~02233 ,      2487,   0.27460
25023~02233 ,      2485,   0.72766
25023~02233 ,      2486,   0.99820
25023~02233 ,      2483,   0.06952
25023~02233 ,      2484,   0.56463
25023~02237 ,      2487,   0.72540
25023~02237 ,      2486,   0.00180
25023~02237 ,      2483,   0.23344
25023~02237 ,      2480,   0.53820
25023~02237 ,      2499,   0.01687
25023~02237 ,      2479,   0.99223
25023~02292 ,      2501,   0.72655
25023~02292 ,      2499,   0.97499
25023~02292 ,      2479,   0.00041
25023~02292 ,      2503,   0.21526
25023~02292 ,      2500,   0.99920
25023~02292 ,      2491,   0.00787
25023~02235 ,      2483,   0.69657
25023~02235 ,      2482,   0.28257
25023~02236 ,      2478,   0.42742
25023~02236 ,      2480,   0.06914
25023~02236 ,      2482,   0.00604
25023~02236 ,      2481,   0.87129
25023~02234 ,      2458,   0.00040
25023~02234 ,      2485,   0.27234
25023~02234 ,      2483,   0.00047
25023~02234 ,      2464,   0.00049
25023~02234 ,      2484,   0.43537
25023~02234 ,      2482,   0.71096
25023~02183 ,      2464,   0.99604
25023~02183 ,      2482,   0.00043
25023~02183 ,      2467,   0.00040
25023~02185 ,      2468,   0.00256
25023~02185 ,      2481,   0.00144
25023~02185 ,      2465,   0.00522
25023~02185 ,      2467,   0.99960
25023~02187 ,      2459,   0.00036
25023~02187 ,      2463,   0.99950
25023~02187 ,      2465,   0.99478
25023~02285 ,      2478,   0.00448
25023~02285 ,      2499,   0.00524
25023~02285 ,      2489,   1.00000
25023~02285 ,      2491,   0.44829
25023~02285 ,      2490,   0.40265
25023~02285 ,      2488,   0.00070
25023~02287 ,      2499,   0.00291
25023~02287 ,      2491,   0.54331
25023~02287 ,      2490,   0.59735
25023~02290 ,      2478,   0.00045
25023~02290 ,      2488,   0.94080
25023~02232 ,      2478,   0.55556
25023~02232 ,      2480,   0.39266
25023~02232 ,      2481,   0.12727
25023~02232 ,      2479,   0.00736
25023~02279 ,      2503,   0.00256
25023~02279 ,      2496,   0.00042
25023~02279 ,      2491,   0.00052
25023~02279 ,      2493,   0.76341
25023~02289 ,      2503,   0.00256
25023~02289 ,      2496,   0.48070
25023~02278 ,      2493,   0.23659
25023~02278 ,      2494,   0.97474
25023~02278 ,      2492,   0.00515
25023~02284 ,      2492,   0.93611
25023~02286 ,      2496,   0.15316
25023~02286 ,      2495,   0.97451
25023~02286 ,      2497,   0.36825
25023~02184 ,      2468,   0.97053
25023~02184 ,      2470,   0.87027
25023~02186 ,      2466,   0.95151
25023~02182 ,      2446,   0.00044
25023~02182 ,      2469,   0.98936
25023~02182 ,      2468,   0.01986
25023~02182 ,      2466,   0.04849
25023~02182 ,      2470,   0.10318
25023~02247 ,      2441,   1.00000
25023~02247 ,      2445,   0.03299
25023~02247 ,      2439,   0.00106
25023~02247 ,      2442,   0.00501
25023~02246 ,      2439,   0.99260
25023~02246 ,      2442,   0.11676
25023~02246 ,      1915,   0.00051
25023~02246 ,      2440,   0.95361
25023~02320 ,      1915,   0.98886
25023~02320 ,      1912,   0.00156
25023~02320 ,      1916,   0.00247
25023~02320 ,      1913,   0.22314
25023~02318 ,      1914,   0.00050
25023~02318 ,      1915,   0.00557
25023~02318 ,      1916,   0.91756
25023~02252 ,      2446,   0.00132
25023~02252 ,      2445,   0.96207
25023~02250 ,      2444,   0.97466
25023~02250 ,      2446,   0.99649
25023~02250 ,      2445,   0.00495
25023~02250 ,      2442,   0.00116
25023~02250 ,      2447,   0.00932
25023~02250 ,      2448,   0.02177
25023~02250 ,      2443,   0.00203
25023~02249 ,      2444,   0.01738
25023~02249 ,      2442,   0.87707
25023~02249 ,      2440,   0.03626
25023~02249 ,      2443,   0.00153
25023~02251 ,      2444,   0.00072
25023~02251 ,      2446,   0.00176
25023~02251 ,      2447,   0.96738
25023~02251 ,      2448,   0.97594
25023~02251 ,      2443,   0.00305
25023~02248 ,      2444,   0.00724
25023~02248 ,      2447,   0.00757
25023~02248 ,      2443,   0.99339
25023~02321 ,      1917,   0.88139
25023~02315 ,      1911,   0.88178
25023~02315 ,      1914,   0.00050
25023~02315 ,      1916,   0.00041
25023~02315 ,      1910,   0.00054
25023~02315 ,      1913,   0.77354
25023~02319 ,      1911,   0.00088
25023~02319 ,      1914,   0.00603
25023~02319 ,      1870,   0.00062
25023~02319 ,      1910,   0.95194
25023~02317 ,      1911,   0.11557
25023~02317 ,      1914,   0.99196
25023~02317 ,      1916,   0.04328
25023~02317 ,      1913,   0.00332
25009~00719 ,      1918,   0.00754
25009~00719 ,      1919,   0.98984
25009~00617 ,      1922,   0.97128
25009~00617 ,      1921,   0.00965
25009~0612A ,      1920,   0.00041
25005~00491 ,      3401,   0.98182
25005~00464 ,      3302,   0.99810
25005~00492 ,      3395,   0.75156
25005~00494 ,      3396,   0.38752
25005~00490 ,      3400,   0.00147
25005~00490 ,      3397,   0.92935
25005~00345 ,      3318,   0.64024
25005~00345 ,      3315,   0.50666
25005~00345 ,      3313,   1.00000
25005~00345 ,      3314,   1.00000
25005~00345 ,      3311,   0.00040
25005~00345 ,      3316,   1.00000
25005~00345 ,      3317,   0.99917
25005~00349 ,      3322,   0.63259
25005~00349 ,      3334,   0.99907
25005~00349 ,      3338,   0.00157
25005~00478 ,      3391,   0.18700
25005~00481 ,      3391,   0.21900
25005~00485 ,      3394,   1.00000
25005~00496 ,      3402,   1.00000
25005~00489 ,      3400,   0.02247
25005~00489 ,      3403,   0.99965
25005~00488 ,      3400,   0.91793
25005~00488 ,      3403,   0.00035
25005~00495 ,      3398,   1.00000
25005~00465 ,      3301,   1.00000
25005~00468 ,      3298,   1.00000
25005~0299A ,      3282,   0.00056
25005~0299A ,      3280,   0.00032
25005~0299A ,      3281,   0.99802
25005~0288B ,      3262,   0.00435
25005~0288B ,      3261,   0.99842
25005~0299B ,      3282,   0.99944
25005~0299B ,      3281,   0.00198
25005~00298 ,      3277,   0.99935
25005~0300B ,      3260,   0.99418
25005~0300B ,      3263,   0.00607
25005~00467 ,      3299,   1.00000
25005~0294B ,      3268,   0.01140
25005~0294B ,      3285,   0.00043
25005~0294B ,      3286,   0.99383
25005~0294B ,      3288,   0.03101
25005~0294B ,      3289,   0.00637
25005~0288A ,      3262,   0.99565
25005~0288A ,      3261,   0.00106
25005~00466 ,      3300,   1.00000
25005~00321 ,      3227,   0.00036
25005~00321 ,      3226,   0.99783
25005~00455 ,      3183,   1.00000
25005~00360 ,      3321,   1.00000
25005~00360 ,      3308,   0.00072
25005~00360 ,      3312,   0.99954
25005~00360 ,      3334,   0.00046
25005~00360 ,      3323,   0.99958
25005~00360 ,      3320,   0.00068
25005~00360 ,      3310,   0.00040
25005~00363 ,      3308,   0.93205
25005~00363 ,      3312,   0.00046
25005~00363 ,      3320,   0.99932
25005~00363 ,      3319,   0.90391
25005~00361 ,      3308,   0.06724
25005~00361 ,      3303,   0.99958
25005~00361 ,      3309,   0.03820
25005~00361 ,      3304,   1.00000
25005~00361 ,      3327,   0.00035
25005~00361 ,      3328,   0.00039
25005~00373 ,      3340,   0.99967
25005~00373 ,      3336,   0.00034
25005~00373 ,      3335,   0.99962
25005~00373 ,      3323,   0.00042
25005~00373 ,      3337,   0.69303
25005~00483 ,      3387,   0.00815
25005~00483 ,      3386,   0.99967
25005~00483 ,      3384,   0.99958
25005~00486 ,      3387,   0.99185
25005~00486 ,      3384,   0.00042
25005~00482 ,      3386,   0.00033
25005~00482 ,      3385,   0.58899
25005~00487 ,      3388,   0.67061
25005~00376 ,      3233,   0.18192
25005~00376 ,      3235,   0.95285
25005~00354 ,      3383,   0.97502
25005~00377 ,      3233,   0.71351
25005~00377 ,      3235,   0.00165
25005~00377 ,      3236,   1.00000
25005~00320 ,      3229,   0.96383
25005~00320 ,      3227,   0.99174
25005~00319 ,      3228,   1.00000
25005~00319 ,      3226,   0.00217
25005~00322 ,      3225,   0.99961
25005~00519 ,      3216,   0.99919
25005~00513 ,      3201,   1.00000
25005~00518 ,      3203,   0.00917
25005~00518 ,      3202,   1.00000
25005~00518 ,      3214,   0.01107
25005~00517 ,      3225,   0.00039
25005~00517 ,      3214,   0.98893
25005~00517 ,      3215,   0.00055
25005~00517 ,      3216,   0.00041
25005~00516 ,      3203,   0.99083
25005~00516 ,      3213,   0.00045
25005~00523 ,      3213,   0.99955
25005~00522 ,      3212,   1.00000
25005~00515 ,      3198,   1.00000
25005~00515 ,      3199,   1.00000
25005~00515 ,      3200,   0.99940
25005~00508 ,      3196,   0.00283
25005~00508 ,      3204,   0.00331
25005~00508 ,      3195,   0.99813
25005~00303 ,      3232,   0.84576
25005~00303 ,      3231,   0.99969
25005~00303 ,      3216,   0.00041
25005~00304 ,      3230,   1.00000
25005~00304 ,      3223,   0.00039
25005~00304 ,      3231,   0.00031
25005~00499 ,      3221,   1.00000
25005~00509 ,      3215,   0.99945
25005~00500 ,      3218,   1.00000
25005~00501 ,      3205,   0.00047
25005~00501 ,      3208,   0.99822
25005~00501 ,      3210,   0.95833
25005~00501 ,      3211,   0.00116
25005~00502 ,      3208,   0.00089
25005~00502 ,      3211,   0.97391
25005~00502 ,      3209,   0.20519
25005~00503 ,      3211,   0.02493
25005~00503 ,      3209,   0.77208
25005~00498 ,      3220,   0.00626
25005~00498 ,      3217,   0.97872
25005~00498 ,      3209,   0.02208
25005~00512 ,      3220,   0.97622
25005~00512 ,      3207,   0.00845
25005~00512 ,      3217,   0.01702
25005~00510 ,      3207,   0.97558
25005~00510 ,      3217,   0.00426
25005~00510 ,      3209,   0.00065
25005~00504 ,      3205,   0.63847
25005~00504 ,      3208,   0.00089
25005~00504 ,      3210,   0.04167
25005~00505 ,      3194,   0.00066
25005~00505 ,      3205,   0.36106
25005~00505 ,      3204,   0.99669
25005~00505 ,      3195,   0.00187
25005~00334 ,      3536,   0.74034
25005~00334 ,      3533,   0.00044
25005~00334 ,      3534,   0.52748
25005~00334 ,      3535,   1.00000
25005~00335 ,      3528,   0.02052
25005~00335 ,      3533,   0.99956
25005~00336 ,      3530,   0.02751
25005~00336 ,      3531,   0.78476
25005~00336 ,      3529,   0.53418
25005~00332 ,      3530,   0.65710
25005~00332 ,      3531,   0.00040
25005~00332 ,      3528,   0.97911
25005~00332 ,      3532,   0.83577
25005~00337 ,      3525,   0.80717
25005~00337 ,      3538,   0.68462
25005~00337 ,      3527,   0.76914
25005~00337 ,      3539,   0.56150
25005~00337 ,      3537,   0.71082
25005~00333 ,      3526,   1.00000
25005~00333 ,      3528,   0.00037
25023~02255 ,      3596,   0.52103
25023~02255 ,      3597,   1.00000
25023~02256 ,      3598,   0.01098
25023~02256 ,      3599,   0.83660
25005~00305 ,      3505,   0.99836
25005~00305 ,      3504,   0.99644
25005~00379 ,      3234,   1.00000
25005~00378 ,      3237,   1.00000
25005~00434 ,      3420,   1.00000
25005~00433 ,      3414,   0.00516
25005~00433 ,      3418,   1.00000
25005~00433 ,      3417,   0.94245
25005~00430 ,      3413,   1.00000
25005~00430 ,      3414,   0.99354
25005~00430 ,      3416,   0.00041
25005~00430 ,      3417,   0.00498
25005~00409 ,      3419,   0.99629
25005~00409 ,      3415,   0.56180
25005~00409 ,      3423,   0.00058
25005~00404 ,      3414,   0.00129
25005~00404 ,      3415,   0.42759
25005~00404 ,      3416,   0.99959
25005~00404 ,      3417,   0.05257
25005~00281 ,      3523,   0.00040
25005~00281 ,      3522,   0.98819
25005~00281 ,      3419,   0.00334
25005~00281 ,      3415,   0.01061
25005~00281 ,      3423,   0.00934
25005~00279 ,      3519,   0.00038
25005~00279 ,      3523,   0.99920
25005~00279 ,      3522,   0.01181
25005~00380 ,      3238,   1.00000
25005~00511 ,      3223,   0.99961
25023~02241 ,      3550,   0.97046
25023~02241 ,      3549,   0.02663
25023~02241 ,      3551,   1.00000
25005~00506 ,      3192,   0.00170
25005~00506 ,      3224,   1.00000
25005~00506 ,      3222,   0.98885
25005~00462 ,      3192,   0.99703
25005~00462 ,      2424,   0.00056
25005~00462 ,      3190,   0.01219
25005~00462 ,      3193,   0.00372
25023~02240 ,      3547,   1.00000
25023~02240 ,      3550,   0.00295
25023~02240 ,      3566,   0.00055
25023~02240 ,      3546,   0.00060
25023~02242 ,      3550,   0.02658
25023~02242 ,      3549,   0.97107
25023~02239 ,      3548,   1.00000
25023~02239 ,      3567,   0.00034
25023~02238 ,      3546,   0.99940
25023~02263 ,      3192,   0.00042
25023~02263 ,      3560,   0.99961
25023~02263 ,      2424,   0.00112
25023~02263 ,      3566,   0.00055
25023~02263 ,      3565,   0.00041
25023~2257A ,      3549,   0.00230
25023~2257A ,      3559,   0.99961
25023~2257A ,      3562,   0.00130
25023~2257A ,      3558,   0.00086
25023~02265 ,      3567,   0.99966
25023~2257B ,      3559,   0.00039
25023~2257B ,      3558,   0.99871
25005~00282 ,      3520,   1.00000
25005~00282 ,      3519,   0.99924
25005~00282 ,      3523,   0.00040
25027~02744 ,      5439,   0.00160
25027~02744 ,      2530,   0.98286
25027~02744 ,      2570,   0.00089
25027~02744 ,      2556,   1.00000
25027~02744 ,      2529,   0.00169
25027~02744 ,      2609,   0.00039
25027~02743 ,      2570,   0.97162
25027~02743 ,      2375,   0.00033
25027~02743 ,      2800,   0.99964
25027~02939 ,      2569,   0.95166
25027~02939 ,      2567,   0.98955
25027~02858 ,      2790,   0.00737
25027~02858 ,      2806,   0.99930
25027~02858 ,      2568,   1.00000
25027~02714 ,      2522,   1.00000
25027~02714 ,      2525,   1.00000
25027~02708 ,      2524,   0.99963
25027~02708 ,      2526,   0.02550
25027~02708 ,      2527,   1.00000
25027~02856 ,      2791,   0.00144
25027~02856 ,      2607,   0.99634
25027~02855 ,      2791,   0.00217
25027~02855 ,      2790,   0.99263
25027~02855 ,      2607,   0.00366
25027~02855 ,      2805,   0.00660
25027~02941 ,      2801,   0.00689
25027~02941 ,      2375,   0.00033
25027~02941 ,      2800,   0.00036
25027~02941 ,      2795,   0.00274
25027~02941 ,      2611,   1.00000
25027~02941 ,      2567,   0.01045
25027~02938 ,      2802,   0.00056
25027~02938 ,      2795,   0.99726
25027~02937 ,      2797,   0.99305
25027~02937 ,      2569,   0.04834
25027~02860 ,      2785,   1.00000
25027~02860 ,      2805,   0.99340
25027~02863 ,      2782,   1.00000
25027~02863 ,      2806,   0.00070
25027~02940 ,      2798,   0.00031
25027~02940 ,      2781,   1.00000
25027~02940 ,      2796,   1.00000
25027~02940 ,      2797,   0.00695
25027~02950 ,      2380,   0.19015
25027~02950 ,      2570,   0.01552
25027~02950 ,      2379,   0.04410
25027~02950 ,      2375,   0.86633
25027~02950 ,      2376,   0.37285
25027~02949 ,      5003,   0.00200
25027~02949 ,      5439,   0.00374
25027~02949 ,      2530,   0.01091
25027~02949 ,      2380,   0.69889
25027~02949 ,      2374,   0.00036
25027~02949 ,      2570,   0.01197
25027~02948 ,      2380,   0.11095
25027~02948 ,      2379,   0.75983
25027~02867 ,      2374,   0.21364
25027~02867 ,      2373,   0.04574
25027~02866 ,      2374,   0.78419
25027~02866 ,      2373,   0.11108
25027~02865 ,      2373,   0.84291
25027~02865 ,      2379,   0.00044
25027~02879 ,      2801,   0.99311
25027~02879 ,      2813,   0.06534
25027~02879 ,      2375,   0.00033
25027~02879 ,      2810,   0.00130
25027~02879 ,      2811,   0.94557
25027~02879 ,      2812,   0.00480
25027~02879 ,      2809,   0.00109
25027~02879 ,      2803,   0.99917
25027~02879 ,      2802,   0.99721
25027~02879 ,      2808,   0.00043
25027~02879 ,      2807,   0.00526
25027~02879 ,      2804,   1.00000
25027~02879 ,      2818,   0.99197
25027~02951 ,      2378,   0.00320
25027~02951 ,      2379,   0.00087
25027~02951 ,      2377,   0.97106
25027~02951 ,      2375,   0.13267
25027~02951 ,      2376,   0.62715
25027~02880 ,      2814,   0.76502
25027~02880 ,      2811,   0.01734
25027~02880 ,      2812,   0.99520
25027~02880 ,      2809,   0.99746
25027~02880 ,      2808,   0.99872
25027~02880 ,      2807,   0.00427
25027~02880 ,      2815,   0.00412
25027~02880 ,      2818,   0.00803
25027~02877 ,      2813,   0.93182
25027~02877 ,      2814,   0.02587
25027~02877 ,      2810,   0.98442
25027~02877 ,      2811,   0.03709
25027~02876 ,      2816,   0.88286
25027~02876 ,      2809,   0.00145
25027~02876 ,      2803,   0.00083
25027~02876 ,      2802,   0.00223
25027~02876 ,      2798,   0.99875
25027~02876 ,      2808,   0.00085
25027~02876 ,      2807,   0.99046
25027~02876 ,      2815,   0.99588
25027~02786 ,      2798,   0.00093
25027~02786 ,      2794,   1.00000
25027~02786 ,      2780,   1.00000
25027~02786 ,      2799,   1.00000
25027~02952 ,      2777,   0.00083
25027~02952 ,      2378,   0.99584
25027~02952 ,      2379,   0.19476
25027~02952 ,      2377,   0.02894
25001~00053 ,      3724,   0.99881
25001~00053 ,      3790,   0.00773
25001~00122 ,      3790,   0.99227
25001~00128 ,      3748,   0.99874
25001~00128 ,      3766,   0.00047
25001~00051 ,      3723,   1.00000
25001~00051 ,      3724,   0.00119
25001~00051 ,      3739,   0.00040
25001~00052 ,      3787,   0.13251
25001~00052 ,      3789,   0.99954
25001~00138 ,      3739,   0.99799
25001~00137 ,      3733,   0.99666
25001~00137 ,      3739,   0.00120
25001~00137 ,      3750,   0.00159
25001~00140 ,      3750,   0.99841
25001~00088 ,      3752,   0.19766
25001~00088 ,      3753,   0.11765
25001~00088 ,      3734,   0.61781
25001~00167 ,      3608,   0.32668
25001~00165 ,      3607,   0.37743
25001~00166 ,      3607,   0.61622
25001~00166 ,      3608,   0.67332
25001~00061 ,      3745,   0.70337
25001~00061 ,      3743,   0.00050
25001~00063 ,      3745,   0.29663
25001~00064 ,      3741,   0.99897
25001~00064 ,      3766,   0.00047
25001~00141 ,      3725,   0.99947
25001~00141 ,      3739,   0.00040
25001~00062 ,      3743,   0.99900
25001~00065 ,      3742,   1.00000
25001~00139 ,      3740,   0.90846
25001~00086 ,      3735,   0.54894
25001~00086 ,      3791,   0.17118
25001~00143 ,      3751,   1.00000
25001~00142 ,      3754,   0.98307
25001~00142 ,      3740,   0.09115
25001~00084 ,      3734,   0.12995
25001~00084 ,      3735,   0.45106
25001~00084 ,      3791,   0.10321
25001~00085 ,      3752,   0.80234
25001~00085 ,      3734,   0.25225
25001~00085 ,      3754,   0.00195
25001~00085 ,      3791,   0.72498
25001~00089 ,      3606,   0.00034
25001~00089 ,      3753,   0.88196
25001~00087 ,      3606,   0.99966
25001~00087 ,      3753,   0.00039
25001~00168 ,      3605,   0.99950
25001~00168 ,      3607,   0.00635
25005~00283 ,      3521,   1.00000
25005~00283 ,      3518,   1.00000
25023~02305 ,      3553,   1.00000
25023~02254 ,      3598,   0.96742
25023~02254 ,      3599,   0.00540
25023~02306 ,      3552,   1.00000
25023~02245 ,      3598,   0.02160
25023~02245 ,      3603,   0.99964
25023~02245 ,      3599,   0.15800
25023~02304 ,      3554,   1.00000
25021~1897B ,      2385,   0.00078
25021~1897B ,      2382,   0.00039
25021~1897B ,      2381,   0.00044
25021~1897B ,      2383,   0.99623
25021~1897B ,      2386,   0.00223
25023~02258 ,      3563,   0.99961
25023~02266 ,      3561,   0.08441
25023~02261 ,      3562,   0.99870
25023~02261 ,      3557,   0.00041
25023~02260 ,      3561,   0.91559
25023~02260 ,      2437,   0.00051
25023~02260 ,      2472,   0.00035
25023~02260 ,      3555,   1.00000
25023~02260 ,      2438,   0.00163
25023~02259 ,      3556,   1.00000
25023~02259 ,      3574,   0.00046
25023~02259 ,      3557,   0.99959
25023~02259 ,      3558,   0.00043
25023~02178 ,      3571,   1.00000
25023~02178 ,      3572,   1.00000
25023~02179 ,      3569,   1.00000
25023~02179 ,      3570,   1.00000
25007~00530 ,      3808,   1.00000
25007~00530 ,      3803,   1.00000
25007~00541 ,      3819,   1.00000
25007~00531 ,      3801,   1.00000
25007~00531 ,      3809,   0.99809
25007~00531 ,      3807,   1.00000
25007~00531 ,      3800,   1.00000
25007~00540 ,      3818,   1.00000
25001~00100 ,      3677,   0.41326
25001~00100 ,      3676,   0.99840
25023~02253 ,      3594,   0.54754
25023~02253 ,      3595,   0.26732
25007~00537 ,      3812,   1.00000
25007~00539 ,      3814,   0.99914
25007~00539 ,      3817,   0.99897
25007~00539 ,      3816,   1.00000
25007~00535 ,      3804,   0.99958
25007~00538 ,      3817,   0.00103
25007~00538 ,      3815,   1.00000
25001~00099 ,      3677,   0.58674
25001~00107 ,      3673,   0.99825
25001~00107 ,      3686,   0.00038
25001~00102 ,      3671,   0.99867
25001~00102 ,      3687,   0.00112
25001~00103 ,      3672,   0.45163
25007~00534 ,      3802,   1.00000
25007~00534 ,      3804,   0.00042
25007~00534 ,      3813,   1.00000
25007~00534 ,      3811,   0.99766
25007~00536 ,      3811,   0.00234
25007~00536 ,      3805,   0.99960
25001~00104 ,      3678,   0.99968
25001~00104 ,      3673,   0.00035
25001~00098 ,      3682,   0.00231
25001~00098 ,      3681,   1.00000
25027~02839 ,      2378,   0.00032
25027~02839 ,      2366,   0.41882
25027~02839 ,      2368,   0.46591
25027~02839 ,      2365,   0.98342
25027~02839 ,      2363,   0.00044
25027~02839 ,      2354,   0.00036
25027~02806 ,      2361,   0.99897
25027~02806 ,      2333,   0.00097
25027~02806 ,      2362,   0.28287
25027~02804 ,      2339,   0.00914
25027~02804 ,      2362,   0.54152
25027~02804 ,      2341,   0.00050
25027~02804 ,      2363,   0.15757
25027~02805 ,      2366,   0.00090
25027~02805 ,      2365,   0.00032
25027~02805 ,      2362,   0.17474
25027~02805 ,      2363,   0.84154
25027~02805 ,      2354,   0.00036
25027~02805 ,      2364,   0.99328
25027~02805 ,      2342,   0.00234
25027~02844 ,      2339,   0.99086
25027~02844 ,      2362,   0.00087
25027~02844 ,      2341,   0.98394
25027~02844 ,      2342,   0.00058
25027~02845 ,      2348,   0.00036
25027~02845 ,      2340,   0.83780
25027~02847 ,      2347,   0.07281
25027~02847 ,      2341,   0.01556
25027~02847 ,      2350,   0.08138
25027~02847 ,      2348,   0.80761
25027~02847 ,      2363,   0.00044
25027~02847 ,      2364,   0.00420
25027~02847 ,      2342,   0.99708
25027~02847 ,      2340,   0.16220
25027~02841 ,      2770,   0.00110
25027~02841 ,      2361,   0.00103
25027~02841 ,      2333,   0.99757
25027~02841 ,      2334,   0.00053
25027~02843 ,      2334,   0.99947
25027~02843 ,      2336,   1.00000
25027~02854 ,      2332,   0.95348
25027~02854 ,      2770,   0.00110
25017~01385 ,      2298,   0.02273
25017~01385 ,      2297,   0.84666
25027~02849 ,      2344,   0.00045
25027~02849 ,      2338,   0.70319
25027~02849 ,      2337,   1.00000
25027~02852 ,      2335,   1.00000
25027~02850 ,      2344,   0.06817
25027~02850 ,      2347,   0.87865
25027~02850 ,      2338,   0.29444
25027~02850 ,      2349,   0.00652
25027~02850 ,      2350,   0.00037
25027~02850 ,      2348,   0.01328
25017~01383 ,      2298,   0.97601
25017~01383 ,      2299,   0.05029
25027~02851 ,      2343,   0.91962
25027~02851 ,      2332,   0.04392
25027~02851 ,      2345,   0.18896
25021~01821 ,      2354,   0.00791
25021~01821 ,      2355,   0.99388
25027~02846 ,      2347,   0.01535
25027~02846 ,      2349,   0.03567
25027~02846 ,      2350,   0.88331
25027~02846 ,      2348,   0.17875
25021~01819 ,      2350,   0.00037
25021~01819 ,      2354,   0.97914
25021~01819 ,      2364,   0.00252
25021~01819 ,      2355,   0.00102
25021~01819 ,      2353,   0.47402
25021~01818 ,      2353,   0.46210
25021~01910 ,      2321,   0.83597
25021~01910 ,      2322,   0.25620
25021~01823 ,      2354,   0.01223
25021~01823 ,      2351,   0.12788
25021~01823 ,      2352,   0.98303
25021~01823 ,      2353,   0.06388
25021~01825 ,      2305,   0.00040
25021~01825 ,      2351,   0.87086
25021~01825 ,      2352,   0.01697
25021~01825 ,      2355,   0.00510
25021~01825 ,      2310,   0.00037
25027~02848 ,      2349,   0.95627
25027~02848 ,      2350,   0.03456
25027~02848 ,      2346,   0.00068
25017~1382B ,      2296,   0.99832
25017~1382B ,      2295,   0.00223
25017~1382B ,      2297,   0.15181
25017~1382B ,      2770,   0.00329
25017~01375 ,      1603,   0.99939
25017~01375 ,      2345,   0.00418
25017~01375 ,      1606,   0.00070
25017~01375 ,      1602,   0.03159
25021~01926 ,      2306,   0.00303
25021~01926 ,      2305,   0.99359
25021~01926 ,      2351,   0.00042
25021~01926 ,      2308,   0.92492
25021~01926 ,      2311,   0.00041
25017~01379 ,      1606,   0.97765
25017~01379 ,      2305,   0.00080
25017~01379 ,      1601,   0.00084
25017~01377 ,      1600,   0.02531
25017~01377 ,      1603,   0.00061
25017~01377 ,      1605,   0.00272
25017~01377 ,      1601,   0.97602
25017~01377 ,      1602,   0.96841
25017~01389 ,      2252,   0.00483
25017~01389 ,      2248,   0.00938
25017~01389 ,      2250,   0.99910
25017~01389 ,      2276,   0.00040
25017~01389 ,      2258,   0.00198
25017~01389 ,      2251,   0.00391
25017~01387 ,      2249,   0.99665
25017~01387 ,      2253,   0.00755
25017~01387 ,      2248,   0.98958
25027~2794A ,      2221,   0.61628
25027~2794A ,      2236,   0.00073
25027~2794A ,      2224,   0.00177
25027~2794A ,      2222,   0.00094
25027~02725 ,      2221,   0.00043
25027~02725 ,      2225,   0.99167
25027~02723 ,      5433,   0.00101
25027~02723 ,      2371,   0.00409
25027~02723 ,      5453,   0.00426
25027~02723 ,      2372,   0.45461
25027~02723 ,      5452,   0.00152
25027~02722 ,      2369,   0.33615
25027~02722 ,      2372,   0.47163
25027~02722 ,      2373,   0.00027
25027~02721 ,      5460,   0.00228
25027~02721 ,      2370,   0.99760
25027~02721 ,      5469,   0.00574
25027~02721 ,      2371,   0.17253
25027~02721 ,      2369,   0.00031
25027~02721 ,      5483,   0.05270
25027~02721 ,      5453,   0.00479
25027~02720 ,      2370,   0.00120
25027~02720 ,      2371,   0.82338
25027~02720 ,      2369,   0.66353
25027~02720 ,      2372,   0.07340
25021~01824 ,      2358,   0.00467
25021~01824 ,      5459,   0.00043
25021~01824 ,      2360,   1.00000
25021~01824 ,      5460,   0.03018
25021~01824 ,      2356,   0.00030
25021~01824 ,      2357,   0.00082
25021~01824 ,      2359,   0.99259
25021~01822 ,      2356,   0.99970
25021~01822 ,      2357,   0.99918
25021~01822 ,      2359,   0.00099
25021~01820 ,      5487,   0.00729
25021~01820 ,      2358,   0.99491
25021~01820 ,      2359,   0.00642
25023~2167A ,      1748,   0.11206
25023~2167A ,      1752,   0.00058
25023~2167A ,      1741,   0.00312
25023~2167A ,      1739,   0.00044
25023~2167A ,      1750,   0.40242
25027~02838 ,      2367,   0.11856
25027~02838 ,      2366,   0.58028
25027~02838 ,      2368,   0.13795
25027~02838 ,      2365,   0.01626
25023~02299 ,      2518,   0.57619
25023~02299 ,      2512,   0.99947
25023~02299 ,      2517,   0.00086
25023~02299 ,      2498,   0.00142
25023~02299 ,      2513,   0.91268
25023~02299 ,      2516,   0.00263
25023~02299 ,      2514,   0.00137
25023~02300 ,      2509,   0.18861
25023~02300 ,      2508,   0.30195
25023~02300 ,      2510,   0.45624
25023~02300 ,      2520,   0.00226
25023~02281 ,      2510,   0.00070
25023~02281 ,      2518,   0.41346
25023~02281 ,      2520,   0.99502
25023~02281 ,      2521,   0.99117
25023~02281 ,      2517,   0.50557
25023~02281 ,      2519,   0.90365
25023~02281 ,      3661,   0.00053
25023~02282 ,      2517,   0.49357
25023~02282 ,      2519,   0.09418
25023~02282 ,      2516,   0.89118
25023~02282 ,      2515,   0.99188
25023~02283 ,      2516,   0.10619
25023~02283 ,      2515,   0.00250
25023~02283 ,      2514,   0.98810
25001~00134 ,      3636,   1.00000
25001~00136 ,      3635,   0.99962
25001~00133 ,      3701,   1.00000
25001~00132 ,      3649,   0.04682
25001~00131 ,      3653,   0.99861
25001~00131 ,      3649,   0.00293
25001~00131 ,      3655,   1.00000
25001~00131 ,      3635,   0.00038
25001~00130 ,      3656,   1.00000
25001~00130 ,      3653,   0.00069
25001~00135 ,      3653,   0.00069
25001~00135 ,      3664,   1.00000
25001~00155 ,      3663,   0.99876
25001~00025 ,      3700,   1.00000
25001~00005 ,      3647,   0.99850
25001~00006 ,      3647,   0.00150
25001~00006 ,      3648,   1.00000
25001~00007 ,      3657,   0.99946
25001~00007 ,      3658,   1.00000
25001~00018 ,      3646,   0.99935
25001~00018 ,      3697,   0.00086
25001~00010 ,      3645,   0.99952
25001~00013 ,      3643,   0.99897
25001~00013 ,      3645,   0.00048
25001~00014 ,      3696,   1.00000
25001~00014 ,      3697,   0.99914
25001~00015 ,      3699,   0.99959
25001~00016 ,      3643,   0.00103
25001~00016 ,      3644,   1.00000
25001~00016 ,      3698,   1.00000
25001~00016 ,      3709,   0.99901
25001~00017 ,      3624,   0.97903
25001~00017 ,      3639,   1.00000
25001~00017 ,      3707,   0.00053
25001~00017 ,      3709,   0.00066
25001~00004 ,      3708,   1.00000
25001~00009 ,      3704,   0.99917
25001~00011 ,      3699,   0.00041
25001~00011 ,      3707,   0.99947
25001~00031 ,      3637,   1.00000
25001~00030 ,      3712,   1.00000
25001~00030 ,      3711,   0.00055
25001~00029 ,      3705,   1.00000
25001~00029 ,      3704,   0.00042
25001~00028 ,      3711,   0.99863
25001~00027 ,      3703,   1.00000
25001~00027 ,      3638,   0.60547
25005~00371 ,      3311,   0.99960
25005~00371 ,      3309,   0.96180
25005~00371 ,      3310,   0.99960
25005~00371 ,      3317,   0.00083
25005~00525 ,      3411,   0.70170
25005~00525 ,      3412,   0.82593
25005~00527 ,      3410,   1.00000
25005~00527 ,      3409,   0.99928
25005~00369 ,      3305,   1.00000
25005~00369 ,      3306,   0.99954
25005~00356 ,      3307,   0.98230
25005~00355 ,      3329,   1.00000
25005~00355 ,      3333,   0.99732
25005~00355 ,      3330,   1.00000
25005~00355 ,      3307,   0.01770
25005~00355 ,      3407,   0.00037
25005~00355 ,      3325,   0.00044
25005~00355 ,      3328,   0.99882
25005~00524 ,      3404,   0.00091
25005~00524 ,      3407,   0.99963
25005~00529 ,      3408,   0.99970
25005~00529 ,      3409,   0.00072
25005~00528 ,      3404,   0.99818
25005~00528 ,      3356,   0.00052
25005~00526 ,      3404,   0.00091
25005~00526 ,      3406,   1.00000
25005~00526 ,      3405,   1.00000
25005~00473 ,      3296,   0.37838
25005~00473 ,      3297,   0.03195
25005~00475 ,      3296,   0.61912
25005~00474 ,      3296,   0.00250
25005~00474 ,      3302,   0.00190
25005~00474 ,      3295,   1.00000
25005~00474 ,      3297,   0.96805
25019~01802 ,      3824,   0.00042
25019~01802 ,      3830,   0.62500
25001~00170 ,      3620,   0.20729
25001~00170 ,      3615,   1.00000
25001~00170 ,      3616,   0.00036
25001~00169 ,      3620,   0.79271
25001~00181 ,      3613,   1.00000
25001~00188 ,      3762,   0.00763
25001~00188 ,      3623,   1.00000
25001~00187 ,      3612,   1.00000
25001~00187 ,      3611,   0.00790
25001~00184 ,      3761,   0.36374
25001~00184 ,      3769,   1.00000
25001~00185 ,      3622,   1.00000
25001~00185 ,      3764,   0.00040
25001~00177 ,      3764,   0.00081
25001~00177 ,      3763,   1.00000
25001~00178 ,      3762,   0.99237
25001~00178 ,      3764,   0.27416
25001~00173 ,      3761,   0.63626
25001~00173 ,      3621,   0.01281
25001~00186 ,      3764,   0.72463
25001~00073 ,      3756,   0.99921
25001~00073 ,      3757,   1.00000
25001~00081 ,      3755,   1.00000
25001~00081 ,      3736,   0.00102
25001~00081 ,      3756,   0.00079
25001~00072 ,      3738,   0.99944
25001~00072 ,      3768,   0.35246
25001~00070 ,      3737,   0.03205
25001~00070 ,      3738,   0.00056
25001~00070 ,      3768,   0.47238
25001~00083 ,      3737,   0.78327
25001~00079 ,      3737,   0.18468
25001~00079 ,      3768,   0.17516
25001~00118 ,      3729,   1.00000
25001~00120 ,      3726,   0.00138
25001~00120 ,      3728,   0.99881
25001~00123 ,      3732,   0.00041
25001~00123 ,      3726,   0.99793
25001~00123 ,      3731,   0.00122
25001~00126 ,      3732,   0.00041
25001~00126 ,      3731,   0.99878
25001~00127 ,      3732,   0.42347
25001~00116 ,      3732,   0.57571
25001~00067 ,      3746,   1.00000
25001~00180 ,      3617,   0.11519
25001~00180 ,      3611,   0.99182
25001~00019 ,      3638,   0.39453
25001~00019 ,      3702,   1.00000
25001~00019 ,      3714,   0.00210
25001~00026 ,      3713,   1.00000
25001~00026 ,      3711,   0.00055
25001~00026 ,      3715,   0.00082
25001~00026 ,      3714,   0.99790
25001~00024 ,      3716,   0.00319
25001~00024 ,      3715,   0.59543
25001~00023 ,      3715,   0.40212
25001~00022 ,      3625,   0.02525
25001~00022 ,      3609,   1.00000
25001~00022 ,      3610,   0.00222
25001~00022 ,      3619,   0.02223
25001~00022 ,      3715,   0.00122
25001~00021 ,      3706,   0.00058
25001~00021 ,      3711,   0.00027
25001~00021 ,      3710,   1.00000
25001~00033 ,      3706,   0.99884
25001~00020 ,      3716,   0.99681
25001~00020 ,      3715,   0.00041
25001~00172 ,      3616,   0.99964
25001~00172 ,      3706,   0.00058
25001~00171 ,      3614,   1.00000
25001~00171 ,      3610,   0.99778
25001~00150 ,      3650,   0.88368
25001~00150 ,      3652,   1.00000
25001~00149 ,      3651,   0.96455
25001~00149 ,      3666,   0.02224
25001~00149 ,      3650,   0.00053
25001~00151 ,      3663,   0.00041
25001~00151 ,      3722,   1.00000
25001~00152 ,      3666,   0.97776
25001~00153 ,      3665,   0.99572
25001~00154 ,      3659,   0.99419
25001~00154 ,      3665,   0.00039
25001~00161 ,      3720,   0.64764
25001~00160 ,      3720,   0.35236
25001~00159 ,      3719,   0.99948
25001~00158 ,      3717,   0.01709
25001~00158 ,      3642,   1.00000
25001~00158 ,      3657,   0.00054
25001~00158 ,      3663,   0.00083
25001~00158 ,      3721,   0.99933
25001~00157 ,      3717,   0.98237
25001~00157 ,      3719,   0.00052
25001~00012 ,      3640,   0.00102
25001~00012 ,      3641,   1.00000
25001~00012 ,      3709,   0.00033
25001~00012 ,      3721,   0.00067
25001~00156 ,      3718,   0.99950
25001~00008 ,      3625,   0.04274
25001~00008 ,      3640,   0.97448
25001~00008 ,      3717,   0.00053
25001~00008 ,      3624,   0.02097
25001~00003 ,      3625,   0.93201
25001~00003 ,      3640,   0.02450
25001~00032 ,      3618,   1.00000
25001~00032 ,      3619,   0.97777
25019~01805 ,      3821,   0.99757
25019~01805 ,      3827,   0.04426
25001~00174 ,      3776,   0.00038
25001~00174 ,      3758,   0.98655
25001~00174 ,      3780,   0.00044
25001~00175 ,      3617,   0.88439
25001~00175 ,      3611,   0.00027
25001~00182 ,      3776,   0.99962
25001~00182 ,      3777,   0.00041
25001~00182 ,      3780,   0.99956
25001~00179 ,      3621,   0.98719
25001~00179 ,      3758,   0.01345
25001~00179 ,      3759,   0.01710
25001~00183 ,      3759,   0.97520
25001~00002 ,      3779,   0.38715
25001~00002 ,      3778,   0.99912
25001~00001 ,      3778,   0.00044
25001~00176 ,      3760,   1.00000
25001~00176 ,      3759,   0.00770
25001~00077 ,      3781,   0.97923
25001~00077 ,      3783,   0.98679
25001~00068 ,      3778,   0.00044
25001~00068 ,      3777,   0.99959
25001~00082 ,      3771,   0.00045
25001~00082 ,      3782,   1.00000
25001~00078 ,      3779,   0.61285
25001~00076 ,      3785,   0.99970
25001~00074 ,      3736,   0.99898
25001~00071 ,      3767,   1.00000
25001~00071 ,      3781,   0.02077
25001~00071 ,      3783,   0.01321
25001~00069 ,      3771,   0.99955
25001~00075 ,      3785,   0.00030
25001~00075 ,      3784,   1.00000
25001~00058 ,      3773,   1.00000
25001~00058 ,      3775,   0.00044
25001~00080 ,      3775,   0.99956
25001~00119 ,      3770,   1.00000
25001~00057 ,      3772,   1.00000
25001~00121 ,      3727,   1.00000
25001~00117 ,      3730,   0.99678
25001~00056 ,      3787,   0.86749
25001~00056 ,      3789,   0.00046
25001~00050 ,      3788,   0.99962
25001~00055 ,      3786,   1.00000
25001~00055 ,      3788,   0.00038
25001~00054 ,      3774,   1.00000
25001~00124 ,      3730,   0.00322
25001~00124 ,      3765,   1.00000
25001~00125 ,      3748,   0.00126
25001~00125 ,      3749,   1.00000
25001~00066 ,      3747,   1.00000
25001~00060 ,      3741,   0.00103
25001~00060 ,      3744,   1.00000
25001~00059 ,      3766,   0.99905
25001~00114 ,      3673,   0.00105
25001~00114 ,      3686,   0.99962
25001~00114 ,      3687,   0.00149
25001~00090 ,      3671,   0.00044
25001~00090 ,      3687,   0.99739
25001~00093 ,      3671,   0.00088
25001~00093 ,      3672,   0.54837
25001~00093 ,      3674,   0.06809
25001~00096 ,      3674,   0.93132
25001~00091 ,      3684,   0.00041
25001~00091 ,      3675,   0.99967
25001~00091 ,      3674,   0.00059
25001~00092 ,      3684,   0.99959
25001~00092 ,      3682,   0.99769
25001~00092 ,      3675,   0.00033
25001~00092 ,      3678,   0.00032
25001~00094 ,      3680,   0.99954
25001~00094 ,      3688,   0.00103
25001~00097 ,      3632,   0.00036
25001~00097 ,      3679,   0.99747
25001~00097 ,      3680,   0.00046
25001~00095 ,      3632,   0.00036
25001~00095 ,      3631,   0.00565
25001~00095 ,      3688,   0.99897
25001~00047 ,      3633,   1.00000
25001~00101 ,      3632,   0.99892
25001~00101 ,      3631,   0.00162
25001~00048 ,      3649,   0.00183
25001~00048 ,      3630,   0.98917
25001~00113 ,      3683,   0.44169
25001~00112 ,      3683,   0.55782
25001~00110 ,      3669,   0.09186
25001~00110 ,      3668,   1.00000
25001~00108 ,      3685,   0.99618
25001~00106 ,      3670,   1.00000
25001~00106 ,      3669,   0.90814
25001~00109 ,      3634,   1.00000
25001~00105 ,      3689,   1.00000
25001~00111 ,      3667,   0.99907
25001~00111 ,      3685,   0.00382
25001~00115 ,      3667,   0.00093
25001~00115 ,      3631,   0.99273
25001~00129 ,      3649,   0.00256
25001~00129 ,      3654,   1.00000
25023~02244 ,      3601,   0.46708
25023~02244 ,      3602,   0.67827
25023~02243 ,      3603,   0.00036
25023~02243 ,      3604,   1.00000
25023~02243 ,      3601,   0.02004
25023~02243 ,      3600,   0.28553
25023~02333 ,      3579,   0.01244
25023~02333 ,      3580,   0.72871
25023~02323 ,      3589,   0.00104
25023~02323 ,      3579,   0.98718
25023~02322 ,      3578,   0.99687
25023~02322 ,      3579,   0.00038
25023~02326 ,      3577,   1.00000
25023~02326 ,      3578,   0.00313
25023~02324 ,      3589,   0.99793
25023~02324 ,      3593,   0.82415
25023~02324 ,      3590,   0.64268
25023~02332 ,      3585,   0.83923
25023~02332 ,      3591,   0.51835
25023~02329 ,      3584,   0.21087
25023~02329 ,      3581,   0.04250
25023~02331 ,      3581,   0.95687
25023~02331 ,      3592,   0.31010
25005~00415 ,      3482,   0.99972
25005~00415 ,      3479,   0.00027
25005~00415 ,      3466,   0.00028
25005~00415 ,      3467,   0.00030
25005~00415 ,      3481,   1.00000
25005~00398 ,      3476,   0.00057
25005~00398 ,      3477,   0.00029
25005~00398 ,      3487,   1.00000
25005~00398 ,      3480,   0.99960
25005~00398 ,      3484,   0.99915
25005~00397 ,      3476,   0.00537
25005~00397 ,      3479,   0.99945
25005~00397 ,      3478,   0.99870
25005~00411 ,      3476,   0.99406
25005~00411 ,      3477,   0.00029
25005~00411 ,      3474,   0.99966
25005~00411 ,      3479,   0.00027
25005~00411 ,      3475,   0.99970
25005~00411 ,      3478,   0.00065
25005~00393 ,      3458,   0.00029
25005~00393 ,      3461,   0.99939
25005~00393 ,      3464,   0.00030
25005~00393 ,      3462,   1.00000
25005~00393 ,      3463,   0.99949
25005~00431 ,      3470,   1.00000
25005~00431 ,      3471,   0.00031
25005~00431 ,      3469,   1.00000
25005~00431 ,      3478,   0.00065
25005~00425 ,      3458,   0.99971
25005~00425 ,      3459,   0.99970
25005~00425 ,      3457,   1.00000
25005~00425 ,      3452,   0.00049
25005~00425 ,      3461,   0.00031
25005~00425 ,      3460,   1.00000
25005~00432 ,      3455,   0.55799
25005~00432 ,      3471,   0.01396
25005~00432 ,      3456,   1.00000
25005~00432 ,      3459,   0.00030
25005~00392 ,      3477,   0.99941
25005~00392 ,      3492,   0.01680
25005~00392 ,      3489,   0.99894
25005~00392 ,      3480,   0.00040
25005~00418 ,      3492,   0.00521
25005~00418 ,      3491,   0.88582
25005~00418 ,      3493,   0.09797
25005~00418 ,      3496,   0.00037
25005~00418 ,      3489,   0.00035
25005~00418 ,      3490,   0.84068
25005~00408 ,      3492,   0.69757
25005~00408 ,      3491,   0.00034
25005~00408 ,      3493,   0.00047
25005~00408 ,      3472,   0.00118
25005~00408 ,      3474,   0.00034
25005~00408 ,      3473,   0.47329
25005~00408 ,      3489,   0.00070
25005~00426 ,      3455,   0.00601
25005~00426 ,      3471,   0.98573
25005~00429 ,      3472,   0.46827
25005~00429 ,      3475,   0.00030
25005~00403 ,      3448,   0.00038
25005~00403 ,      3452,   0.99951
25005~00403 ,      3451,   0.99967
25005~00395 ,      3444,   0.99880
25005~00395 ,      3442,   0.00099
25005~00402 ,      3441,   1.00000
25005~00402 ,      3443,   1.00000
25005~00401 ,      3450,   0.99960
25005~00401 ,      3449,   0.00061
25005~00401 ,      3451,   0.00033
25005~00400 ,      3444,   0.00040
25005~00400 ,      3442,   0.99869
25005~00400 ,      3454,   0.00038
25005~00394 ,      3450,   0.00040
25005~00394 ,      3454,   0.01641
25005~00394 ,      3449,   0.99939
25005~00391 ,      3435,   0.00056
25005~00391 ,      3440,   0.99968
25005~00391 ,      3439,   1.00000
25005~00396 ,      3438,   0.99942
25005~00396 ,      3435,   0.00028
25005~00396 ,      3440,   0.00032
25005~00405 ,      3438,   0.00029
25005~00405 ,      3435,   0.99860
25005~00405 ,      3434,   0.00033
25005~00399 ,      3433,   1.00000
25005~00399 ,      3422,   0.99828
25005~00399 ,      3428,   1.00000
25005~00399 ,      3431,   1.00000
25005~00399 ,      3432,   1.00000
25005~00390 ,      3436,   0.99923
25005~00390 ,      3429,   0.09269
25005~00428 ,      3442,   0.00033
25005~00428 ,      3454,   0.85502
25005~00428 ,      3453,   0.77162
25005~00438 ,      3438,   0.00029
25005~00438 ,      3453,   0.00033
25005~00438 ,      3437,   0.56079
25005~00437 ,      3435,   0.00056
25005~00437 ,      3434,   0.86359
25005~00437 ,      3436,   0.00039
25005~00436 ,      3425,   0.00040
25005~00436 ,      3427,   0.68373
25005~00436 ,      3436,   0.00039
25005~00436 ,      3429,   0.90731
25005~00436 ,      3430,   1.00000
25005~00435 ,      3425,   0.92403
25005~00435 ,      3424,   0.94208
25005~00435 ,      3419,   0.00037
25005~00435 ,      3426,   1.00000
25005~00435 ,      3423,   0.99008
25005~00280 ,      3519,   0.00038
25005~00280 ,      3524,   0.87731
25005~00280 ,      3424,   0.00032
25007~00533 ,      3810,   1.00000
25005~00410 ,      3497,   0.61024
25005~00410 ,      3498,   0.00082
25005~00364 ,      3342,   0.14954
25005~00364 ,      3336,   0.95913
25005~00364 ,      3335,   0.00038
25005~00364 ,      3343,   0.96823
25005~00339 ,      3340,   0.00033
25005~00339 ,      3341,   0.99934
25005~00339 ,      3334,   0.00046
25005~00339 ,      3337,   0.30697
25005~00339 ,      3338,   0.99843
25005~00348 ,      3341,   0.00066
25005~00348 ,      3339,   0.60081
25005~00348 ,      3342,   0.00048
25005~00340 ,      3342,   0.84805
25005~00342 ,      3369,   0.41720
25005~00341 ,      3303,   0.00042
25005~00341 ,      3325,   0.99956
25005~00341 ,      3326,   1.00000
25005~00341 ,      3327,   0.99965
25005~00341 ,      3319,   0.09609
25005~00341 ,      3324,   1.00000
25005~00341 ,      3328,   0.00039
25005~00347 ,      3345,   0.00358
25005~00347 ,      3331,   1.00000
25005~00347 ,      3336,   0.04052
25005~00343 ,      3345,   0.00051
25005~00343 ,      3332,   0.99839
25005~00343 ,      3353,   0.00040
25005~00343 ,      3328,   0.00039
25005~00338 ,      3345,   0.78341
25005~00338 ,      3342,   0.00145
25005~00338 ,      3351,   0.00169
25005~00338 ,      3343,   0.03177
25005~00350 ,      3366,   0.51837
25005~00350 ,      3363,   0.00036
25005~00350 ,      3364,   1.00000
25005~00351 ,      3376,   0.00041
25005~00351 ,      3362,   0.99934
25005~00351 ,      3365,   0.99953
25005~00351 ,      3363,   0.99893
25005~00357 ,      3345,   0.21249
25005~00357 ,      3366,   0.48163
25005~00357 ,      3361,   0.00036
25005~00357 ,      3342,   0.00048
25005~00357 ,      3344,   0.99933
25005~00352 ,      3363,   0.00036
25005~00352 ,      3361,   0.30483
25005~00477 ,      3392,   0.77470
25005~00477 ,      3393,   0.00034
25005~00477 ,      3391,   0.00550
25005~00484 ,      3393,   0.99931
25005~00493 ,      3399,   1.00000
25005~00480 ,      3390,   0.80947
25005~00480 ,      3393,   0.00034
25005~00346 ,      3367,   0.88078
25005~00346 ,      3376,   0.00041
25005~00346 ,      3368,   0.69366
25005~00346 ,      3365,   0.00047
25005~00344 ,      3371,   0.72235
25005~00344 ,      3367,   0.00101
25005~00370 ,      3376,   0.99919
25005~00479 ,      3389,   0.80312
25005~00359 ,      3351,   0.99831
25005~00359 ,      3350,   0.94814
25005~00359 ,      3352,   1.00000
25005~00359 ,      3348,   0.99957
25005~00359 ,      3353,   0.98052
25005~00359 ,      3349,   0.00045
25005~00353 ,      3333,   0.00268
25005~00353 ,      3350,   0.05148
25005~00353 ,      3354,   1.00000
25005~00353 ,      3332,   0.00161
25005~00353 ,      3353,   0.01909
25005~00353 ,      3355,   1.00000
25005~00353 ,      3357,   1.00000
25005~00353 ,      3356,   0.99948
25005~00353 ,      3359,   0.01189
25005~00367 ,      3344,   0.00067
25005~00367 ,      3350,   0.00038
25005~00367 ,      3348,   0.00043
25005~00367 ,      3349,   0.99955
25005~00367 ,      3347,   1.00000
25005~00367 ,      3346,   0.99963
25005~00367 ,      3358,   0.03768
25005~00367 ,      3359,   0.98811
25005~00365 ,      3361,   0.69481
25005~00365 ,      3346,   0.00037
25005~00362 ,      3382,   0.00037
25005~00362 ,      3360,   0.97981
25005~00358 ,      3383,   0.02467
25005~00358 ,      3358,   0.96232
25005~00358 ,      3360,   0.01702
25005~00366 ,      3362,   0.00066
25005~00366 ,      3363,   0.00036
25005~00366 ,      3380,   1.00000
25005~00366 ,      3381,   1.00000
25005~00366 ,      3379,   1.00000
25005~00366 ,      3378,   1.00000
25005~00372 ,      3375,   1.00000
25005~00372 ,      3377,   0.62063
25005~00372 ,      3374,   0.99886
25005~00375 ,      3383,   0.00032
25005~00375 ,      3382,   0.99963
25005~00375 ,      3377,   0.37937
25005~00375 ,      3360,   0.00317
25005~00368 ,      3373,   1.00000
25005~00374 ,      3370,   0.51770
25005~00374 ,      3372,   1.00000
25005~00374 ,      3374,   0.00114
25021~01861 ,      1687,   0.12370
25021~01861 ,      1684,   0.97935
25021~01861 ,      1685,   0.06167
25021~01861 ,      1683,   0.28739
25021~1862A ,      1687,   0.14452
25021~2059A ,      1067,   0.00243
25021~2059A ,      1613,   0.99607
25021~2059A ,      1614,   0.00278
25005~00323 ,      2397,   0.07026
25005~00323 ,      1716,   0.00073
25005~00323 ,      2403,   0.99714
25005~00323 ,      2402,   0.99920
25021~2034A ,      1711,   0.00041
25021~2034A ,      1714,   0.81928
25021~2034A ,      1713,   0.01407
25021~2039A ,      1653,   0.01341
25021~2039A ,      1651,   0.91873
25021~2039A ,      1649,   0.00283
25021~02030 ,      1721,   0.00038
25021~02030 ,      1705,   0.06019
25021~02030 ,      1719,   0.88481
25023~02135 ,      1736,   0.00035
25023~02135 ,      1753,   0.87928
25023~02135 ,      2403,   0.00127
25021~2036B ,      1720,   0.00084
25021~2036B ,      1718,   0.99608
25021~2036B ,      1736,   0.00071
25021~2036B ,      1717,   0.00116
25023~02124 ,      1740,   0.00163
25023~02124 ,      1752,   0.75051
25023~02124 ,      1753,   0.11982
25023~02132 ,      1736,   0.00532
25023~02132 ,      1740,   0.96653
25023~02118 ,      1752,   0.24804
25023~02118 ,      1751,   0.00069
25023~02118 ,      1759,   0.00051
25023~02118 ,      1756,   0.32203
25023~02116 ,      1735,   0.00046
25023~02116 ,      1736,   0.00035
25023~02116 ,      1734,   0.00390
25023~02116 ,      1740,   0.03184
25023~02116 ,      1739,   0.99779
25023~02116 ,      1738,   0.99972
25023~02116 ,      1737,   0.02952
25023~02154 ,      1741,   0.96364
25023~02154 ,      1739,   0.00177
25023~02154 ,      1738,   0.00028
25023~02141 ,      1735,   0.02298
25023~02141 ,      1733,   0.01683
25023~02141 ,      1732,   0.01256
25023~02141 ,      1734,   0.99007
25021~2036A ,      1718,   0.00392
25021~2036A ,      1708,   0.00051
25021~2036A ,      1715,   0.00073
25021~2036A ,      1717,   0.93726
25021~2036A ,      2403,   0.00127
25021~01816 ,      1725,   0.75499
25021~01816 ,      1722,   0.60233
25021~01816 ,      1734,   0.00071
25021~01816 ,      1724,   1.00000
25021~01815 ,      1703,   0.00484
25021~01815 ,      1701,   0.00144
25021~01815 ,      1723,   0.99922
25021~01815 ,      1704,   0.00093
25021~01815 ,      1721,   0.99962
25021~01815 ,      1722,   0.39661
25021~01815 ,      1720,   0.00084
25021~02032 ,      1688,   0.00038
25021~02032 ,      1705,   0.01175
25021~02032 ,      1706,   0.82866
25021~02032 ,      1709,   0.00038
25021~1865B ,      1676,   0.98069
25021~1865B ,      1067,   0.00121
25021~1865B ,      1675,   0.00370
25021~02026 ,      1705,   0.91595
25021~02026 ,      1719,   0.00039
25021~02026 ,      1706,   0.02095
25021~01863 ,      1689,   0.00048
25021~01863 ,      1687,   0.19045
25021~01863 ,      1686,   0.80110
25021~1865A ,      1676,   0.00266
25021~1865A ,      1675,   0.99168
25021~1865A ,      1614,   0.03454
25021~1865A ,      1678,   0.00038
25021~1865A ,      1623,   0.00040
25021~1865A ,      1617,   0.00745
25021~1865A ,      1616,   0.00091
25021~02037 ,      1704,   0.99861
25021~02037 ,      1705,   0.01211
25021~02012 ,      1699,   0.47339
25023~2313A ,      1884,   0.97520
25023~2313A ,      1885,   0.00573
25021~02011 ,      1700,   0.80948
25021~02019 ,      1694,   0.99717
25021~02019 ,      1689,   0.03492
25021~02019 ,      1690,   1.00000
25021~02019 ,      1699,   0.00075
25021~02019 ,      1697,   0.00826
25021~02019 ,      1695,   0.31145
25021~02018 ,      1696,   0.00276
25021~02018 ,      1694,   0.00283
25021~02018 ,      1700,   0.01740
25021~02018 ,      1697,   0.98565
25021~02018 ,      1695,   0.68680
25021~02014 ,      1693,   0.15644
25021~02014 ,      1691,   0.99512
25021~02014 ,      1692,   0.96582
25021~01890 ,      1538,   0.99675
25021~01890 ,      1495,   0.00096
25021~01890 ,      1480,   0.00139
25021~2060B ,      1630,   0.00044
25021~2060B ,      1610,   0.99695
25021~2060B ,      1609,   0.00420
25017~01667 ,      1344,   0.22643
25017~01667 ,      1293,   0.00133
25017~01767 ,      1293,   0.99557
25017~01767 ,      1296,   0.00274
25017~01767 ,      1294,   0.00043
25017~01664 ,      1348,   0.00418
25017~01664 ,      1350,   0.00102
25017~01664 ,      1344,   0.76718
25017~01664 ,      1293,   0.00089
25017~01664 ,      1327,   0.00057
25017~01664 ,      1298,   0.00055
25017~01427 ,      2100,   0.00824
25017~01427 ,      2103,   0.31621
25017~01427 ,      2101,   0.77788
25017~1441A ,      2118,   0.00066
25017~1441A ,      2117,   0.69968
25017~1441A ,      2116,   0.00120
25017~01425 ,      2100,   0.43488
25017~01425 ,      2099,   0.00244
25017~01425 ,      2101,   0.00405
25017~01180 ,      1354,   0.00067
25017~01180 ,      1413,   0.00053
25017~01180 ,      1408,   0.76780
25017~01436 ,      2094,   0.44193
25017~01436 ,      2093,   0.00111
25017~01436 ,      2107,   0.00680
25017~01436 ,      2096,   0.53326
25017~01436 ,      2104,   0.02104
25017~01436 ,      2109,   0.00088
25017~01452 ,      2092,   0.07728
25017~01452 ,      2095,   0.00038
25017~01452 ,      2094,   0.11095
25017~01452 ,      2093,   0.97771
25017~01452 ,      2109,   0.00221
25017~01455 ,      2089,   0.45136
25017~01455 ,      2092,   0.92211
25017~01455 ,      2093,   0.01152
25017~01457 ,      2098,   0.99779
25017~01457 ,      2099,   0.00041
25017~01457 ,      2097,   0.82850
25017~01457 ,      2096,   0.27039
25017~01458 ,      2095,   0.99923
25017~01458 ,      2098,   0.00037
25017~01458 ,      2097,   0.17067
25017~01458 ,      2094,   0.43599
25017~01458 ,      2093,   0.00892
25017~01458 ,      2096,   0.19635
25017~01315 ,      2150,   0.01356
25017~01315 ,      2151,   0.71797
25017~01681 ,      1354,   0.61400
25017~01681 ,      2100,   0.00066
25017~01681 ,      1408,   0.00052
25017~01681 ,      1355,   0.96073
25017~01673 ,      1356,   0.00457
25017~01673 ,      1353,   0.67978
25017~01673 ,      1352,   0.18740
25017~01673 ,      1354,   0.18333
25017~01673 ,      1355,   0.03884
25017~01679 ,      1352,   0.25475
25017~01679 ,      1354,   0.20200
25017~01679 ,      1346,   0.44035
25017~01679 ,      1347,   0.00081
25017~1678A ,      1363,   0.13506
25017~1678A ,      1360,   0.00053
25017~1678A ,      1361,   0.00602
25017~1426B ,      2100,   0.00066
25017~1426B ,      2099,   0.97270
25017~1426B ,      2097,   0.00083
25017~1426B ,      2103,   0.00057
25017~01322 ,      2092,   0.00031
25017~01322 ,      2152,   0.18258
25017~01322 ,      2153,   0.13446
25017~01322 ,      2151,   0.04924
25017~01323 ,      2149,   0.00814
25017~01323 ,      1341,   0.00221
25017~01323 ,      2150,   0.49597
25017~01323 ,      2152,   0.81662
25017~01323 ,      2153,   0.61296
25017~01323 ,      2151,   0.23279
25017~01323 ,      1363,   0.00071
25017~01324 ,      4671,   0.00087
25017~01324 ,      2080,   0.00103
25017~01324 ,      2149,   0.98534
25017~01324 ,      2077,   0.00104
25017~01324 ,      1341,   0.00132
25017~01324 ,      2150,   0.48754
25017~01324 ,      2152,   0.00080
25017~01324 ,      2153,   0.00054
25017~01676 ,      1352,   0.13960
25017~01676 ,      1347,   0.09724
25017~01676 ,      1349,   0.06430
25017~1426A ,      2100,   0.55556
25017~1426A ,      2099,   0.00122
25017~1426A ,      2103,   0.00342
25017~1426A ,      2101,   0.00135
25017~01674 ,      1349,   0.25268
25017~01674 ,      1348,   0.87232
25017~01674 ,      1350,   0.09402
25017~01674 ,      1344,   0.00160
25017~01680 ,      1349,   0.43858
25017~01680 ,      1348,   0.12351
25017~01680 ,      1350,   0.43434
25017~01666 ,      1359,   0.99423
25017~01666 ,      1349,   0.13149
25017~01666 ,      1351,   0.43712
25017~01665 ,      1351,   0.56288
25017~01665 ,      1350,   0.46755
25017~01665 ,      1344,   0.00373
25017~01665 ,      1327,   0.00517
25009~00566 ,      1360,   0.00946
25009~00566 ,      1358,   0.00819
25009~00566 ,      1340,   0.97006
25009~00566 ,      1359,   0.00577
25009~00566 ,      1334,   0.01078
25009~00566 ,      1339,   1.00000
25009~00566 ,      1328,   0.00726
25009~00566 ,      1329,   0.04319
25009~00558 ,      1334,   0.97761
25009~00558 ,      1328,   0.00484
25009~00558 ,      1332,   0.97034
25009~00558 ,      1333,   0.00124
25009~00558 ,      1330,   0.08074
25009~00731 ,      1342,   0.00473
25009~00731 ,      2078,   0.44894
25009~00731 ,      2077,   0.99273
25009~00731 ,      1341,   0.00088
25009~00731 ,      2075,   0.05250
25009~0732A ,      2068,   0.00197
25009~0732A ,      2066,   0.00068
25009~0732A ,      2067,   0.70256
25009~0628A ,      2062,   0.00071
25009~0628A ,      2057,   0.01341
25009~0628A ,      2027,   0.59022
25009~0628A ,      2028,   0.00040
25009~0628A ,      2064,   0.00128
25009~0639A ,      2030,   0.00387
25009~0639A ,      2034,   0.99897
25009~0639A ,      2036,   0.00877
25009~0639A ,      2033,   0.00603
25009~0639A ,      2035,   0.05437
25009~00749 ,      2062,   0.00071
25009~00749 ,      2065,   0.06398
25009~00749 ,      2064,   0.94449
25009~0747A ,      2063,   0.57185
25009~0747A ,      2062,   0.00564
25009~0747A ,      2067,   0.29656
25009~00630 ,      2060,   0.00481
25009~00630 ,      2057,   0.98659
25009~00630 ,      2027,   0.00095
25009~00630 ,      2059,   0.02700
25009~00630 ,      2056,   0.00398
25009~00630 ,      2055,   0.00039
25009~00630 ,      2058,   0.76538
25009~00631 ,      2061,   0.00085
25009~00631 ,      2060,   0.99238
25009~00631 ,      2059,   0.44134
25009~00631 ,      2054,   0.04837
25009~00631 ,      2055,   0.00039
25009~00631 ,      2058,   0.23462
25023~02229 ,      1869,   0.00036
25023~02229 ,      1850,   0.00054
25023~02229 ,      1851,   0.87310
25023~02229 ,      1852,   0.75052
25023~02230 ,      1848,   0.58162
25023~02230 ,      1849,   0.41638
25023~02231 ,      1849,   0.47440
25023~02231 ,      1850,   0.84557
25023~02231 ,      1851,   0.01426
25021~01874 ,      1869,   0.98010
25021~01874 ,      1870,   0.02688
25021~01873 ,      1872,   0.99959
25021~01873 ,      1912,   0.00156
25021~01873 ,      1868,   0.00040
25021~01873 ,      1869,   0.00355
25021~01872 ,      1911,   0.00088
25021~01872 ,      1870,   0.00750
25021~01872 ,      1871,   1.00000
25021~01875 ,      1911,   0.00044
25021~01875 ,      1870,   0.95562
25021~01875 ,      1910,   0.00108
25023~02356 ,       399,   0.25472
25017~1155B ,      1421,   0.00266
25017~1155B ,      1419,   0.94614
25017~1155B ,      1422,   0.99954
25017~1155B ,      1392,   0.00035
25017~1155B ,      1426,   0.00395
25017~1155B ,      1420,   0.01344
25017~1155A ,      1422,   0.00046
25017~1155A ,       960,   0.00384
25017~1155A ,      1426,   0.99435
25017~1155A ,      1427,   0.11935
25017~01159 ,      1424,   0.76682
25017~01186 ,      1394,   0.97293
25017~01186 ,      1424,   0.00139
25017~01186 ,      1409,   0.00236
25017~01186 ,      1395,   0.00039
25017~01186 ,      1393,   0.00036
25017~01160 ,      1423,   1.00000
25017~01160 ,      1424,   0.00279
25017~1792B ,       887,   0.99444
25017~1792B ,       947,   0.00093
25017~1792B ,       885,   0.00073
25017~1792B ,       888,   0.00966
25017~01157 ,      1424,   0.00174
25017~01157 ,      1425,   1.00000
25017~01157 ,      1426,   0.00056
25017~01409 ,      1426,   0.00113
25017~01409 ,       958,   0.04126
25017~01409 ,       959,   1.00000
25017~01398 ,       960,   0.99103
25017~01185 ,      1392,   0.62217
25017~01185 ,      1394,   0.00562
25017~01185 ,      1393,   0.18873
25017~1201A ,      1388,   0.00047
25017~1201A ,      1381,   0.99452
25017~1201A ,      1382,   0.00992
25017~1201A ,      1368,   0.00064
25017~01158 ,      1421,   0.99734
25017~01158 ,      1419,   0.05338
25017~01158 ,      1420,   0.98656
25017~01183 ,      1395,   0.34789
25017~01183 ,      1393,   0.44545
25017~01182 ,      1394,   0.00511
25017~01182 ,      1395,   0.55265
25017~01182 ,      1411,   0.02296
25017~01182 ,      1403,   0.00040
25017~01182 ,      1396,   0.28453
25017~01182 ,      1404,   0.99846
25017~01184 ,      1395,   0.03822
25017~01184 ,      1411,   0.81234
25017~01184 ,      1404,   0.00039
25017~01181 ,      1410,   0.01036
25017~01181 ,      1413,   0.72507
25017~01181 ,      1411,   0.00072
25017~01181 ,      1412,   0.58213
25017~01171 ,      2129,   0.00033
25017~01171 ,      1413,   0.27388
25017~01171 ,      1408,   0.00103
25017~01171 ,      1407,   0.03645
25017~01171 ,      1412,   0.41787
25017~01179 ,      1413,   0.00053
25017~01179 ,      1405,   0.00060
25017~01179 ,      1404,   0.00116
25017~01179 ,      1407,   0.96311
25017~01179 ,      1406,   0.00237
25017~01187 ,      1395,   0.06006
25017~01187 ,      1397,   0.00043
25017~01187 ,      1396,   0.71514
25017~1589B ,      1283,   0.00121
25017~1589B ,      1279,   0.00646
25017~1589B ,      1280,   0.98704
25017~1589B ,      1277,   0.00316
25017~1589B ,      1204,   0.00037
25017~1591A ,      1284,   0.98667
25017~1591A ,      1276,   0.00829
25017~1591A ,      1282,   0.00134
25017~1591A ,      1283,   0.00603
25017~1591B ,      1284,   0.00311
25017~1591B ,      1276,   0.00197
25017~1591B ,      1282,   0.06738
25017~1591B ,      1283,   0.98633
25017~1591B ,      1275,   0.00224
25017~1591B ,      1279,   0.00036
25017~1591B ,      1280,   0.00222
25017~01174 ,      1403,   0.51849
25017~01174 ,      1407,   0.00044
25017~01172 ,      1402,   0.00037
25017~01172 ,      1408,   0.23065
25017~01172 ,      1405,   0.99940
25017~01172 ,      1406,   0.99763
25021~2049B ,      1482,   0.02409
25021~2049B ,      1481,   0.00056
25021~2049B ,      1483,   0.91207
25021~2049B ,      1485,   0.01373
25021~2049B ,      1486,   0.00040
25021~2049B ,      1476,   0.00072
25017~01539 ,      1526,   0.00034
25017~01539 ,      1515,   0.00967
25017~01539 ,      1525,   0.52830
25017~1548A ,      1534,   0.99437
25017~1548A ,      1537,   0.04559
25017~1548A ,      1532,   0.00039
25023~2262A ,      3566,   0.99724
25023~2262A ,      3565,   0.00164
25017~01546 ,      1535,   0.99363
25017~01546 ,      1526,   0.00239
25017~01546 ,      1527,   0.00233
25017~01543 ,      1517,   0.82048
25017~01543 ,      1516,   0.00077
25017~01543 ,      1515,   0.00044
25017~01543 ,      1511,   0.00072
25017~01543 ,      1518,   0.00144
25017~01532 ,      1517,   0.00161
25017~01532 ,      1516,   0.96750
25017~01532 ,      1515,   0.97977
25017~01532 ,      1511,   0.00144
25017~01748 ,      1513,   0.00039
25017~01748 ,      1516,   0.00309
25017~01748 ,      1509,   0.00765
25017~01748 ,      1512,   0.99926
25017~01748 ,      1511,   0.91138
25021~02055 ,      1479,   0.99541
25021~02055 ,      1478,   0.00032
25021~02055 ,      1481,   0.00056
25021~02058 ,      1479,   0.00275
25021~02058 ,      1527,   0.00039
25021~02058 ,      1478,   0.99708
25021~02058 ,      1481,   0.00169
25017~01536 ,      1514,   0.99484
25017~01536 ,      1513,   0.99882
25017~01536 ,      1516,   0.02863
25017~01536 ,      1472,   0.00137
25017~01536 ,      1512,   0.00037
25021~02050 ,      1514,   0.00047
25021~02050 ,      1478,   0.00227
25021~02050 ,      1477,   0.99251
25017~01346 ,      1580,   0.00144
25017~01346 ,      1549,   0.00040
25017~01346 ,      1550,   0.99772
25017~01663 ,      1546,   1.00000
25017~01663 ,      1548,   0.00039
25017~01663 ,      1507,   0.00067
25017~01663 ,      1549,   0.99920
25017~01663 ,      1550,   0.00228
25017~01663 ,      1509,   0.00036
25017~01746 ,      1507,   0.14741
25017~01746 ,      1549,   0.00040
25017~01746 ,      1509,   0.98506
25017~01746 ,      1511,   0.08646
25017~01746 ,      1555,   0.00034
25017~01744 ,      1507,   0.85191
25017~01744 ,      1509,   0.00510
25017~01661 ,      1543,   0.99588
25017~01661 ,      1544,   0.00042
25017~01661 ,      1505,   0.00841
25017~01661 ,      1436,   0.00037
25017~01659 ,      1438,   0.00119
25017~01659 ,      1542,   0.99806
25017~01659 ,      1466,   0.00077
25017~01312 ,      1439,   0.04142
25017~01312 ,      1438,   0.99368
25017~01312 ,      1542,   0.00039
25017~01312 ,      1437,   0.00367
25017~01312 ,      1436,   0.00037
25017~01310 ,      1440,   0.01214
25017~01310 ,      1439,   0.95658
25017~01310 ,      1438,   0.00435
25017~01305 ,      1440,   0.97539
25017~01305 ,      1442,   0.00101
25017~01127 ,      1459,   0.98403
25017~01127 ,      1458,   0.07032
25017~01127 ,      1453,   0.00105
25017~01311 ,      1415,   0.00205
25017~01311 ,      1414,   0.00123
25017~01311 ,      1436,   0.99439
25017~01311 ,      1435,   0.01310
25017~1122A ,      1455,   0.00046
25017~1122A ,      1456,   0.99497
25017~1122B ,      1455,   0.99954
25017~1122B ,      1456,   0.00377
25017~1122B ,      1454,   0.99940
25017~01749 ,      1513,   0.00079
25017~01749 ,      1510,   0.98960
25017~01749 ,      1508,   0.17875
25017~01749 ,      1512,   0.00037
25017~01745 ,      1510,   0.01009
25017~01745 ,      1508,   0.82031
25017~01745 ,      1506,   0.00034
25021~2052A ,      1030,   0.00103
25021~2052A ,      1488,   0.93504
25021~2052A ,      1489,   0.01046
25017~01758 ,      1470,   0.14271
25017~01758 ,      1472,   0.98662
25017~01758 ,      1510,   0.00031
25017~01761 ,      1468,   0.00034
25017~01761 ,      1470,   0.85694
25017~01761 ,      1472,   0.00034
25017~01761 ,      1508,   0.00094
25017~01760 ,      1469,   0.00654
25017~01760 ,      1468,   0.99932
25017~01760 ,      1470,   0.00035
25017~01760 ,      1471,   0.00077
25017~01760 ,      1506,   0.00068
25017~1304A ,      1442,   0.00068
25017~1304A ,      1434,   0.00041
25017~1304A ,      1433,   0.98783
25017~1304A ,      1441,   0.00103
25017~01148 ,      1591,   0.00045
25017~01148 ,      1589,   0.00117
25017~01148 ,      1598,   0.85898
25017~01148 ,      1597,   0.02118
25017~1341A ,      1589,   0.00039
25017~1341A ,      1573,   0.00102
25017~1341A ,      1576,   0.98811
25017~1341A ,      1578,   0.00705
25017~1341A ,      1575,   0.00063
25017~1356A ,      1572,   0.00238
25017~1356A ,      1522,   0.00066
25017~1356A ,      1568,   0.16302
25017~1356A ,      1569,   0.20636
25017~1356A ,      1570,   0.98394
25017~01609 ,      1638,   0.00042
25017~01609 ,      1590,   1.00000
25017~01609 ,      1540,   0.00116
25017~01609 ,      1591,   0.99955
25017~01609 ,      1534,   0.00303
25017~01609 ,      1599,   0.00587
25017~01609 ,      1598,   0.00121
25017~01609 ,      1530,   0.00031
25017~01609 ,      1533,   0.00044
25017~01609 ,      1641,   0.00139
25017~01609 ,      1604,   0.00246
25017~01365 ,      1566,   0.00235
25017~01365 ,      1573,   0.02203
25017~01365 ,      1571,   0.83646
25017~01365 ,      1564,   0.02340
25017~01365 ,      1567,   0.99890
25017~01365 ,      1568,   0.18241
25017~01359 ,      1589,   0.00156
25017~01359 ,      1573,   0.97234
25017~01345 ,      1573,   0.00359
25017~01345 ,      1575,   0.82763
25017~01345 ,      1577,   0.05358
25017~01369 ,      1575,   0.00063
25017~01369 ,      1574,   1.00000
25017~01369 ,      1522,   0.00066
25017~1544A ,      1520,   0.02122
25017~1544A ,      1569,   0.00048
25017~1544A ,      1521,   0.99830
25017~1544A ,      1560,   0.00042
25017~01366 ,      1564,   0.00057
25017~01366 ,      1568,   0.65408
25017~01366 ,      1570,   0.01449
25017~01361 ,      1564,   0.38756
25017~01361 ,      1568,   0.00050
25017~01361 ,      1562,   0.82085
25017~01361 ,      1559,   0.00057
25017~01348 ,      1553,   0.08015
25017~01348 ,      1551,   0.79207
25017~01350 ,      1582,   0.00039
25017~01350 ,      1552,   0.01647
25017~01350 ,      1553,   0.87694
25017~01350 ,      1551,   0.20793
25017~01350 ,      1563,   0.00039
25017~01352 ,      1565,   0.09336
25017~01352 ,      1564,   0.56792
25017~01352 ,      1553,   0.00660
25017~01352 ,      1563,   0.99922
25017~01352 ,      1558,   1.00000
25017~01352 ,      1562,   0.00049
25017~01352 ,      1557,   0.00039
25017~01352 ,      1554,   0.01288
25017~01352 ,      1559,   0.00114
25017~01351 ,      1552,   0.00623
25017~01351 ,      1553,   0.01414
25017~01351 ,      1563,   0.00039
25017~01351 ,      1555,   0.00414
25017~01351 ,      1554,   0.93162
25017~01344 ,      1578,   0.00037
25017~01344 ,      1575,   0.17110
25017~01344 ,      1577,   0.94496
25017~01344 ,      1529,   0.00034
25017~01538 ,      1528,   0.00061
25017~01538 ,      1529,   0.99161
25017~01357 ,      1569,   0.78737
25017~01357 ,      1562,   0.02888
25017~01357 ,      1560,   0.00459
25017~01357 ,      1561,   0.02431
25017~01358 ,      1520,   0.00335
25017~01358 ,      1562,   0.14978
25017~01358 ,      1557,   0.00313
25017~01358 ,      1559,   0.01651
25017~01358 ,      1560,   0.98456
25017~01358 ,      1561,   0.97569
25017~1545A ,      1522,   0.00099
25017~1545A ,      1523,   0.19211
25017~1545A ,      1524,   0.33398
25017~01534 ,      1528,   0.80947
25017~01534 ,      1522,   0.00197
25021~2049A ,      1481,   0.98984
25017~01537 ,      1520,   0.97543
25017~01537 ,      1517,   0.00241
25017~01537 ,      1519,   0.98564
25017~01537 ,      1518,   0.00288
25017~01537 ,      1556,   0.00302
25017~01537 ,      1560,   0.00918
25017~01353 ,      1555,   0.00345
25017~01353 ,      1557,   0.99217
25017~01353 ,      1559,   0.98179
25017~01367 ,      1509,   0.00182
25017~01367 ,      1552,   0.97730
25017~01367 ,      1553,   0.01792
25017~01367 ,      1518,   0.00288
25017~01367 ,      1555,   0.99207
25017~01367 ,      1556,   0.00403
25017~01367 ,      1554,   0.05551
25017~01354 ,      1518,   0.00144
25017~01354 ,      1556,   0.99294
25017~01354 ,      1557,   0.00431
25017~01354 ,      1560,   0.00125
25017~01542 ,      1517,   0.16988
25017~01542 ,      1519,   0.00269
25017~01542 ,      1518,   0.99135
25021~01920 ,      1638,   0.99575
25021~01920 ,      1639,   0.00206
25021~01920 ,      1641,   0.00139
25021~01891 ,      1540,   0.99768
25021~01891 ,      1537,   0.00038
25023~2262B ,      3566,   0.00166
25023~2262B ,      3565,   0.99795
25017~01540 ,      1534,   0.00260
25017~01540 ,      1537,   0.95287
25017~01535 ,      1528,   0.18932
25017~01535 ,      1529,   0.00805
25017~01535 ,      1531,   0.29482
25017~01535 ,      1530,   0.99969
25017~01535 ,      1532,   0.00039
25017~01535 ,      1533,   0.99956
25009~00616 ,      1924,   0.00813
25009~00616 ,      1925,   0.92712
25009~00611 ,      1926,   0.00039
25009~00611 ,      1927,   0.99640
25009~00615 ,      1931,   0.94774
25009~00615 ,      1930,   0.00034
25009~00615 ,      1929,   0.00055
25009~0612B ,      1919,   0.00097
25009~0612B ,      1921,   0.98232
25009~0612B ,      1920,   0.00124
25009~0610A ,      1928,   0.00221
25009~0610A ,      1929,   0.99891
25009~00619 ,      1933,   0.96172
25009~00619 ,      1934,   0.00058
25009~00619 ,      1930,   0.02243
25009~0613A ,      1923,   0.00123
25009~0613A ,      1924,   0.00155
25009~00618 ,      1931,   0.01608
25009~00618 ,      1934,   0.97548
25009~00618 ,      1932,   0.99585
25009~00618 ,      1930,   0.00136
25009~00804 ,      1936,   0.78766
25009~00804 ,      1938,   0.00070
25009~00802 ,      1935,   0.99362
25009~00802 ,      1936,   0.21077
25009~00802 ,      1937,   0.08105
25021~01927 ,      2307,   0.05623
25021~01927 ,      2308,   0.07203
25021~01927 ,      2309,   0.99848
25021~01927 ,      1666,   0.00121
25021~01927 ,      1665,   0.00158
25021~01929 ,      1641,   0.00069
25021~01929 ,      1664,   0.99604
25021~01929 ,      1666,   0.00040
25021~01929 ,      1667,   0.00247
25021~01929 ,      1665,   0.99631
25021~02091 ,      1673,   0.00457
25021~02091 ,      2390,   0.00047
25021~02091 ,      2391,   0.99540
25021~1954B ,      2312,   0.00082
25021~1954B ,      1668,   0.00033
25021~1954B ,      1666,   0.00040
25021~1954B ,      1672,   0.99919
25021~1913A ,      2315,   0.99449
25021~1913A ,      2314,   0.00835
25021~02090 ,      1673,   0.00163
25021~02090 ,      2392,   0.99679
25021~01931 ,      1643,   0.00033
25021~01931 ,      1666,   0.99798
25021~01931 ,      1665,   0.00053
25021~01930 ,      1643,   0.00066
25021~01930 ,      1642,   0.00448
25021~01930 ,      1641,   0.00208
25021~01930 ,      1664,   0.00036
25021~01930 ,      1667,   0.99753
25021~01922 ,      1643,   0.99768
25021~01922 ,      1640,   0.00105
25021~01922 ,      1642,   0.03024
25021~01921 ,      1638,   0.00382
25021~01921 ,      1639,   0.00165
25021~01921 ,      1642,   0.00168
25021~01921 ,      1641,   0.99444
25021~01921 ,      1664,   0.00036
25021~01923 ,      1643,   0.00132
25021~01923 ,      1640,   0.01757
25021~01923 ,      1639,   0.00165
25021~01923 ,      1642,   0.88074
25021~01924 ,      1639,   0.74845
25021~01924 ,      1642,   0.00224
25017~01384 ,      2771,   0.00045
25017~01384 ,      2294,   0.00146
25017~01384 ,      2300,   0.99652
25017~01384 ,      2301,   0.00894
25017~01384 ,      2299,   0.01113
25017~01386 ,      2298,   0.00126
25017~01386 ,      2299,   0.90684
25027~02910 ,      2289,   1.00000
25027~02910 ,      2766,   0.00111
25027~02910 ,      2292,   0.00236
25027~02910 ,      2287,   0.02071
25027~02910 ,      2288,   0.99762
25027~02910 ,      2293,   0.00268
25027~02910 ,      2290,   0.00127
25027~02913 ,      2767,   0.00098
25027~02913 ,      2766,   0.00333
25027~02913 ,      2287,   0.97929
25027~02913 ,      2265,   0.00056
25027~02913 ,      2288,   0.00238
25017~01493 ,      2260,   0.00056
25017~01493 ,      2275,   0.99641
25017~1490A ,      2263,   0.01214
25017~1490A ,      2262,   0.00229
25017~1490A ,      2264,   0.97152
25017~1494A ,      2259,   0.00096
25017~1494A ,      2822,   0.00048
25017~1494A ,      2261,   0.98538
25017~1494A ,      2265,   0.00280
25027~02911 ,      2771,   0.00045
25027~02911 ,      2294,   0.98054
25027~02911 ,      2300,   0.00039
25027~02911 ,      1592,   0.00046
25027~02914 ,      2292,   0.00904
25027~02914 ,      2291,   0.99786
25027~02914 ,      1582,   0.00235
25027~02914 ,      2290,   0.99873
25017~01381 ,      2301,   0.99106
25017~01381 ,      1600,   0.00050
25017~01381 ,      1594,   0.00034
25017~01381 ,      2299,   0.03174
25017~1342A ,      1595,   0.00222
25017~1342A ,      1587,   0.00171
25017~1342A ,      1589,   0.00428
25017~1342A ,      1588,   0.99623
25017~1342A ,      1597,   0.00038
25017~01147 ,      1600,   0.00050
25017~01147 ,      1596,   1.00000
25017~01147 ,      1594,   0.99897
25017~01380 ,      1600,   0.75335
25017~01144 ,      1593,   0.01267
25017~01144 ,      1595,   0.65362
25017~01146 ,      1595,   0.34343
25017~01146 ,      1589,   0.00078
25017~01146 ,      1598,   0.13982
25017~01146 ,      1588,   0.00038
25017~01146 ,      1597,   0.97806
25017~01368 ,      1584,   0.96817
25017~01368 ,      1583,   0.00071
25017~01360 ,      1584,   0.00083
25017~01360 ,      1583,   0.96834
25017~01360 ,      1582,   0.00509
25017~01363 ,      1584,   0.02108
25017~01363 ,      1586,   0.98852
25017~01363 ,      1585,   0.02327
25017~01363 ,      1593,   0.00112
25017~01363 ,      1587,   0.07466
25017~01362 ,      1584,   0.00992
25017~01362 ,      1583,   0.00605
25017~01362 ,      1586,   0.00383
25017~01362 ,      1585,   0.97673
25017~01362 ,      1566,   0.00039
25017~01362 ,      1582,   0.00313
25017~01364 ,      1586,   0.00718
25017~01364 ,      1566,   0.99725
25017~01364 ,      1587,   0.92363
25017~01364 ,      1573,   0.00051
25017~01364 ,      1571,   0.00666
25017~01364 ,      1565,   0.00882
25017~01364 ,      1567,   0.00110
25021~01942 ,      1496,   0.95445
25021~01942 ,      1495,   0.00096
25021~01942 ,      1498,   0.01407
25021~1947A ,      1499,   0.99837
25021~1947A ,      1498,   0.00235
25021~1947A ,      1500,   0.00111
25021~01948 ,      1538,   0.00046
25021~01948 ,      1496,   0.00052
25021~01948 ,      1495,   0.99808
25021~01948 ,      1494,   0.14088
25021~01948 ,      1493,   0.23526
25021~02056 ,      1481,   0.00677
25021~02056 ,      1483,   0.00935
25021~02056 ,      1476,   0.98355
25021~02051 ,      1477,   0.00238
25021~02051 ,      1483,   0.00748
25021~02051 ,      1487,   0.04033
25021~02051 ,      1475,   0.99799
25021~02051 ,      1476,   0.01574
25017~01762 ,      1474,   0.99953
25017~01762 ,      1477,   0.00510
25017~01762 ,      1030,   0.00051
25017~01762 ,      1487,   0.00109
25017~01762 ,      1475,   0.00201
25017~01762 ,      1473,   0.00453
25017~01762 ,      1472,   0.01166
25021~2057A ,      1538,   0.00046
25021~2057A ,      1479,   0.00183
25021~2057A ,      1480,   0.99815
25021~2057A ,      1482,   0.00046
25021~2057A ,      1481,   0.00056
25021~02053 ,      1484,   0.99221
25021~01950 ,      1499,   0.00163
25021~01950 ,      1496,   0.00052
25021~01950 ,      1494,   0.84945
25021~01950 ,      1498,   0.00563
25021~01950 ,      1493,   0.00051
25021~01950 ,      1492,   0.02009
25021~2007A ,      1107,   0.00218
25021~2007A ,      1105,   0.81074
25021~2007A ,      1102,   0.00181
25021~2007A ,      1104,   0.00040
25021~2007A ,      1103,   0.00041
25021~02054 ,      1482,   0.00185
25021~02054 ,      1483,   0.07109
25021~02054 ,      1485,   0.98284
25021~02054 ,      1486,   0.23373
25021~02054 ,      1489,   0.00167
25017~1561B ,      1031,   0.08401
25017~1561B ,      1488,   0.00299
25017~1561B ,      1032,   0.00057
25017~1561B ,      1490,   0.00735
25021~02048 ,      1030,   0.00463
25021~02048 ,      1487,   0.95477
25017~01573 ,      1474,   0.00047
25017~01573 ,      1030,   0.98303
25017~01573 ,      1487,   0.00218
25017~01573 ,      1488,   0.00641
25021~02046 ,      1492,   0.00047
25021~02046 ,      1485,   0.00343
25021~02046 ,      1488,   0.01838
25021~02046 ,      1489,   0.97615
25017~1569A ,      1032,   0.00514
25017~1569A ,      1034,   0.00067
25017~1569A ,      1033,   0.94252
25021~2060A ,      1610,   0.00152
25021~2060A ,      1644,   0.00033
25021~2060A ,      1609,   0.98974
25021~1969A ,      1621,   0.96219
25021~1969A ,      1620,   0.00307
25021~1969A ,      1626,   0.00401
25021~1969A ,      1625,   0.00114
25021~1939B ,      1071,   0.80649
25021~1939B ,       409,   0.00113
25021~1939B ,       414,   0.00089
25021~1939B ,       418,   0.00115
25021~1970B ,      1636,   0.99755
25021~1970B ,      1624,   0.00053
25021~1970B ,      1637,   0.00166
25021~1970A ,      1636,   0.00098
25021~1970A ,      1624,   0.00053
25021~1970A ,      1647,   0.00060
25021~1970A ,      1637,   0.97711
25021~02063 ,      1611,   0.99917
25021~02063 ,      1612,   0.00626
25021~02063 ,      1607,   0.08191
25021~02062 ,      1613,   0.00262
25021~02062 ,      1612,   0.99374
25021~02062 ,      1615,   0.00280
25021~01881 ,      1061,   0.00512
25021~01881 ,      1055,   0.00049
25021~01881 ,      1057,   0.99151
25021~01880 ,      1067,   0.00121
25021~01880 ,      1061,   0.95207
25021~01880 ,      1063,   0.00238
25021~01880 ,      1064,   0.93995
25021~01880 ,      1057,   0.00457
25021~01880 ,      1062,   0.00277
25021~01888 ,      1055,   0.99902
25021~01888 ,      1057,   0.00131
25021~01888 ,      1054,   0.00795
25021~01888 ,      1056,   0.00277
25021~01888 ,      1058,   0.00120
25021~01883 ,      1061,   0.00220
25021~01883 ,      1057,   0.00261
25021~01883 ,      1062,   0.83218
25021~01876 ,      1062,   0.01942
25021~01876 ,      1059,   0.00080
25021~01876 ,      1058,   0.98562
25021~1944A ,      1493,   0.76064
25021~1944A ,      1492,   0.00467
25017~1720A ,       974,   0.00114
25017~1720A ,       983,   0.99073
25017~1720A ,       984,   0.01748
25021~01945 ,      1502,   0.00039
25021~01945 ,      1491,   0.00045
25021~01945 ,      1503,   0.99746
25009~00772 ,      1317,   0.00034
25009~00772 ,      1299,   0.99798
25009~00772 ,      1278,   0.00170
25009~00769 ,      1302,   0.25257
25009~00771 ,      2028,   0.00040
25009~00771 ,      1302,   0.09205
25009~00771 ,      1314,   0.85530
25009~00771 ,      1315,   0.99942
25009~00586 ,      2028,   0.00040
25009~00586 ,      2034,   0.00034
25009~00586 ,      1264,   1.00000
25009~00586 ,      1315,   0.00058
25009~00742 ,      4574,   0.00456
25009~00742 ,      4671,   0.00131
25009~00742 ,      2080,   0.72568
25009~00742 ,      2079,   0.51645
25009~00740 ,      4574,   0.00137
25009~00740 ,      4607,   0.01278
25009~00740 ,      2080,   0.01132
25009~00740 ,      2074,   0.52771
25009~00740 ,      2073,   0.38454
25009~00740 ,      2079,   0.14344
25009~00744 ,      2073,   0.11330
25009~00744 ,      2072,   0.08573
25009~0745B ,      2073,   0.25396
25009~0745B ,      2069,   0.00087
25009~00750 ,      4607,   0.01278
25009~00750 ,      2073,   0.24772
25009~00750 ,      2063,   0.42566
25009~00750 ,      2061,   0.99831
25017~1308A ,      1434,   0.00041
25017~1308A ,      1415,   0.00103
25017~1308A ,      1433,   0.00290
25017~1308A ,      1437,   0.00367
25017~1308A ,      1436,   0.00374
25017~1308A ,      1435,   0.98013
25017~01128 ,      1446,   0.19853
25017~01128 ,      1450,   0.98408
25017~01128 ,      1448,   0.00127
25017~01120 ,      1450,   0.00658
25017~01120 ,      1452,   0.99859
25017~01120 ,      1453,   0.00053
25017~01120 ,      1451,   0.99682
25017~01124 ,      1446,   0.71723
25017~01124 ,      1447,   0.20738
25017~01124 ,      1450,   0.00762
25017~01757 ,      2185,   0.08884
25017~01757 ,      2184,   0.60834
25017~01757 ,      2188,   0.83391
25017~01757 ,      2186,   0.99926
25017~01757 ,      2189,   0.98399
25017~01757 ,      2187,   1.00000
25017~01756 ,      2185,   0.90436
25017~01756 ,      2184,   0.39029
25017~01756 ,      2183,   0.94821
25017~01752 ,      2182,   0.97641
25017~01752 ,      2181,   0.47934
25017~01752 ,      2185,   0.00680
25017~01752 ,      2184,   0.00137
25017~01752 ,      2183,   0.05179
25017~01293 ,      2139,   0.34154
25017~01293 ,      1445,   0.00089
25017~01292 ,      2182,   0.00045
25017~01292 ,      2140,   0.62415
25017~01286 ,      2140,   0.04661
25017~01286 ,      2135,   0.52627
25017~01286 ,      2136,   0.56032
25017~01286 ,      2139,   0.44853
25017~01286 ,      2138,   0.06861
25017~01306 ,      1424,   0.00035
25017~01306 ,      1440,   0.00101
25017~01306 ,      1443,   0.99733
25017~01306 ,      1444,   0.00129
25017~01306 ,      1442,   0.99797
25017~01306 ,      1450,   0.00035
25017~01306 ,      1432,   0.00328
25017~01306 ,      1429,   0.00040
25017~01306 ,      1433,   0.00116
25017~01306 ,      1441,   0.01062
25017~01306 ,      1452,   0.00047
25017~01284 ,      2186,   0.00074
25017~01284 ,      1446,   0.00035
25017~01284 ,      1445,   0.99911
25017~01284 ,      1444,   0.99871
25017~01307 ,      1443,   0.00267
25017~01307 ,      1417,   0.00044
25017~01307 ,      1432,   0.99590
25017~01307 ,      1434,   0.00123
25017~01307 ,      1433,   0.00174
25017~01287 ,      2139,   0.20993
25017~01287 ,      2138,   0.41054
25017~01288 ,      2140,   0.10381
25017~01288 ,      2135,   0.47373
25017~01288 ,      2133,   0.63720
25017~01288 ,      2134,   0.20115
25017~01288 ,      2136,   0.43924
25017~01288 ,      2137,   0.07666
25017~01178 ,      1394,   0.01634
25017~01178 ,      1410,   0.98964
25017~01178 ,      1409,   0.99764
25017~01178 ,      1395,   0.00078
25017~01178 ,      1411,   0.16398
25017~01294 ,      2137,   0.44425
25017~01294 ,      2138,   0.39992
25017~01302 ,      2136,   0.00044
25017~01302 ,      2137,   0.46922
25017~01302 ,      2138,   0.12092
25017~01301 ,      2142,   0.19839
25017~01301 ,      2133,   0.35903
25017~01301 ,      2130,   0.94576
25017~01301 ,      2137,   0.00987
25017~01301 ,      2131,   0.59891
25017~01301 ,      2132,   0.88778
25017~01750 ,      2176,   0.02915
25017~01750 ,      2177,   1.00000
25017~01750 ,      2175,   0.00044
25017~01750 ,      2182,   0.02314
25017~01750 ,      2178,   0.99964
25017~01295 ,      2170,   0.00088
25017~01295 ,      2148,   0.65952
25017~01295 ,      2147,   0.52968
25017~01285 ,      2147,   0.02968
25017~01285 ,      2145,   0.41210
25017~01285 ,      2178,   0.00036
25017~01297 ,      2145,   0.21753
25017~01297 ,      2140,   0.20975
25017~01297 ,      2141,   0.23780
25017~01290 ,      2147,   0.22784
25017~01290 ,      2145,   0.36672
25017~01290 ,      2146,   0.18221
25017~01290 ,      2144,   0.78593
25017~01290 ,      2141,   0.00076
25017~01290 ,      2128,   0.00090
25017~01291 ,      2148,   0.04975
25017~01291 ,      2147,   0.21279
25017~01291 ,      2146,   0.33510
25017~01296 ,      2148,   0.28937
25017~01296 ,      2146,   0.48269
25017~01460 ,      2081,   0.40911
25017~01690 ,      2162,   0.01077
25017~01690 ,      2165,   0.06532
25017~01690 ,      2168,   0.98183
25017~01690 ,      2169,   0.88991
25017~01690 ,      2170,   0.99823
25017~01690 ,      2171,   0.01491
25017~01690 ,      2148,   0.00137
25017~01690 ,      2167,   0.15479
25017~01691 ,      2162,   0.01886
25017~01691 ,      2165,   0.77215
25017~01689 ,      2165,   0.08557
25017~01689 ,      2170,   0.00044
25017~01689 ,      2166,   0.88593
25017~01689 ,      2164,   0.00353
25017~01689 ,      2167,   0.84521
25017~01688 ,      2162,   0.97037
25017~01688 ,      2165,   0.07696
25017~01688 ,      2168,   0.01817
25017~01688 ,      2169,   0.00780
25017~01688 ,      2163,   0.99734
25017~01688 ,      2166,   0.10949
25017~01688 ,      2161,   0.00157
25017~01688 ,      2164,   0.99647
25017~01289 ,      2145,   0.00365
25017~01289 ,      2140,   0.01568
25017~01289 ,      2141,   0.48438
25017~01289 ,      2142,   0.07177
25017~01289 ,      2134,   0.20187
25017~01298 ,      2144,   0.21407
25017~01298 ,      2141,   0.07279
25017~01298 ,      2143,   0.05918
25017~01459 ,      2128,   0.54611
25017~01459 ,      2126,   0.04469
25017~01459 ,      2143,   0.00043
25017~01300 ,      2141,   0.20427
25017~01300 ,      2142,   0.58306
25017~01300 ,      2133,   0.00377
25017~01300 ,      2134,   0.59698
25017~01300 ,      2143,   0.43153
25017~01299 ,      2142,   0.08387
25017~01299 ,      2128,   0.00090
25017~01299 ,      2143,   0.50713
25017~01431 ,      2128,   0.45210
25017~01431 ,      2120,   0.91755
25017~01431 ,      2123,   0.00277
25017~01431 ,      2126,   0.50632
25017~01431 ,      2121,   0.00179
25017~01431 ,      2143,   0.00173
25017~01430 ,      2081,   0.00153
25017~01430 ,      2082,   0.21881
25017~01430 ,      2083,   0.11137
25017~01429 ,      2081,   0.58745
25017~01429 ,      2082,   0.77156
25017~01428 ,      2081,   0.00191
25017~01428 ,      2127,   0.99930
25017~01428 ,      2083,   0.04732
25017~01428 ,      2114,   0.00430
25017~01428 ,      2125,   0.00073
25017~01428 ,      2126,   0.44899
25017~01437 ,      2082,   0.00872
25017~01437 ,      2083,   0.81420
25017~01437 ,      2114,   0.06116
25017~01437 ,      2113,   0.00467
25017~01437 ,      2087,   0.00064
25017~01437 ,      2084,   0.00041
25017~01421 ,      2127,   0.00070
25017~01421 ,      2125,   0.99088
25017~01421 ,      2124,   0.00058
25017~01422 ,      2083,   0.00635
25017~01422 ,      2085,   0.00045
25017~01422 ,      2084,   0.99918
25017~01423 ,      2125,   0.00073
25017~01423 ,      2123,   0.99692
25017~1150A ,      2214,   0.00198
25017~1150A ,      2215,   0.50413
25017~1453B ,      2123,   0.00031
25017~1453B ,      2122,   0.99906
25017~1453B ,      2117,   0.00379
25017~01303 ,      2142,   0.06290
25017~01303 ,      2130,   0.05424
25017~01303 ,      2131,   0.40109
25017~01303 ,      2132,   0.11222
25017~01303 ,      2119,   0.00458
25017~01303 ,      2129,   0.99901
25017~01454 ,      2129,   0.00066
25017~01454 ,      2102,   0.71525
25017~01454 ,      2101,   0.21673
25021~2044B ,      1654,   0.00115
25021~2044B ,      1653,   0.00144
25021~2044B ,      1671,   0.00042
25021~2044B ,      1655,   0.99764
25021~2044B ,      1652,   0.00534
25021~01952 ,      2392,   0.00080
25021~01952 ,      1671,   0.98292
25021~01952 ,      2381,   0.00131
25021~01952 ,      1670,   0.05460
25021~01899 ,      2382,   0.00039
25021~01899 ,      2381,   0.99782
25021~1903A ,      2358,   0.00042
25021~1903A ,      2321,   0.15991
25021~1903A ,      2323,   0.99901
25021~1903A ,      2324,   0.00152
25021~1903A ,      2325,   0.00044
25021~1903A ,      2326,   0.00685
25021~01898 ,      2382,   0.99845
25021~01898 ,      2381,   0.00044
25021~01898 ,      2384,   0.21502
25021~1943A ,      1496,   0.00052
25021~1943A ,      1500,   0.99077
25021~1943A ,      1501,   0.00093
25021~01919 ,      1644,   0.00065
25021~01919 ,      1640,   0.98102
25021~01919 ,      1639,   0.24619
25021~01919 ,      1642,   0.08063
25021~02038 ,      1645,   0.73566
25021~02038 ,      1646,   0.00159
25021~02041 ,      1651,   0.00050
25021~02041 ,      1644,   0.01665
25021~02041 ,      1646,   0.99841
25021~02041 ,      1648,   0.00100
25021~02041 ,      1647,   0.77294
25021~02042 ,      1644,   0.98237
25021~02042 ,      1640,   0.00035
25021~02042 ,      1541,   0.00083
25021~02042 ,      1609,   0.00606
25021~02042 ,      1647,   0.22586
25021~02025 ,      1658,   1.00000
25021~02025 ,      1662,   0.00202
25021~02025 ,      1660,   0.00238
25021~2022A ,      1657,   0.01711
25021~02023 ,      1660,   0.88471
25021~02023 ,      1661,   0.00386
25021~2045B ,      2382,   0.00039
25021~2045B ,      1654,   0.99078
25021~2045B ,      1653,   0.00623
25021~2045A ,      1654,   0.00461
25021~2045A ,      1653,   0.97653
25021~2045A ,      1651,   0.00505
25021~02043 ,      1650,   1.00000
25021~02043 ,      1629,   0.00032
25021~02043 ,      1649,   0.00454
25021~01960 ,      1620,   0.00038
25021~01960 ,      1625,   0.46079
25021~01960 ,      1624,   0.03353
25021~01965 ,      1632,   0.00045
25021~01965 ,      1635,   1.00000
25021~01965 ,      1637,   0.02122
25021~2020A ,      1656,   0.00053
25021~2020A ,      1657,   0.10651
25021~2020A ,      1660,   0.00048
25021~01971 ,      1620,   0.00230
25021~01971 ,      1625,   0.00572
25021~01971 ,      1624,   0.96487
25021~1963B ,      1621,   0.00796
25021~1963B ,      1620,   0.99309
25021~1963B ,      1634,   0.00700
25021~1963B ,      1619,   0.00129
25021~1869C ,      1688,   0.00152
25021~1869C ,      1686,   0.19890
25009~0718A ,       794,   0.00042
25009~0718A ,      1197,   0.61168
25021~2022B ,      1656,   0.00158
25021~2022B ,      1657,   0.87583
25021~2022B ,      1654,   0.00346
25021~2022B ,      1653,   0.00239
25021~2020B ,      1623,   0.00119
25021~2020B ,      1656,   0.82554
25021~2020B ,      1660,   0.00143
25021~01966 ,      1636,   0.00147
25021~01966 ,      1634,   0.99247
25021~01966 ,      1624,   0.00053
25021~2021A ,      1682,   0.00098
25021~2021A ,      1681,   0.00050
25021~2021A ,      1661,   0.00257
25021~2021A ,      1659,   0.99885
25021~01968 ,      1623,   0.00955
25021~01968 ,      1622,   0.52308
25021~01968 ,      1621,   0.01493
25021~01968 ,      1619,   0.01810
25021~01968 ,      1618,   0.01984
25021~01967 ,      1675,   0.00277
25021~01967 ,      1677,   0.01656
25021~01967 ,      1623,   0.72850
25021~01967 ,      1617,   0.00062
25021~01967 ,      1622,   0.47500
25021~01964 ,      1618,   0.93828
25021~1963A ,      1620,   0.00115
25021~1963A ,      1631,   0.00221
25021~1963A ,      1619,   0.97931
25021~1963A ,      1618,   0.00073
25021~01941 ,      1496,   0.03141
25021~01941 ,      1500,   0.00037
25021~01941 ,      1497,   0.99612
25021~01941 ,      1501,   0.00280
25021~01946 ,      1501,   0.95656
25021~01951 ,      1497,   0.00106
25021~01951 ,      1502,   0.00156
25021~01951 ,      1504,   0.99926
25021~01951 ,      1501,   0.03970
25021~01951 ,      1491,   0.00045
25021~01951 ,       444,   0.00046
25021~01951 ,      1046,   0.01643
25021~01951 ,      1047,   0.00308
25021~01951 ,      1049,   0.03794
25021~01951 ,      1503,   0.00153
25021~01949 ,      1489,   0.00084
25021~01949 ,      1490,   0.00061
25021~01949 ,      1491,   0.99593
25021~01949 ,      1045,   0.00177
25021~01949 ,      1046,   0.00039
25021~01949 ,      1503,   0.00102
25017~1563A ,      1045,   0.00044
25017~1563A ,      1046,   0.97028
25017~1563A ,      1044,   0.00246
25017~1583A ,      1025,   0.99845
25017~1583A ,      1024,   0.00401
25017~1583A ,      1027,   0.00045
25017~1583A ,      1026,   0.00599
25017~01558 ,      1490,   0.00429
25017~01558 ,      1491,   0.00271
25017~01558 ,      1045,   0.99558
25017~01558 ,      1046,   0.00508
25017~01558 ,      1044,   0.01780
25017~1563B ,      1042,   0.00042
25017~1563B ,      1043,   0.99187
25017~1553B ,      1048,   0.99688
25017~1553B ,       755,   0.00208
25017~1553B ,      1042,   0.00254
25025~2474B ,       128,   0.00183
25025~2474B ,       125,   0.00090
25025~2474B ,       126,   0.99866
25025~2474B ,       129,   0.00086
25025~02543 ,       447,   0.99935
25025~02543 ,       444,   0.45901
25025~02543 ,       442,   0.02002
25025~02543 ,       443,   0.01612
25025~02543 ,       446,   0.00143
25017~01568 ,      1051,   0.83198
25017~01568 ,       447,   0.00065
25017~01568 ,       755,   0.00139
25017~01568 ,      1050,   0.07179
25017~01571 ,      1046,   0.00704
25017~01571 ,      1047,   0.99692
25017~01571 ,      1044,   0.05463
25017~01579 ,      1019,   0.99942
25017~01579 ,      1020,   0.00198
25017~01579 ,      1022,   0.00175
25017~1553A ,      1048,   0.00312
25017~1553A ,      1042,   0.99196
25017~1553A ,      1041,   0.23058
25017~1553A ,      1043,   0.00034
25017~01555 ,      1035,   0.53160
25017~01555 ,      1037,   0.00689
25017~01555 ,      1036,   0.01780
25021~1892B ,      1541,   0.00083
25021~1892B ,      1539,   0.99658
25021~1892B ,      1538,   0.00232
25021~1892B ,      1496,   0.01204
25017~01559 ,      1041,   0.73183
25017~01559 ,       753,   0.00099
25017~01572 ,      1019,   0.00058
25017~01572 ,      1035,   0.00081
25017~01572 ,      1020,   0.00099
25017~01572 ,      1018,   1.00000
25017~01572 ,      1017,   0.00035
25017~01576 ,      1040,   0.00091
25017~01576 ,      1041,   0.02256
25017~01576 ,      1039,   0.33735
25017~01585 ,      1040,   0.99589
25017~01585 ,      1038,   0.30855
25017~01585 ,      1041,   0.00752
25017~01585 ,       753,   0.00149
25017~01570 ,      1016,   0.17343
25017~01570 ,      1017,   0.99682
25017~01764 ,      1471,   0.00077
25017~01764 ,      1473,   0.97803
25017~01764 ,       985,   0.00103
25017~01763 ,      1468,   0.00034
25017~01763 ,      1471,   0.98648
25017~01763 ,      1473,   0.00802
25017~01763 ,       974,   0.00685
25017~01763 ,       985,   0.00513
25017~1747B ,      1505,   0.00112
25017~1747B ,      1506,   0.99831
25017~1710B ,       972,   0.83673
25017~1710B ,       973,   0.00319
25017~01575 ,      1473,   0.00872
25017~01575 ,       985,   0.00103
25017~01575 ,      1012,   0.99383
25017~01575 ,      1028,   0.00310
25017~01575 ,      1011,   0.01650
25017~1154A ,       958,   0.00971
25017~1154A ,      1430,   0.99963
25017~1154A ,      1427,   0.00420
25017~1154A ,      1429,   0.04624
25017~1154A ,      1431,   0.06442
25017~1727A ,       973,   0.02378
25017~1547A ,      1526,   0.99589
25017~1547A ,      1527,   0.00194
25017~1547A ,      1515,   0.00836
25017~1547A ,      1525,   0.47170
25017~01456 ,      2102,   0.19723
25017~01456 ,      2103,   0.00285
25017~01432 ,      2099,   0.02323
25017~01432 ,      2103,   0.65639
25017~01432 ,      2104,   0.24916
25017~01433 ,      2114,   0.00048
25017~01433 ,      2125,   0.00036
25017~01433 ,      2122,   0.00031
25017~01433 ,      2124,   0.98493
25017~01433 ,      2116,   0.00040
25017~01434 ,      2083,   0.02077
25017~01434 ,      2114,   0.93407
25017~01434 ,      2113,   0.44506
25017~01434 ,      2125,   0.00730
25017~01434 ,      2124,   0.01449
25017~01434 ,      2115,   0.18726
25017~01438 ,      2115,   0.00212
25017~01438 ,      2107,   0.00181
25017~01438 ,      2116,   0.99118
25017~01451 ,      2115,   0.79681
25017~01451 ,      2107,   0.00272
25017~01451 ,      2116,   0.00521
25017~01439 ,      2085,   0.67149
25017~01439 ,      2086,   0.28775
25017~01439 ,      2084,   0.00041
25017~01316 ,      2157,   0.30823
25017~01316 ,      2086,   0.00051
25017~01440 ,      2113,   0.00170
25017~01440 ,      2085,   0.32806
25017~01440 ,      2088,   0.00173
25017~01440 ,      2087,   0.97199
25017~01440 ,      2086,   0.71073
25017~01440 ,      2110,   0.00752
25017~01440 ,      2112,   0.00156
25017~1444A ,      2094,   0.00742
25017~1444A ,      2093,   0.00037
25017~1444A ,      2112,   0.03744
25017~1444A ,      2115,   0.01168
25017~1444A ,      2107,   0.00317
25017~1444A ,      2109,   0.35733
25017~1444A ,      2108,   0.84692
25017~1444A ,      2111,   0.04735
25017~01442 ,      2107,   0.00227
25017~01442 ,      2105,   0.00065
25017~01442 ,      2106,   0.90041
25017~1443B ,      2107,   0.12783
25017~1443A ,      2107,   0.00408
25017~1443A ,      2105,   0.99286
25017~1443A ,      2106,   0.07822
25017~1443A ,      2103,   0.02055
25017~1443A ,      2104,   0.00191
25017~01445 ,      2087,   0.00700
25017~01445 ,      2110,   0.65444
25017~01445 ,      2111,   0.53346
25017~01446 ,      2091,   0.01858
25017~01446 ,      2088,   0.73693
25017~01446 ,      2087,   0.01528
25017~01446 ,      2086,   0.00102
25017~01446 ,      2090,   0.02106
25017~01446 ,      2110,   0.03667
25017~01447 ,      2090,   0.02264
25017~01447 ,      2110,   0.29901
25017~01447 ,      2109,   0.63648
25017~01447 ,      2108,   0.14370
25017~01447 ,      2111,   0.27273
25017~01448 ,      2091,   0.39758
25017~01448 ,      2088,   0.04406
25017~01448 ,      2090,   0.58662
25017~01448 ,      2110,   0.00235
25017~01449 ,      2092,   0.00031
25017~01449 ,      2091,   0.58384
25017~01449 ,      2093,   0.00037
25017~01449 ,      2090,   0.36967
25017~01449 ,      2109,   0.00309
25017~01450 ,      2089,   0.54864
25017~01450 ,      2088,   0.21685
25017~01319 ,      2163,   0.00033
25017~01319 ,      2166,   0.00458
25017~01319 ,      2161,   0.78753
25017~01319 ,      2157,   0.07389
25017~01319 ,      2160,   1.00000
25017~01319 ,      2082,   0.00092
25017~01313 ,      2158,   0.97022
25017~01313 ,      2157,   0.42435
25017~01314 ,      2154,   0.00034
25017~01314 ,      2159,   0.99090
25017~01314 ,      2161,   0.20840
25017~01314 ,      2158,   0.02978
25017~01325 ,      2154,   0.20266
25017~01325 ,      2156,   0.48007
25017~01325 ,      2157,   0.19353
25017~01325 ,      2088,   0.00043
25017~01318 ,      2156,   0.51993
25017~01320 ,      2155,   0.27211
25017~01321 ,      2154,   0.79121
25017~01321 ,      2155,   0.72789
25017~01317 ,      2153,   0.22319
25017~01718 ,       985,   0.00667
25017~01718 ,      1012,   0.00270
25017~01718 ,       986,   0.97422
25017~01718 ,       998,   0.02578
25017~01718 ,       995,   0.00038
25025~2395A ,       242,   0.00414
25025~2395A ,       241,   0.96115
25025~2395A ,       240,   0.00068
25017~01709 ,      1012,   0.00116
25017~01709 ,       986,   0.00698
25017~01709 ,       998,   0.96896
25017~01709 ,       995,   0.00038
25017~01709 ,       997,   0.00036
25017~01709 ,      1011,   0.00080
25017~01715 ,       997,   0.99964
25017~1705A ,       978,   0.24794
25017~1705A ,       976,   0.00190
25017~01708 ,       982,   0.99939
25017~1726B ,       980,   0.00789
25017~1726B ,       979,   0.00897
25017~1726B ,       977,   0.00075
25017~1726B ,       978,   0.69213
25017~1726B ,       976,   0.01943
25027~2787A ,      2789,   0.00034
25027~2787A ,      2846,   0.97725
25027~2787A ,      2847,   0.07880
25017~01722 ,       979,   0.99064
25017~01722 ,       977,   0.01961
25017~01722 ,       978,   0.00066
25017~01722 ,       982,   0.00061
25025~2551A ,       234,   0.99248
25025~2551A ,       235,   0.01880
25017~01412 ,      1416,   0.99892
25017~01412 ,      1432,   0.00041
25017~01412 ,      1415,   0.00565
25017~01413 ,      1418,   0.00698
25017~01413 ,      1417,   0.99956
25017~01413 ,      1432,   0.00041
25017~01413 ,      1431,   0.00044
25017~01411 ,      1418,   0.99181
25017~01411 ,       956,   0.00235
25017~01411 ,       955,   0.00101
25017~01156 ,      1418,   0.00121
25017~01156 ,       957,   0.00452
25017~01156 ,      1430,   0.00037
25017~01156 ,      1431,   0.92901
25017~1153A ,      1424,   0.22656
25017~1153A ,      1429,   0.95255
25017~1153A ,      1428,   0.00301
25017~01717 ,       971,   0.00064
25017~01717 ,       973,   0.00071
25017~01717 ,       975,   0.40579
25017~01717 ,       968,   0.63837
25017~01717 ,       969,   0.00108
25017~01138 ,       893,   0.09091
25017~01138 ,       898,   0.99866
25017~01138 ,       902,   0.00087
25017~01408 ,       970,   0.00389
25017~01408 ,       954,   0.00749
25017~01408 ,       942,   0.02356
25017~01408 ,       941,   0.99884
25017~01407 ,       954,   0.00787
25017~01407 ,       942,   0.78462
25017~01407 ,       943,   0.00802
25017~01407 ,       941,   0.00058
25017~01395 ,       954,   0.97640
25017~01399 ,       956,   0.92424
25017~01403 ,       956,   0.07342
25017~01403 ,       955,   0.96911
25017~01393 ,       957,   0.99548
25017~01393 ,      1431,   0.00613
25017~01400 ,       950,   0.00123
25017~01400 ,       954,   0.00787
25017~01400 ,       949,   1.00000
25017~1792A ,       860,   0.00131
25017~1792A ,       887,   0.00556
25017~1792A ,       886,   0.09251
25017~1792A ,       888,   0.98759
25017~01549 ,      1012,   0.00039
25017~01549 ,      1027,   0.00358
25017~01549 ,      1010,   0.99964
25017~01557 ,      1027,   0.00089
25017~01557 ,      1026,   0.98770
25025~2369B ,       250,   0.05679
25025~2369B ,       237,   0.85998
25025~2369B ,       731,   0.00035
25027~2789A ,      2877,   0.99830
25027~2789A ,      2787,   0.00036
25027~2789A ,      2847,   0.00111
25027~2789A ,      2856,   0.00128
25017~01550 ,      1023,   0.97668
25027~02800 ,      2534,   1.00000
25027~02796 ,      2582,   1.00000
25027~02796 ,      2539,   0.98826
25027~02796 ,      2541,   0.00035
25027~02796 ,      2763,   1.00000
25027~02796 ,      2764,   1.00000
25027~02796 ,      2765,   1.00000
25027~02801 ,      2581,   1.00000
25027~02801 ,      2533,   0.00045
25027~02801 ,      2583,   1.00000
25027~02892 ,      2533,   0.99955
25027~02892 ,      2531,   1.00000
25027~02892 ,      3057,   0.00030
25011~00899 ,      4303,   0.00129
25011~00899 ,      4333,   0.99792
25011~00899 ,      4332,   0.00040
25011~00900 ,      4303,   0.00065
25011~00900 ,      4333,   0.00035
25011~00900 ,      4332,   0.99841
25011~00900 ,      4350,   0.97514
25011~00897 ,      4349,   0.99925
25011~00897 ,      4332,   0.00040
25027~02703 ,      3058,   1.00000
25027~02702 ,      3078,   0.00373
25027~02702 ,      3081,   1.00000
25027~02702 ,      3082,   1.00000
25027~02701 ,      3075,   0.00096
25027~02701 ,      3077,   1.00000
25027~02701 ,      3078,   0.99627
25011~00907 ,      4317,   0.91908
25011~00907 ,      4352,   0.00037
25011~00907 ,      4303,   0.00065
25011~00898 ,      4352,   0.99963
25011~00898 ,      4349,   0.00075
25011~00898 ,      4303,   0.99741
25011~00898 ,      4333,   0.00173
25011~00898 ,      4332,   0.00080
25011~00898 ,      4304,   1.00000
25011~00898 ,      4350,   0.02486
25027~02891 ,      3059,   1.00000
25027~02700 ,      3075,   0.99904
25027~02700 ,      3080,   0.00532
25027~02700 ,      3079,   1.00000
25027~02699 ,      3080,   0.99468
25027~02893 ,      3069,   1.00000
25027~02975 ,      3071,   1.00000
25027~02975 ,      3070,   0.00032
25027~02808 ,      3061,   1.00000
25027~02944 ,      3068,   0.91196
25027~02944 ,      3073,   0.00137
25027~02944 ,      3067,   1.00000
25027~02942 ,      3068,   0.00061
25027~02942 ,      3072,   1.00000
25027~02942 ,      3073,   0.99863
25027~02942 ,      3070,   0.99968
25027~02943 ,      3068,   0.08743
25027~02784 ,      3098,   0.00034
25027~02784 ,      3096,   1.00000
25027~02807 ,      3047,   1.00000
25027~02783 ,      3095,   1.00000
25027~02783 ,      3097,   0.00173
25027~02783 ,      3099,   0.00045
25027~02777 ,      3098,   0.00409
25027~02777 ,      3091,   0.00528
25027~02777 ,      3093,   0.00207
25027~02777 ,      3097,   0.99769
25027~02777 ,      3099,   0.99955
25027~02782 ,      3094,   1.00000
25027~02782 ,      3093,   0.96798
25027~02782 ,      3100,   0.99962
25027~02785 ,      3091,   0.99472
25027~02785 ,      3093,   0.00620
25027~02785 ,      3097,   0.00058
25027~02780 ,      3092,   0.99934
25027~02976 ,      3074,   0.99964
25027~02976 ,      3103,   0.00085
25027~02976 ,      3102,   1.00000
25027~02779 ,      3098,   0.99557
25027~02779 ,      3090,   1.00000
25027~02781 ,      3089,   0.99963
25027~02781 ,      3085,   0.00046
25027~02694 ,      3088,   1.00000
25027~02977 ,      3074,   0.00036
25027~02977 ,      3076,   1.00000
25027~02977 ,      3103,   0.99915
25027~02977 ,      3101,   1.00000
25027~02977 ,      3104,   1.00000
25027~02974 ,      3083,   0.00045
25027~02974 ,      3105,   0.00086
25027~02974 ,      3087,   0.99789
25027~02973 ,      3083,   0.99955
25027~02973 ,      3084,   0.00099
25027~02973 ,      3087,   0.00042
25027~02973 ,      3100,   0.00038
25027~02778 ,      3085,   0.99954
25027~02778 ,      3092,   0.00066
25027~02778 ,      3093,   0.02376
25027~02972 ,      3084,   0.99606
25027~02971 ,      3050,   0.00038
25027~02971 ,      3084,   0.00296
25027~02971 ,      3105,   0.99914
25027~02971 ,      3087,   0.00168
25027~02970 ,      3050,   0.99924
25027~02760 ,      3050,   0.00038
25027~02760 ,      3051,   0.00111
25027~02760 ,      3060,   0.97537
25027~02762 ,      3053,   0.00258
25027~02762 ,      3055,   0.00034
25027~02762 ,      3051,   0.99889
25027~02762 ,      3060,   0.02463
25027~02765 ,      3049,   1.00000
25027~02695 ,      3086,   1.00000
25027~02695 ,      3089,   0.00037
25027~02696 ,      3106,   1.00000
25027~02697 ,      3046,   1.00000
25027~02698 ,      3063,   1.00000
25017~01143 ,      3045,   1.00000
25017~01194 ,      2223,   0.00079
25017~01194 ,      2198,   0.93197
25017~01193 ,      2200,   0.99898
25017~01193 ,      2198,   0.00389
25017~01195 ,      2197,   0.00075
25017~01195 ,      2199,   1.00000
25017~01195 ,      1456,   0.00042
25017~01195 ,      2198,   0.06414
25017~01419 ,      2195,   0.00795
25017~01419 ,      2196,   0.00811
25017~01419 ,      2191,   0.00325
25017~01419 ,      2197,   0.97763
25017~01151 ,      2213,   0.99801
25017~01151 ,      2214,   0.12220
25017~01151 ,      2218,   0.24348
25017~01151 ,      2195,   0.00084
25017~01370 ,      2210,   0.27009
25017~01370 ,      2212,   1.00000
25017~01370 ,      2211,   0.99926
25017~01370 ,      2209,   0.00200
25017~01370 ,      2213,   0.00040
25017~01370 ,      2206,   0.14835
25017~01420 ,      2218,   0.00248
25017~01420 ,      2220,   0.00124
25017~01420 ,      2195,   0.00460
25017~01420 ,      2196,   0.99189
25017~01420 ,      2223,   0.00040
25017~01420 ,      2197,   0.00373
25017~1418A ,      2191,   0.01437
25017~1418A ,      2190,   0.98607
25017~1418A ,      2197,   0.00224
25017~1418A ,      2192,   0.02351
25017~01123 ,      1456,   0.00084
25017~01123 ,      1457,   0.99955
25017~1418B ,      2191,   0.97821
25017~1418B ,      2190,   0.01393
25017~1418B ,      2192,   0.00096
25017~1730A ,       987,   0.00087
25017~1730A ,       988,   0.99856
25017~01125 ,      1450,   0.00035
25017~01125 ,      1448,   0.06497
25017~01125 ,      1459,   0.00068
25017~01125 ,      1449,   1.00000
25017~01125 ,      1454,   0.00060
25017~01125 ,      1452,   0.00094
25017~01125 ,      1453,   0.99737
25017~01125 ,      1451,   0.00318
25017~1418C ,      2191,   0.00093
25017~1418C ,      2192,   0.97553
25017~01416 ,      2193,   0.96077
25017~01416 ,      2191,   0.00093
25017~01755 ,      2175,   0.05490
25017~01755 ,      2180,   0.37247
25017~01755 ,      2179,   0.99949
25017~01755 ,      2194,   0.00196
25017~01755 ,      2189,   0.01601
25017~01751 ,      2181,   0.51966
25017~01751 ,      2180,   0.62753
25017~01751 ,      2188,   0.16609
25017~01371 ,      2174,   0.00033
25017~01371 ,      2210,   0.72991
25017~01371 ,      2208,   0.99302
25017~01371 ,      2211,   0.00037
25017~01371 ,      2207,   0.54093
25017~01599 ,      2230,   0.54091
25017~01326 ,      2173,   0.00791
25017~01326 ,      2174,   0.99901
25017~01326 ,      2208,   0.00039
25017~01753 ,      2175,   0.94466
25017~01753 ,      2181,   0.00100
25017~01687 ,      2169,   0.10183
25017~01687 ,      2171,   0.98403
25017~01687 ,      2176,   0.00047
25017~01687 ,      2172,   1.00000
25017~01754 ,      2170,   0.00044
25017~01754 ,      2171,   0.00106
25017~01754 ,      2176,   0.97038
25017~01327 ,      2169,   0.00046
25017~01327 ,      2173,   0.99209
25017~1747A ,      1543,   0.00412
25017~1747A ,      1414,   0.00061
25017~1747A ,      1505,   0.99047
25017~1747A ,      1506,   0.00068
25027~02824 ,      3057,   0.99970
25027~02824 ,      3128,   0.99929
25027~02824 ,      3126,   0.99958
25027~02824 ,      3127,   0.01441
25027~02824 ,      3130,   0.00030
25027~02930 ,      3056,   0.99926
25027~02828 ,      3140,   0.99961
25027~02828 ,      3139,   0.00638
25027~02775 ,      3055,   0.99966
25027~02774 ,      3147,   0.00035
25027~02774 ,      3064,   1.00000
25027~2757A ,      3150,   0.01557
25027~2757A ,      3160,   0.99927
25027~02770 ,      3157,   0.99969
25027~2773B ,      3053,   0.00904
25027~2773B ,      3052,   0.99863
25027~02768 ,      3147,   0.00035
25027~02768 ,      3153,   1.00000
25027~02768 ,      3152,   0.00035
25027~02768 ,      3158,   0.00049
25027~02768 ,      3156,   0.02388
25027~02767 ,      3148,   0.05549
25027~02767 ,      3147,   0.99929
25027~02767 ,      3146,   0.00041
25027~02766 ,      3133,   0.01697
25027~02766 ,      3151,   0.07426
25027~02766 ,      3148,   0.90362
25027~02766 ,      3152,   0.04677
25027~02752 ,      3133,   0.02495
25027~02752 ,      3148,   0.04089
25027~02752 ,      3146,   0.99959
25027~02764 ,      3156,   0.96229
25027~02776 ,      3115,   0.04299
25027~02776 ,      3152,   0.95288
25027~02776 ,      3156,   0.00629
25027~2757B ,      3133,   0.00100
25027~2757B ,      3151,   0.92574
25027~2757B ,      3150,   0.00966
25027~02755 ,      3149,   1.00000
25027~02754 ,      3155,   0.99890
25027~02753 ,      3155,   0.00055
25027~02753 ,      3154,   1.00000
25027~02825 ,      3138,   1.00000
25027~02825 ,      3128,   0.00071
25027~02825 ,      3137,   0.99957
25027~02831 ,      3131,   0.00067
25027~02831 ,      3155,   0.00055
25027~02831 ,      3159,   0.99955
25027~02831 ,      3136,   1.00000
25027~02763 ,      3132,   0.91144
25027~02763 ,      3159,   0.00045
25027~2818A ,      3131,   0.00067
25027~2818A ,      3163,   0.00671
25027~2818A ,      3124,   0.98545
25027~2818A ,      3132,   0.00058
25027~2761A ,      3115,   0.00291
25027~2761A ,      3114,   0.99314
25027~2761A ,      3116,   0.01417
25027~2773A ,      3053,   0.98838
25027~2773A ,      3052,   0.00137
25027~2773A ,      3054,   0.04143
25027~02833 ,      3163,   0.00045
25027~02833 ,      3117,   0.00243
25027~02833 ,      3120,   0.99968
25027~02833 ,      3125,   0.00076
25027~02759 ,      3135,   0.99962
25027~02759 ,      3160,   0.00036
25027~2830B ,      3145,   1.00000
25027~2830B ,      3126,   0.00042
25027~2830B ,      3122,   1.00000
25027~2830B ,      3129,   0.99907
25027~2830B ,      3130,   0.00417
25027~02822 ,      3142,   0.00143
25027~02822 ,      3139,   0.87630
25027~02821 ,      3162,   1.00000
25027~3012A ,      2865,   0.99145
25027~3012A ,      2867,   0.00106
25027~3012A ,      2866,   0.00044
25027~3012A ,      2880,   0.01505
25027~3012A ,      2976,   0.00076
25027~02826 ,      3139,   0.11253
25027~02826 ,      3144,   0.96993
25027~02832 ,      3137,   0.00043
25027~02832 ,      3140,   0.00039
25027~02832 ,      3143,   1.00000
25027~02823 ,      3139,   0.00319
25027~02823 ,      3141,   0.98912
25027~02819 ,      3131,   0.99798
25027~02819 ,      3132,   0.08798
25027~02819 ,      3139,   0.00160
25027~02819 ,      3141,   0.01088
25027~2820A ,      2236,   0.00037
25027~2820A ,      2237,   0.00034
25027~2820A ,      3123,   1.00000
25027~2820A ,      3142,   0.00573
25027~2820A ,      3041,   1.00000
25027~2820A ,      3144,   0.00128
25027~02827 ,      3118,   0.99947
25027~02834 ,      3119,   1.00000
25027~02834 ,      3120,   0.00032
25027~02829 ,      3131,   0.00067
25027~02829 ,      3043,   1.00000
25027~02829 ,      3144,   0.02815
25027~02771 ,      3114,   0.00062
25027~02771 ,      3048,   1.00000
25027~02771 ,      3156,   0.00754
25027~02772 ,      3116,   0.98583
25017~01142 ,      3062,   1.00000
25027~02837 ,      3117,   0.99757
25017~01682 ,      3111,   1.00000
25027~02835 ,      3109,   1.00000
25017~01686 ,      3113,   1.00000
25017~01684 ,      3112,   0.99942
25027~02810 ,      2219,   0.00216
25027~02810 ,      2236,   0.94182
25027~02810 ,      2235,   0.00182
25027~02810 ,      2238,   0.07974
25027~02810 ,      2239,   0.09375
25027~02810 ,      2237,   0.91574
25027~02810 ,      3144,   0.00064
25027~02836 ,      3044,   1.00000
25027~02836 ,      3121,   1.00000
25017~1611B ,      2233,   0.00089
25017~1611B ,      2234,   0.36372
25017~1611A ,      2215,   0.00748
25017~1611A ,      2233,   0.26238
25017~1611A ,      2216,   0.00155
25017~1611A ,      2234,   0.00092
25027~2769A ,      3158,   0.00098
25027~2769A ,      3054,   0.95107
25017~01610 ,      2215,   0.00118
25017~01610 ,      2205,   0.00680
25017~01610 ,      2233,   0.73494
25027~02793 ,      2220,   0.00248
25027~02793 ,      2221,   0.00043
25027~02793 ,      2219,   0.99623
25027~02793 ,      2236,   0.00146
25027~02793 ,      2235,   0.00182
25027~02793 ,      2234,   0.00046
25017~1415B ,      2213,   0.00079
25017~1415B ,      2179,   0.00051
25017~1415B ,      2194,   0.99804
25017~1415B ,      2195,   0.00753
25017~1415B ,      2193,   0.03923
25017~1415B ,      2191,   0.00232
25017~1415A ,      2213,   0.00040
25017~1415A ,      2195,   0.97908
25017~1415A ,      2197,   0.01566
25017~1152B ,      2214,   0.00033
25017~1152B ,      2215,   0.48288
25017~1152B ,      2217,   0.00043
25017~1152B ,      2233,   0.00045
25017~1152B ,      2216,   0.00413
25027~02792 ,      2220,   0.99628
25027~02792 ,      2221,   0.00129
25027~02792 ,      2219,   0.00054
25027~02792 ,      2223,   0.00119
25027~02792 ,      2222,   0.00157
25017~1149B ,      2218,   0.00124
25017~1149B ,      2217,   0.00259
25017~1149B ,      2216,   0.19731
25017~1152C ,      2215,   0.00197
25017~1152C ,      2217,   0.00259
25017~1152C ,      2216,   0.79494
25017~1152C ,      2219,   0.00054
25017~01685 ,      3108,   1.00000
25017~01685 ,      3110,   1.00000
25017~01685 ,      3112,   0.00058
25017~01683 ,      3107,   1.00000
25017~01596 ,      2232,   0.39496
25017~01355 ,      1565,   0.89782
25017~01355 ,      1564,   0.02055
25017~01355 ,      1553,   0.00377
25017~01349 ,      2291,   0.00071
25017~01349 ,      1583,   0.02490
25017~01349 ,      1579,   0.14109
25017~01349 ,      1582,   0.98904
25017~01349 ,      1553,   0.00047
25017~01349 ,      1581,   0.96744
25017~01496 ,      2267,   0.00043
25017~01496 ,      2269,   0.99790
25017~01486 ,      2250,   0.00045
25017~01486 ,      2276,   0.99880
25017~01486 ,      2260,   0.01855
25017~01486 ,      2258,   0.00198
25017~01486 ,      2251,   0.00521
25017~01486 ,      2277,   0.35361
25017~01486 ,      2273,   0.00119
25017~01488 ,      2276,   0.00080
25017~01488 ,      2277,   0.05722
25017~01488 ,      2273,   0.99881
25017~01488 ,      2274,   1.00000
25017~01488 ,      2279,   0.00083
25017~01488 ,      2272,   0.99944
25017~01488 ,      2271,   0.00073
25017~01492 ,      2268,   0.00084
25017~01492 ,      2269,   0.00105
25017~01492 ,      2270,   1.00000
25017~01492 ,      2271,   0.01131
25017~01484 ,      2271,   0.98796
25017~01483 ,      2279,   0.88847
25017~01483 ,      2283,   0.00033
25017~01483 ,      2280,   1.00000
25017~01390 ,      2249,   0.00152
25017~01390 ,      2254,   0.00261
25017~01390 ,      2252,   0.97854
25017~01390 ,      2253,   0.00358
25017~01391 ,      2254,   0.99687
25017~01391 ,      2252,   0.00697
25017~01391 ,      2253,   0.98888
25017~01391 ,      2256,   0.00073
25017~01391 ,      2255,   0.00030
25017~01388 ,      2252,   0.00966
25017~01388 ,      2256,   0.99927
25017~01388 ,      2255,   0.99970
25017~01388 ,      2251,   0.99089
25017~01388 ,      2277,   0.00103
25017~01495 ,      2286,   0.08434
25017~01495 ,      2281,   0.95814
25017~01495 ,      2282,   0.00676
25017~01501 ,      2286,   0.00107
25017~01501 ,      2281,   0.04107
25017~01501 ,      2282,   0.98930
25017~01501 ,      2283,   0.80971
25017~01487 ,      2278,   1.00000
25017~01487 ,      2277,   0.58814
25017~01487 ,      2279,   0.11070
25017~01487 ,      2272,   0.00056
25017~01656 ,      2200,   0.00034
25017~01656 ,      2201,   0.99895
25017~01656 ,      2203,   0.99478
25017~01489 ,      2291,   0.00143
25017~01489 ,      1579,   0.00062
25017~01489 ,      2286,   0.91459
25017~01489 ,      2281,   0.00079
25017~01489 ,      2282,   0.00394
25017~01489 ,      2285,   0.84117
25017~01499 ,      2284,   0.99965
25017~01499 ,      2283,   0.18995
25017~01499 ,      2285,   0.15812
25017~01392 ,      2204,   0.00037
25017~01392 ,      2257,   0.99935
25017~01392 ,      2284,   0.00035
25017~01343 ,      1547,   0.00036
25017~01343 ,      1580,   0.36835
25017~01343 ,      1579,   0.85829
25017~01343 ,      1581,   0.03256
25017~01662 ,      1545,   0.00040
25017~01662 ,      1548,   0.99961
25017~01662 ,      1547,   0.99964
25017~01662 ,      1580,   0.00029
25017~01662 ,      2285,   0.00071
25017~01347 ,      1580,   0.62993
25017~01660 ,      1467,   0.00034
25017~01660 ,      1544,   0.99958
25017~01660 ,      1545,   0.99960
25017~01658 ,      2202,   0.00433
25017~01658 ,      2204,   0.99813
25017~01658 ,      2254,   0.00052
25017~01658 ,      2203,   0.00348
25017~01658 ,      2257,   0.00065
25017~01657 ,      1458,   0.00117
25017~01657 ,      2202,   0.99567
25017~01657 ,      1461,   0.00154
25017~01657 ,      2204,   0.00150
25017~01503 ,      1542,   0.00155
25017~01503 ,      1467,   0.99421
25017~01503 ,      1464,   0.00686
25017~01504 ,      1467,   0.00545
25017~01504 ,      1464,   0.94225
25017~01504 ,      1466,   0.00460
25017~01504 ,      1465,   0.97647
25017~01502 ,      1462,   0.03570
25017~01502 ,      1463,   0.99961
25017~01502 ,      1466,   0.99463
25017~01505 ,      1462,   0.96148
25017~01505 ,      1461,   0.99846
25017~01505 ,      1464,   0.05089
25017~01505 ,      1465,   0.02353
25017~01119 ,      1458,   0.92852
25017~01119 ,      1462,   0.00188
25017~01119 ,      1457,   0.00045
25017~01121 ,      1459,   0.01529
25017~01121 ,      1460,   1.00000
25017~01121 ,      1462,   0.00094
25017~01121 ,      1463,   0.00039
25017~01374 ,      1600,   0.22035
25017~01374 ,      1599,   0.99413
25017~01374 ,      1597,   0.00038
25017~01378 ,      1604,   0.99754
25027~02815 ,      2746,   0.12173
25027~02815 ,      2723,   1.00000
25027~02815 ,      2645,   0.05114
25027~02815 ,      2747,   0.00034
25027~02887 ,      2712,   0.00044
25027~02887 ,      2716,   1.00000
25027~02887 ,      2720,   1.00000
25027~02888 ,      2715,   0.99918
25027~02888 ,      2736,   1.00000
25027~02888 ,      2719,   0.00342
25027~02888 ,      2744,   1.00000
25027~02889 ,      2715,   0.00082
25027~02889 ,      2719,   0.99658
25027~02814 ,      2745,   1.00000
25027~02814 ,      2746,   0.87781
25027~02814 ,      2751,   0.00047
25027~02814 ,      2645,   0.94886
25027~02706 ,      2644,   1.00000
25027~02706 ,      2755,   0.98831
25027~02817 ,      2737,   1.00000
25027~02817 ,      2722,   1.00000
25027~02817 ,      2746,   0.00046
25027~3041B ,      2858,   0.00244
25027~3041B ,      2890,   0.00872
25027~3041B ,      2899,   0.99841
25027~02704 ,      2635,   0.99960
25027~02704 ,      2634,   0.00032
25027~02704 ,      2633,   0.99932
25027~02978 ,      2751,   0.99953
25027~02978 ,      2753,   0.99961
25027~02979 ,      2750,   1.00000
25027~02979 ,      2597,   1.00000
25027~02707 ,      2755,   0.01169
25027~02707 ,      2604,   0.02134
25027~02707 ,      2754,   1.00000
25027~02707 ,      2596,   0.99881
25027~02707 ,      2594,   0.00590
25027~02707 ,      2756,   1.00000
25027~2985B ,      2971,   0.99886
25027~2985A ,      2973,   0.99787
25027~2985A ,      2971,   0.00114
25027~3052B ,      2564,   0.00432
25027~3052B ,      2548,   0.99195
25027~02982 ,      2731,   0.00137
25027~02982 ,      2732,   1.00000
25027~02982 ,      2733,   0.01572
25027~02982 ,      2735,   0.00129
25027~03049 ,      2590,   0.00051
25027~03049 ,      2753,   0.00039
25027~03049 ,      2593,   0.99574
25027~03049 ,      2592,   0.00567
25027~03049 ,      2757,   0.00042
25027~3048A ,      2951,   0.00296
25027~3048A ,      2553,   0.98542
25027~3048A ,      2560,   0.02613
25027~3048A ,      2599,   0.00125
25027~3048A ,      2954,   0.01989
25027~3051B ,      2550,   0.00816
25027~3051B ,      2734,   0.99882
25027~3017B ,      2936,   0.00040
25027~3017B ,      2560,   0.96926
25027~3017B ,      2592,   0.00044
25027~3017B ,      2589,   0.01909
25027~03053 ,      2731,   0.99863
25027~03053 ,      2741,   1.00000
25027~03053 ,      2742,   0.00047
25027~03054 ,      2743,   0.98332
25027~03054 ,      2758,   1.00000
25027~03054 ,      2759,   1.00000
25027~02797 ,      2539,   0.01132
25027~02797 ,      2714,   1.00000
25027~02797 ,      2541,   0.99965
25027~3041A ,      2898,   0.00536
25027~3041A ,      2890,   0.99074
25027~3041A ,      2899,   0.00079
25027~03033 ,      2743,   0.01668
25027~03033 ,      2535,   1.00000
25027~03033 ,      2760,   1.00000
25027~03033 ,      2761,   1.00000
25027~03033 ,      2572,   0.00055
25027~3034A ,      2740,   0.00029
25027~3034A ,      2762,   0.98652
25027~3034A ,      2735,   0.01223
25027~03032 ,      2538,   1.00000
25027~03032 ,      2571,   0.00040
25027~03038 ,      2997,   0.01736
25027~03038 ,      2998,   0.99524
25027~03038 ,      3002,   0.00794
25027~03038 ,      2889,   0.99839
25027~03038 ,      2893,   0.00044
25027~03029 ,      2537,   1.00000
25027~03029 ,      2586,   0.00218
25027~03029 ,      2536,   1.00000
25027~03029 ,      2579,   1.00000
25027~03029 ,      2578,   0.00037
25027~02798 ,      2540,   1.00000
25027~02798 ,      2575,   0.00070
25027~02895 ,      2711,   0.99205
25027~02803 ,      2713,   1.00000
25027~02878 ,      2816,   0.11714
25027~02878 ,      2817,   0.00371
25027~02878 ,      2776,   0.00162
25027~02878 ,      2813,   0.00284
25027~02878 ,      2777,   0.99709
25027~02878 ,      2814,   0.20912
25027~02878 ,      2810,   0.01428
25027~02840 ,      2367,   0.88144
25027~02840 ,      2378,   0.00064
25027~02840 ,      2368,   0.39614
25027~02947 ,      2817,   0.99259
25027~02947 ,      2776,   0.99716
25027~02947 ,      2777,   0.00208
25027~02947 ,      2793,   0.00679
25027~02947 ,      2770,   0.00511
25027~02947 ,      2792,   0.00163
25027~02946 ,      2817,   0.00371
25027~02946 ,      2769,   0.00715
25027~02946 ,      2793,   0.99236
25027~02946 ,      2770,   0.03798
25027~02946 ,      2792,   0.99837
25027~02946 ,      2819,   0.99890
25027~02945 ,      2776,   0.00122
25027~02945 ,      2769,   0.99285
25027~02945 ,      2332,   0.00261
25027~02945 ,      2297,   0.00154
25027~02945 ,      2770,   0.95142
25027~02945 ,      2333,   0.00146
25027~02945 ,      2819,   0.00110
25027~3047B ,      2991,   0.00061
25027~3047B ,      2997,   0.08608
25027~3047B ,      2998,   0.00059
25027~3047B ,      2905,   0.00077
25027~3047B ,      2986,   0.99927
25027~3047B ,      2871,   0.00053
25027~3047B ,      2893,   0.01269
25027~03006 ,      2862,   0.00301
25027~03006 ,      2864,   1.00000
25027~03006 ,      2908,   0.99317
25027~03006 ,      2863,   1.00000
25027~3031A ,      2740,   0.99971
25027~3031A ,      2739,   0.00576
25027~3031A ,      2738,   0.01258
25027~3057B ,      2593,   0.00061
25027~3057B ,      2748,   0.00135
25027~3057B ,      2749,   0.00044
25027~3057B ,      2757,   0.98536
25027~3025D ,      2938,   0.00241
25027~3025D ,      2934,   0.97443
25027~3025D ,      2936,   0.00080
25027~2997A ,      2959,   0.00366
25027~2997A ,      2912,   0.94180
25027~2997A ,      2910,   0.00038
25027~2997A ,      2957,   0.01570
25027~3017C ,      2560,   0.00461
25027~3017C ,      2592,   0.00567
25027~3017C ,      2589,   0.97530
25027~3052C ,      2565,   0.00662
25027~3052C ,      2562,   0.00044
25027~3052C ,      2564,   0.00793
25027~3052C ,      2548,   0.00101
25027~3052C ,      2547,   0.98994
25027~3035C ,      2898,   0.00662
25027~3035C ,      2867,   0.99471
25027~3035C ,      2905,   0.00462
25027~3035C ,      2904,   0.00221
25027~3035C ,      2992,   0.00044
25027~3035C ,      2872,   0.00981
25027~3035C ,      2980,   0.00323
25027~2992A ,      2970,   0.00033
25027~2992A ,      2977,   0.97887
25027~2992A ,      2978,   0.00165
25027~3036C ,      2956,   0.00064
25027~3036C ,      2946,   0.00831
25027~3036C ,      2947,   0.99603
25027~3036B ,      2543,   0.00043
25027~3036B ,      2546,   0.00075
25027~3036B ,      2956,   0.89271
25027~3036B ,      2947,   0.00340
25027~03044 ,      2883,   0.00103
25027~03044 ,      2944,   0.99623
25027~03043 ,      2921,   0.99353
25027~03043 ,      2915,   0.00050
25027~03043 ,      2927,   0.00034
25027~2996C ,      2959,   0.00275
25027~2996C ,      2951,   0.00099
25027~2996C ,      2921,   0.00092
25027~2996C ,      2917,   0.02154
25027~2996C ,      2932,   0.98627
25027~2996C ,      2925,   0.00323
25027~2996C ,      2953,   0.01335
25027~2997B ,      2916,   0.00264
25027~2997B ,      2917,   0.00773
25027~2997B ,      2915,   0.99093
25027~3013E ,      2870,   0.00396
25027~3013E ,      2979,   0.96219
25027~2992C ,      2879,   0.00138
25027~2992C ,      2970,   0.99706
25027~2992C ,      2975,   0.00050
25027~2992C ,      2977,   0.00949
25027~2992C ,      2978,   0.00703
25027~3002A ,      2966,   0.00114
25027~3002A ,      2882,   0.99612
25027~3002A ,      2945,   0.00032
25027~2992B ,      2977,   0.01121
25027~2992B ,      2978,   0.99132
25027~2958A ,      2689,   0.99805
25027~2958A ,      2692,   0.99946
25027~2958A ,      2693,   1.00000
25027~2958A ,      2697,   0.01062
25027~3003A ,      2959,   0.07329
25027~3003A ,      2912,   0.05820
25027~3003A ,      2932,   0.00057
25027~3003A ,      2925,   0.99569
25027~3003A ,      2911,   0.06850
25027~3003A ,      2949,   0.00326
25027~3003A ,      2933,   0.00169
25027~3003A ,      2931,   0.01510
25027~3003A ,      2976,   0.00762
25027~3034B ,      2762,   0.01348
25027~3034B ,      2735,   0.98648
25027~3034B ,      2738,   0.00070
25027~2995B ,      2924,   0.00043
25027~2995B ,      2558,   0.00238
25027~2995B ,      2919,   0.00321
25027~2995B ,      2861,   0.99222
25027~2995B ,      2916,   0.00353
25027~2995B ,      2914,   0.00049
25027~2995B ,      2860,   0.00128
25027~02861 ,      2791,   0.97329
25027~02861 ,      2786,   0.00269
25027~02864 ,      2791,   0.02238
25027~02864 ,      2786,   0.99461
25027~03007 ,      2791,   0.00072
25027~03007 ,      2860,   0.99872
25027~03007 ,      2908,   0.00043
25027~3005A ,      2919,   0.00802
25027~3005A ,      2861,   0.00056
25027~3005A ,      2916,   0.99383
25027~3005A ,      2914,   0.01818
25027~3005A ,      2915,   0.00202
25027~3013C ,      2868,   0.00039
25027~3013C ,      2870,   0.93521
25027~3013C ,      2979,   0.00591
25027~3012B ,      2865,   0.00342
25027~3012B ,      2913,   0.00070
25027~3012B ,      2973,   0.00213
25027~3012B ,      2880,   0.00056
25027~3012B ,      2975,   0.00449
25027~3012B ,      2976,   0.99085
25027~3012B ,      2977,   0.00043
25027~3011B ,      2910,   0.00038
25027~3011B ,      2923,   0.99559
25027~3011B ,      2924,   0.00043
25027~3011B ,      2969,   0.00492
25027~3011B ,      2972,   0.00155
25027~3031D ,      2587,   0.98485
25027~3031D ,      2739,   0.01727
25027~3031D ,      2588,   0.00679
25027~3003B ,      2933,   0.00225
25027~3003B ,      2931,   0.98274
25027~3004A ,      2742,   0.99953
25027~3004A ,      2733,   0.01105
25027~3004B ,      2733,   0.97324
25027~3056B ,      2942,   0.00153
25027~3056B ,      2943,   0.99909
25027~3056B ,      2944,   0.00034
25027~3056B ,      2946,   0.00025
25027~3030B ,      2571,   0.99722
25027~3030B ,      2580,   0.00227
25027~3030B ,      2572,   0.00166
25027~03024 ,      3002,   0.99167
25027~2993D ,      2907,   0.01906
25027~2993D ,      2578,   0.99780
25027~2993D ,      2545,   0.00055
25027~3055A ,      2881,   0.00047
25027~3055A ,      2883,   0.98871
25027~3055A ,      2944,   0.00343
25027~2993A ,      2881,   0.00047
25027~2993A ,      2907,   0.98094
25027~2993A ,      2545,   0.00331
25027~03026 ,      2997,   0.89408
25027~03026 ,      2998,   0.00416
25027~3037B ,      2549,   0.99749
25027~3037B ,      2543,   0.00130
25027~3037B ,      2544,   0.00101
25027~03023 ,      2905,   0.04622
25027~03023 ,      2984,   0.00065
25027~03023 ,      2985,   0.99957
25027~03023 ,      2989,   0.92596
25027~03045 ,      2586,   0.99782
25027~03045 ,      3002,   0.00040
25027~02799 ,      2838,   1.00000
25027~02799 ,      2575,   0.99930
25027~03018 ,      2996,   1.00000
25027~03018 ,      2991,   0.99939
25027~03018 ,      2997,   0.00248
25027~03019 ,      2981,   1.00000
25027~03019 ,      2983,   1.00000
25027~03019 ,      2982,   1.00000
25027~03019 ,      2985,   0.00043
25027~03020 ,      2577,   1.00000
25027~03020 ,      2840,   0.02602
25027~2908A ,      2849,   0.00272
25027~2908A ,      2848,   0.99219
25027~2908A ,      2845,   0.00051
25027~03022 ,      2905,   0.94838
25027~03022 ,      2980,   0.01578
25027~03022 ,      2989,   0.07404
25027~2993C ,      2578,   0.00147
25027~2993C ,      2545,   0.99613
25027~03016 ,      2903,   0.00832
25027~03016 ,      2900,   1.00000
25027~03016 ,      2999,   1.00000
25027~03016 ,      2901,   1.00000
25027~03016 ,      2902,   1.00000
25027~03016 ,      2906,   0.99708
25027~03016 ,      2904,   0.08544
25027~03016 ,      3004,   1.00000
25027~03016 ,      3005,   1.00000
25027~02994 ,      2987,   1.00000
25027~02994 ,      3001,   0.00085
25027~02994 ,      3000,   0.99657
25027~02984 ,      3001,   0.99873
25027~02981 ,      2990,   0.99957
25027~02981 ,      2988,   0.00043
25027~02981 ,      2984,   0.99935
25027~02986 ,      2993,   0.00045
25027~02986 ,      2988,   0.99957
25027~03001 ,      2993,   0.99866
25027~03001 ,      3001,   0.00042
25027~02987 ,      2835,   0.00094
25027~02987 ,      3000,   0.00343
25027~02987 ,      2840,   0.97342
25027~02987 ,      2839,   1.00000
25027~02988 ,      2835,   0.99906
25027~02988 ,      2840,   0.00055
25027~02989 ,      2885,   1.00000
25027~02989 ,      2990,   0.00043
25027~02862 ,      2909,   0.00042
25027~02862 ,      2784,   0.99952
25027~02862 ,      2786,   0.00269
25027~02859 ,      2787,   0.00036
25027~02859 ,      2783,   0.99964
25027~02859 ,      2784,   0.00048
25027~02857 ,      2877,   0.00028
25027~02857 ,      2862,   0.00075
25027~02857 ,      2787,   0.99928
25027~02857 ,      2909,   0.99958
25027~02991 ,      2862,   0.99623
25027~02991 ,      2908,   0.00640
25027~03039 ,      2878,   1.00000
25027~03039 ,      2857,   0.85298
25027~03039 ,      2879,   0.00275
25027~3030A ,      2571,   0.00199
25027~3030A ,      2580,   0.01043
25027~3030A ,      2572,   0.99446
25027~02909 ,      2859,   1.00000
25027~02909 ,      2875,   0.99959
25027~02909 ,      2874,   0.03527
25027~02907 ,      2875,   0.00041
25027~02907 ,      2874,   0.96473
25017~1145A ,      2294,   0.00049
25017~1145A ,      1592,   0.99863
25017~1145A ,      1593,   0.00447
25017~1145A ,      1594,   0.00069
25027~2789B ,      2877,   0.00028
25027~2789B ,      2847,   0.00074
25027~2789B ,      2856,   0.99872
25027~2966B ,      2773,   0.64711
25027~2966B ,      3013,   0.00717
25027~2966B ,      3015,   0.00089
25027~2966B ,      2774,   0.00232
25027~2966B ,      2772,   0.00216
25027~2966B ,      3037,   0.00047
25027~02983 ,      2903,   0.99043
25027~02983 ,      2898,   0.03908
25027~02983 ,      2904,   0.00221
25027~02906 ,      2886,   0.99344
25027~02905 ,      2887,   1.00000
25027~02905 ,      2903,   0.00042
25027~02905 ,      2876,   0.99959
25027~02905 ,      2886,   0.00656
25027~02904 ,      2834,   1.00000
25027~02904 ,      2876,   0.00041
25027~02897 ,      2831,   1.00000
25027~02897 ,      2837,   0.00090
25027~02728 ,      2836,   1.00000
25027~02728 ,      2837,   0.99910
25027~02903 ,      2873,   0.99961
25027~02903 ,      3008,   0.00039
25027~02901 ,      3007,   0.00046
25027~02901 ,      3008,   0.99961
25027~02900 ,      2873,   0.00039
25027~02900 ,      2824,   0.99970
25027~02900 ,      2849,   0.00388
25027~02900 ,      2826,   0.00049
25027~02899 ,      2853,   1.00000
25027~02899 ,      3007,   0.99954
25027~02898 ,      2832,   1.00000
25027~02898 ,      3006,   1.00000
25027~02802 ,      2585,   1.00000
25027~02802 ,      2584,   0.99781
25027~02802 ,      2539,   0.00042
25027~02802 ,      2576,   1.00000
25027~02802 ,      2830,   1.00000
25027~02959 ,      2842,   0.99480
25027~02959 ,      2843,   0.99819
25027~02959 ,      2828,   1.00000
25027~02959 ,      2584,   0.00219
25027~02961 ,      2827,   1.00000
25027~02961 ,      3009,   0.99958
25027~02961 ,      3010,   0.52896
25027~02960 ,      2820,   0.00033
25027~02960 ,      2829,   1.00000
25027~02960 ,      2842,   0.00472
25027~02960 ,      2843,   0.00181
25027~02960 ,      2993,   0.00089
25027~02960 ,      3009,   0.00042
25027~02960 ,      3010,   0.47104
25027~02929 ,      3065,   1.00000
25027~02929 ,      3066,   0.99957
25027~02929 ,      3056,   0.00074
25027~02929 ,      2842,   0.00047
25027~02727 ,      2855,   0.00040
25027~02727 ,      2833,   1.00000
25027~02727 ,      2852,   0.00063
25027~02726 ,      2820,   0.99967
25027~02931 ,      2239,   0.00046
25027~02931 ,      2237,   0.00034
25027~02931 ,      3040,   1.00000
25027~02931 ,      3066,   0.00043
25027~02739 ,      2239,   0.00138
25027~02739 ,      2246,   0.96659
25027~02739 ,      2247,   0.17320
25027~02739 ,      2244,   0.15690
25027~02739 ,      2241,   0.52798
25027~02811 ,      2238,   0.00039
25027~02811 ,      2239,   0.83869
25027~02811 ,      2240,   0.00580
25027~02811 ,      2241,   0.00138
25027~3027A ,      2549,   0.00050
25027~3027A ,      2542,   0.99432
25027~3027A ,      2547,   0.00044
25027~3027A ,      2546,   0.00038
25027~2966A ,      3015,   0.00398
25027~2966A ,      2774,   0.99351
25027~2966A ,      2775,   0.00034
25027~2966A ,      2844,   0.03394
25027~2966A ,      3019,   0.00054
25027~02902 ,      2824,   0.00030
25027~02902 ,      3030,   0.99934
25027~02902 ,      2841,   0.00562
25027~02902 ,      2826,   0.99951
25027~02902 ,      2825,   1.00000
25027~02902 ,      2851,   1.00000
25027~02872 ,      2855,   0.01044
25027~02872 ,      2852,   0.98902
25027~02872 ,      3022,   0.80786
25027~02872 ,      3031,   1.00000
25027~02872 ,      3030,   0.00066
25027~02872 ,      3021,   1.00000
25027~02872 ,      3020,   0.00472
25027~02872 ,      3035,   0.00046
25027~02872 ,      3034,   1.00000
25027~02872 ,      3032,   0.98570
25027~02872 ,      3033,   0.00501
25027~02875 ,      3028,   0.00071
25027~02875 ,      3012,   0.00147
25027~02875 ,      3023,   0.01121
25027~02875 ,      3020,   0.99142
25027~02875 ,      3032,   0.01387
25027~02875 ,      3033,   0.00116
25027~02874 ,      2821,   0.07663
25027~02874 ,      2854,   0.98384
25027~02874 ,      2823,   0.00419
25027~02874 ,      3025,   0.97179
25027~02874 ,      2852,   0.01035
25027~02874 ,      3024,   1.00000
25027~02874 ,      3026,   1.00000
25027~02874 ,      3027,   0.99512
25027~02874 ,      3028,   0.00748
25027~02874 ,      3023,   0.98879
25027~02874 ,      3022,   0.19214
25027~02874 ,      3020,   0.00257
25027~2964D ,      3014,   0.00171
25027~2964D ,      2773,   0.00093
25027~2964D ,      2771,   0.99547
25027~2964D ,      3013,   0.00151
25027~2964D ,      2300,   0.00077
25027~2964D ,      3038,   0.01479
25027~2967B ,      3029,   0.97973
25027~2967B ,      3016,   0.00485
25027~2967B ,      3035,   0.00046
25027~2965A ,      2774,   0.00093
25027~2965A ,      2775,   0.99553
25027~2965A ,      2844,   0.01147
25027~02968 ,      3012,   0.94600
25027~02968 ,      3036,   0.96861
25027~02968 ,      3011,   0.98840
25027~02968 ,      3020,   0.00043
25027~02968 ,      3013,   0.00038
25027~02968 ,      3015,   0.00221
25027~02968 ,      3037,   0.00047
25027~02873 ,      2822,   0.00760
25027~02873 ,      2854,   0.01616
25027~02873 ,      2261,   0.00209
25027~02873 ,      3025,   0.02782
25027~02873 ,      2768,   0.99292
25027~02873 ,      3028,   0.99181
25027~02873 ,      3012,   0.00073
25027~02873 ,      3020,   0.00086
25027~02873 ,      2265,   0.00393
25027~02969 ,      2767,   0.99902
25027~02969 ,      3012,   0.05180
25027~02969 ,      2766,   0.99556
25027~02969 ,      3036,   0.03139
25027~2964C ,      3014,   0.00484
25027~2964C ,      3013,   0.99056
25017~1485A ,      2266,   0.94737
25017~1485A ,      2265,   0.00280
25017~1498A ,      2267,   0.00258
25017~1498A ,      2268,   0.99412
25017~1498A ,      2269,   0.00105
25027~02870 ,      2855,   0.98755
25027~02870 ,      3039,   0.01245
25027~02870 ,      2823,   0.99488
25027~02870 ,      3027,   0.00293
25027~02871 ,      2855,   0.00161
25027~02871 ,      3039,   0.98755
25027~02871 ,      2259,   0.00096
25027~02871 ,      2822,   0.98812
25027~02871 ,      2821,   0.92290
25027~02871 ,      2823,   0.00093
25027~02871 ,      3025,   0.00039
25027~02871 ,      2768,   0.00708
25027~02871 ,      3027,   0.00195
25027~02718 ,      2250,   0.00045
25027~02718 ,      2303,   0.41719
25027~02718 ,      2304,   0.91288
25027~02718 ,      2302,   0.00216
25027~02717 ,      2304,   0.00167
25027~02717 ,      2302,   0.99784
25027~02740 ,      2246,   0.03341
25027~02740 ,      2247,   0.00424
25027~02740 ,      2244,   0.84236
25027~02740 ,      2242,   0.00067
25027~02740 ,      2245,   0.62100
25027~02741 ,      2244,   0.00074
25027~02741 ,      2242,   0.05930
25027~02741 ,      2241,   0.46972
25027~02742 ,      2243,   0.00860
25027~02742 ,      2242,   0.93497
25027~02742 ,      2241,   0.00092
25027~02738 ,      2226,   0.00090
25027~02738 ,      2247,   0.82256
25027~02738 ,      2243,   0.99095
25027~02738 ,      2242,   0.00505
25027~02738 ,      2245,   0.37900
25027~02809 ,      2221,   0.00301
25027~02809 ,      2236,   0.05525
25027~02809 ,      2238,   0.91988
25027~02809 ,      2239,   0.06572
25027~02809 ,      2237,   0.08359
25027~02809 ,      2243,   0.00045
25027~02809 ,      2240,   0.99420
25017~01500 ,      2258,   0.04550
25017~01500 ,      2259,   0.99808
25017~01500 ,      2822,   0.00380
25017~01500 ,      2821,   0.00047
25017~01497 ,      2258,   0.93571
25027~02719 ,      2303,   0.58281
25027~02719 ,      2304,   0.08545
25027~2724A ,      2227,   0.00081
25027~2724A ,      2226,   0.99910
25017~01491 ,      2260,   0.98089
25017~01491 ,      2258,   0.01484
25017~01372 ,      2209,   0.01080
25017~01372 ,      2207,   0.35759
25017~01372 ,      2215,   0.00157
25017~01372 ,      2206,   0.74514
25017~01372 ,      2205,   0.99320
25017~01372 ,      2233,   0.00134
25017~01595 ,      2208,   0.00039
25017~01595 ,      2207,   0.00096
25017~01595 ,      2232,   0.57158
25017~01595 ,      2231,   0.00560
25017~01373 ,      2208,   0.00621
25017~01373 ,      2209,   0.98719
25017~01373 ,      2207,   0.10053
25017~01373 ,      2206,   0.10651
25017~01594 ,      2232,   0.03346
25017~01594 ,      2231,   0.55965
25017~01594 ,      2230,   0.01575
25017~01592 ,      2231,   0.00480
25017~01592 ,      2230,   0.41644
25017~01598 ,      2228,   0.72418
25017~01597 ,      2229,   0.00128
25017~01597 ,      2231,   0.42594
25017~01597 ,      2228,   0.15844
25017~01597 ,      2230,   0.02651
25017~01593 ,      2229,   0.99362
25017~01593 ,      2231,   0.00400
25017~01593 ,      2228,   0.11738
25017~01593 ,      2230,   0.00038
25001~00144 ,      3792,   0.99218
25001~00144 ,      3796,   0.00063
25001~00162 ,      3799,   0.80753
25009~0829A ,       812,   0.00432
25009~0829A ,       810,   0.94887
25009~0829A ,       820,   0.00343
25009~0829A ,       809,   0.08376
25009~0829A ,       808,   0.18446
25009~0829A ,       822,   0.01214
25009~00837 ,       812,   0.27012
25009~00834 ,       806,   0.03528
25009~00834 ,       811,   0.99927
25009~00834 ,       802,   0.03202
25009~00828 ,       833,   0.00277
25009~00828 ,       829,   0.00763
25009~00828 ,       814,   0.99698
25009~00828 ,       832,   0.01164
25009~00828 ,       806,   0.02205
25009~00828 ,       807,   0.00861
25009~00835 ,       806,   0.05182
25017~1711A ,       991,   0.99285
25017~1711A ,       990,   0.00063
25017~1711A ,       992,   0.00634
25017~1711A ,       981,   0.00078
25009~0598A ,      1251,   0.99480
25009~0598A ,      1241,   0.00200
25009~0855A ,      1200,   0.42795
25009~0855A ,       834,   0.01774
25017~1724A ,       962,   0.99925
25017~1724A ,       964,   0.00635
25017~1724A ,       961,   0.00616
25017~1724A ,       963,   0.00788
25009~00830 ,       807,   0.98595
25009~00830 ,      1197,   0.00085
25017~1705C ,       976,   0.00381
25017~1705C ,       975,   0.00075
25017~1705C ,       968,   0.36163
25017~1705C ,       966,   0.99542
25009~00698 ,       807,   0.00544
25009~00698 ,       794,   0.97908
25009~00698 ,       785,   0.02772
25009~00698 ,       795,   0.00173
25009~00698 ,       790,   0.02403
25009~0783A ,      1215,   0.94959
25009~0783A ,      1214,   0.01660
25009~0800A ,      1204,   0.00073
25009~0800A ,      1230,   0.98980
25009~0800A ,      1228,   0.00711
25009~0797A ,      1224,   0.00070
25009~0797A ,      1222,   0.38256
25009~0797A ,      1223,   0.00183
25009~00792 ,      1225,   0.97143
25009~00792 ,      1206,   0.00549
25009~00793 ,      1227,   0.00428
25009~00793 ,      1229,   0.99528
25009~00793 ,      1228,   0.00036
25009~0591A ,      1248,   0.00198
25009~0591A ,      1249,   0.99200
25009~00752 ,      1254,   0.00057
25009~00752 ,      1252,   0.99862
25009~00752 ,      1230,   0.00952
25009~00752 ,      1253,   0.00394
25009~00752 ,      1246,   0.00512
25009~00785 ,      1227,   0.00122
25009~00785 ,      1226,   0.99956
25009~00785 ,      1229,   0.00429
25009~00785 ,      1225,   0.01304
25009~00799 ,      1227,   0.80845
25009~00799 ,      1224,   0.00035
25009~00799 ,      1225,   0.00062
25009~00768 ,      1972,   0.00034
25009~00768 ,      1973,   0.99658
25009~00768 ,      1974,   0.00076
25009~00768 ,      1969,   0.10794
25009~00545 ,      1994,   0.00190
25009~00545 ,      1991,   0.88283
25009~0549B ,      1987,   0.00499
25009~0549B ,      1990,   0.60106
25009~0543A ,      1988,   0.94314
25009~0543A ,      1989,   0.00145
25009~00547 ,      1973,   0.00213
25009~00547 ,      1991,   0.00239
25009~00547 ,      1986,   0.74307
25009~00547 ,      1985,   0.00187
25009~0728A ,      1996,   0.93089
25009~00544 ,      1992,   0.07393
25009~00544 ,      1988,   0.05480
25009~00544 ,      1989,   0.93446
25009~0550A ,      1986,   0.00041
25009~0550A ,      1985,   0.73834
25009~0550A ,      1984,   0.00034
25009~00551 ,      4582,   0.00035
25009~00551 ,      1984,   0.99966
25009~00551 ,      1988,   0.00082
25009~0622B ,      1977,   0.69697
25009~0622B ,      1978,   0.00154
25009~0805A ,      1948,   0.10511
25009~0805A ,      1942,   0.00935
25009~0759A ,      1968,   0.15867
25009~0759A ,      1967,   0.00040
25009~0759A ,      1966,   0.00318
25009~0761B ,      1972,   0.00241
25009~0761B ,      1968,   0.00343
25009~0761B ,      1969,   0.86422
25009~0761B ,      1971,   0.00449
25009~00767 ,      1967,   0.35098
25009~00767 ,      1970,   0.00193
25009~00767 ,      1965,   0.00044
25009~0824A ,      1981,   0.04011
25009~00766 ,      1968,   0.00245
25009~00766 ,      1967,   0.00040
25009~00766 ,      1965,   0.00044
25009~00766 ,      1966,   0.51608
25009~00760 ,      1967,   0.02888
25009~00760 ,      1964,   0.54133
25009~00760 ,      1965,   0.97294
25009~00760 ,      1966,   0.00079
25009~0552A ,      1992,   0.22053
25017~01189 ,      1346,   0.00040
25017~01189 ,      1401,   0.15779
25017~01189 ,      1402,   0.99963
25017~01189 ,      1400,   0.00213
25017~01189 ,      1403,   0.01551
25017~01210 ,      1380,   0.00291
25017~01210 ,      1368,   0.99616
25017~01210 ,      1369,   0.02028
25017~01210 ,       960,   0.00043
25017~1190B ,      1387,   0.99301
25017~1190B ,      1419,   0.00048
25017~1190B ,      1391,   0.03754
25017~01204 ,      1364,   0.85788
25017~01204 ,      1368,   0.00256
25017~1531A ,       815,   0.00060
25017~1531A ,       816,   0.99528
25017~1531A ,       817,   0.00095
25017~1651B ,       843,   0.03634
25017~1212A ,      1386,   0.99617
25017~1212A ,      1381,   0.00050
25017~1212A ,      1385,   0.00189
25017~01209 ,      1380,   0.99709
25017~01209 ,      1379,   0.00060
25017~1190A ,      1388,   0.42331
25017~1190A ,      1381,   0.00050
25017~1190A ,      1387,   0.00699
25017~1190A ,      1391,   0.09588
25017~01199 ,      1364,   0.13533
25017~01199 ,      1365,   0.99602
25017~1651A ,       843,   0.45344
25017~1800A ,       872,   0.00558
25017~1800A ,       870,   0.22405
25017~1800A ,       871,   0.97107
25017~1800A ,       873,   0.09258
25017~1800A ,       874,   0.00047
25017~01205 ,      1365,   0.00284
25017~01205 ,      1366,   0.80909
25017~1800B ,       872,   0.04659
25017~1800B ,       870,   0.22625
25017~1800B ,       871,   0.00140
25017~01791 ,      1366,   0.00097
25017~01791 ,       885,   0.97242
25017~01791 ,       886,   0.00324
25017~01791 ,       884,   0.00540
25017~01206 ,      1383,   0.01182
25017~01206 ,      1375,   0.01790
25017~01206 ,      1366,   0.18898
25017~01206 ,      1367,   1.00000
25017~01206 ,       877,   0.00315
25017~01208 ,      1376,   1.00000
25017~1196A ,      1374,   0.99960
25017~1196A ,      1375,   0.00438
25017~01203 ,      1384,   0.99659
25017~01203 ,      1383,   0.04279
25017~01200 ,       872,   0.00040
25017~01200 ,      1384,   0.00341
25017~01200 ,      1383,   0.94417
25017~01200 ,       873,   0.00084
25017~01188 ,      1401,   0.00913
25017~01188 ,      1400,   0.31343
25017~01188 ,      1389,   0.00062
25017~01188 ,      1399,   0.34300
25017~01188 ,      1390,   0.19298
25017~01192 ,      1401,   0.49924
25017~01192 ,      1400,   0.53348
25017~01192 ,      1389,   0.00749
25017~01192 ,      1291,   0.00241
25017~01192 ,      1398,   0.00037
25017~1177A ,      1392,   0.37358
25017~1177A ,      1393,   0.00036
25017~01173 ,      1401,   0.32623
25017~01173 ,      1291,   0.00161
25017~01672 ,      1346,   0.47800
25017~01671 ,      1346,   0.08125
25017~01671 ,      1345,   0.24146
25017~01671 ,      1343,   0.02411
25017~01670 ,      1347,   0.90194
25017~01670 ,      1345,   0.42065
25017~1176A ,      1400,   0.14925
25017~1176A ,      1399,   0.29533
25017~1176A ,      1398,   0.99963
25017~1176A ,      1403,   0.46561
25017~1176A ,      1397,   0.99957
25017~1176A ,      1396,   0.00033
25017~1211A ,      1374,   0.00040
25017~1211A ,      1377,   0.99749
25017~1211A ,      1375,   0.00278
25017~1177B ,      1392,   0.00390
25017~1177B ,      1393,   0.00109
25017~1177B ,      1399,   0.00147
25017~1177B ,      1391,   0.19720
25017~01669 ,      1345,   0.33789
25017~01669 ,      1343,   0.70926
25017~01668 ,      1343,   0.26615
25017~01668 ,      1293,   0.00044
25017~01668 ,      1291,   0.00040
25017~01402 ,       952,   0.00244
25017~01402 ,       951,   0.83380
25017~01397 ,       947,   0.00093
25017~01397 ,       951,   0.00055
25017~01397 ,       948,   0.99552
25017~01397 ,       944,   0.00688
25017~01406 ,       953,   0.08485
25017~01406 ,       952,   0.96999
25017~01406 ,       951,   0.00443
25017~1401A ,       958,   0.00728
25017~1401A ,       953,   0.00089
25017~1401A ,       951,   0.00443
25017~1401A ,       950,   0.98976
25017~1401A ,       955,   0.02987
25017~1394A ,       947,   0.02362
25017~1394A ,       946,   0.00101
25017~1394A ,       944,   0.05197
25017~1394A ,       945,   0.98362
25017~1394A ,       903,   0.00051
25017~01168 ,       918,   0.83801
25017~01168 ,       917,   0.07634
25017~1405B ,      1364,   0.00559
25017~1405B ,       947,   0.97406
25017~1405B ,       888,   0.00046
25017~1405B ,       946,   0.00151
25017~1405B ,       952,   0.00837
25017~1405B ,       948,   0.00448
25017~01134 ,       945,   0.00229
25017~01134 ,       907,   0.01579
25017~01134 ,       901,   0.98922
25017~1136B ,       902,   0.98870
25017~1782A ,       885,   0.01742
25017~1782A ,       884,   0.00585
25017~1782A ,       877,   0.97687
25005~0290A ,      3266,   0.99478
25005~0290A ,      3275,   0.00550
25021~01882 ,      1067,   0.00121
25021~01882 ,      1061,   0.04061
25021~01882 ,      1063,   0.99762
25021~01882 ,      1064,   0.06005
25021~01882 ,      1062,   0.05409
25021~01878 ,      1674,   0.00157
25021~01878 ,      1067,   0.99272
25021~01878 ,      1068,   0.10043
25021~01879 ,      1674,   0.00079
25021~01879 ,      1067,   0.00061
25021~01879 ,      1068,   0.88783
25025~2509D ,       436,   0.00103
25025~2509D ,       437,   0.02438
25025~2509D ,       438,   0.99023
25025~2509D ,       445,   0.00153
25021~01889 ,       421,   0.00062
25021~01889 ,      1059,   0.95987
25021~01889 ,      1060,   0.04306
25021~01889 ,      1058,   0.01019
25021~01885 ,      1055,   0.00049
25021~01885 ,      1056,   0.94022
25021~01885 ,      1059,   0.00482
25021~01885 ,      1060,   0.00227
25021~01886 ,      1059,   0.02970
25021~01886 ,      1060,   0.95331
25021~01886 ,       422,   0.01059
25021~01877 ,      1052,   0.99877
25021~01877 ,      1054,   0.01352
25021~01877 ,      1497,   0.00176
25021~01877 ,      1053,   0.00239
25021~01871 ,      1674,   0.99764
25021~01871 ,      1676,   0.01664
25021~01871 ,      1067,   0.00061
25021~01871 ,      1068,   0.00609
25025~02520 ,      1068,   0.00043
25025~02520 ,       419,   0.00044
25025~02520 ,       420,   0.98990
25025~02520 ,       421,   0.00247
25025~02520 ,       417,   0.02035
25025~02518 ,      1068,   0.00087
25025~02518 ,       421,   0.94129
25021~1887A ,      1052,   0.00082
25021~1887A ,      1054,   0.00517
25021~1887A ,      1056,   0.00396
25021~1887A ,      1497,   0.00106
25021~1887A ,      1053,   0.97928
25021~1887A ,       437,   0.00318
25021~1887A ,      1504,   0.00074
25021~1887A ,       444,   0.00139
25021~1887A ,       446,   0.00048
25025~2379B ,       434,   0.00571
25025~2379B ,       428,   0.99079
25025~2379B ,       416,   0.03007
25025~2379B ,       431,   0.00145
25025~2379B ,       439,   0.00086
25025~02512 ,       413,   0.98858
25025~02512 ,       428,   0.00773
25025~02512 ,       412,   0.00039
25025~02512 ,       427,   0.00045
25025~2379A ,       436,   0.00379
25025~2379A ,       434,   0.98605
25025~2379A ,       422,   0.06211
25025~2379A ,       428,   0.00147
25025~2379A ,       435,   0.00086
25025~2379A ,       439,   0.00129
25025~2647A ,       268,   0.00671
25025~2647A ,       279,   0.01770
25025~2647A ,       735,   0.00129
25025~2647A ,       261,   0.08369
25025~2647A ,       262,   0.92482
25021~1887B ,      1052,   0.00041
25021~1887B ,      1054,   0.97336
25021~1887B ,      1056,   0.04671
25021~1887B ,      1053,   0.00199
25025~02359 ,      1071,   0.00040
25025~02359 ,       414,   0.16102
25025~02359 ,       418,   0.00154
25009~00794 ,      1227,   0.00306
25009~00794 ,      1224,   0.43702
25009~00794 ,      1225,   0.01366
25009~00596 ,      1252,   0.00092
25009~00596 ,      1243,   0.01411
25009~00596 ,      1246,   0.99284
25009~00596 ,      1248,   0.00198
25009~00596 ,      1247,   0.00446
25009~00604 ,      1243,   0.02503
25009~00604 ,      1246,   0.00153
25009~00604 ,      1248,   0.00119
25009~00604 ,      1247,   0.99554
25009~00753 ,      1253,   0.51437
25009~00753 ,      1248,   0.00238
25009~0594B ,      1235,   0.99677
25009~0594B ,      1234,   0.00498
25017~1726A ,       980,   0.99211
25017~1726A ,       979,   0.00039
25017~1726A ,       981,   0.00933
25017~1726A ,       978,   0.00296
25017~1726A ,       976,   0.00152
25009~00704 ,       784,   0.00042
25009~00704 ,       794,   0.02050
25009~00704 ,       785,   0.95973
25009~00704 ,       790,   0.87056
25009~00704 ,       787,   0.01576
25009~00704 ,       786,   0.00033
25009~00704 ,       793,   0.00282
25009~00711 ,      1206,   0.00092
25009~00711 ,       795,   0.99653
25009~00711 ,       790,   0.07810
25009~00711 ,      1205,   0.00368
25009~00711 ,       793,   0.11066
25009~00706 ,       787,   0.00069
25009~00706 ,       791,   0.00206
25009~00706 ,       789,   0.99948
25017~1464A ,       529,   0.01111
25017~1464A ,       531,   0.00249
25017~1464A ,       532,   0.96930
25009~00693 ,       791,   0.99588
25009~00693 ,       789,   0.00052
25009~00693 ,       793,   0.10624
25009~00693 ,       792,   0.02349
25009~00701 ,       790,   0.01912
25009~00701 ,       793,   0.77948
25009~00701 ,       792,   0.00037
25009~00694 ,       791,   0.00165
25009~00694 ,       793,   0.00080
25009~00694 ,       792,   0.97615
25009~00694 ,      1152,   0.00056
25009~00694 ,      1140,   0.00100
25009~00694 ,       781,   0.05247
25009~0806A ,      1947,   0.00116
25009~0806A ,      1950,   0.37169
25009~0806A ,      1949,   0.00067
25009~0789A ,      1208,   0.00866
25009~0789A ,      1207,   0.76553
25009~0789A ,      1214,   0.00049
25009~0787A ,      1225,   0.00124
25009~0787A ,      1206,   0.84577
25009~0787A ,      1215,   0.00932
25009~0787A ,      1207,   0.00189
25009~00790 ,      1216,   0.99311
25009~00790 ,      1217,   0.09056
25017~1528B ,       821,   0.00036
25017~1528B ,       810,   0.00059
25017~1528B ,       820,   0.00114
25017~1528B ,       822,   0.98370
25009~0840A ,       803,   0.00211
25009~0840A ,       804,   0.00102
25009~0840A ,       799,   0.99749
25009~0840A ,       800,   0.00477
25009~0840A ,       798,   0.00112
25009~00696 ,       777,   0.00046
25009~00696 ,       779,   0.98848
25009~00696 ,       780,   0.00044
25009~00699 ,       779,   0.00701
25009~00699 ,       762,   0.00045
25009~00699 ,       780,   0.00132
25009~00699 ,       764,   0.99960
25017~1528A ,       819,   0.01549
25017~1528A ,       820,   0.98667
25017~1528A ,       817,   0.00032
25017~1528A ,       822,   0.00416
25009~00843 ,      1151,   0.00041
25009~00843 ,      1140,   0.99602
25009~00843 ,       780,   0.00833
25009~00843 ,      1137,   0.00069
25009~00843 ,      1138,   0.26200
25009~00843 ,      1139,   0.08907
25009~0842B ,      1136,   0.00299
25009~0842B ,      1137,   0.00069
25009~0842B ,      1134,   0.97561
25009~0842B ,      1135,   0.03427
25009~0809A ,      1153,   0.00126
25009~0809A ,      1150,   0.00103
25009~0809A ,      1158,   0.99436
25009~0809A ,      1157,   0.00305
25009~00818 ,      1152,   0.99720
25009~00818 ,      1151,   0.00207
25009~00780 ,      1219,   0.04010
25009~00780 ,      1217,   0.90434
25009~00780 ,      1210,   0.00049
25009~00784 ,      1208,   0.00908
25009~00784 ,      1152,   0.00056
25009~00784 ,      1156,   0.00054
25009~00784 ,      1211,   0.00040
25009~00784 ,      1210,   0.00198
25009~00784 ,      1209,   0.99952
25009~00786 ,      1217,   0.00085
25009~00786 ,      1211,   0.00359
25009~00786 ,      1210,   0.99753
25009~00786 ,      1218,   0.02007
25009~00816 ,      1151,   0.00083
25009~00816 ,      1154,   0.99256
25009~00816 ,      1156,   0.00378
25009~00816 ,      1155,   0.09524
25009~00816 ,      1209,   0.00048
25009~00782 ,      1211,   0.99521
25009~00782 ,      1212,   0.00039
25017~1567B ,      1030,   0.01028
25017~1567B ,      1029,   0.99678
25017~1567B ,      1031,   0.01064
25017~1567B ,      1025,   0.00039
25017~1567B ,      1028,   0.00034
25017~1567B ,      1027,   0.00045
25017~01790 ,       874,   0.07093
25017~01790 ,       875,   0.99827
25017~01790 ,       876,   0.80057
25017~01787 ,       864,   0.02055
25017~01787 ,       862,   0.96321
25017~01787 ,       875,   0.00138
25017~01787 ,       876,   0.00683
25017~01787 ,       879,   0.00339
25017~01787 ,       861,   0.00114
25017~01786 ,       866,   0.03375
25017~01786 ,       865,   1.00000
25017~01786 ,       870,   0.00769
25017~01786 ,       864,   0.00037
25017~01786 ,       863,   1.00000
25017~01786 ,       862,   0.01840
25017~01786 ,       875,   0.00035
25017~01784 ,       862,   0.00088
25017~01784 ,       861,   0.99716
25017~01784 ,       883,   0.00165
25017~01784 ,       856,   0.00037
25017~01779 ,       845,   0.00063
25017~01779 ,       861,   0.00114
25017~01779 ,       856,   0.99411
25017~01779 ,       855,   0.01927
25017~01785 ,       867,   0.02062
25017~01785 ,       864,   0.97835
25017~01785 ,       862,   0.01577
25017~01785 ,       852,   0.00042
25017~01655 ,       851,   0.00203
25017~01655 ,       846,   0.23624
25017~01655 ,       864,   0.00037
25017~01655 ,       862,   0.00175
25017~01655 ,       852,   0.97459
25017~01655 ,       861,   0.00057
25017~1653A ,       850,   0.00032
25017~1653A ,       849,   0.99555
25017~1653A ,       847,   0.00034
25017~1653A ,       848,   0.00076
25017~01797 ,       866,   0.18784
25017~01797 ,       867,   0.91163
25017~01797 ,      1267,   0.00058
25017~01797 ,       868,   0.30100
25017~1653B ,       849,   0.00395
25017~1653B ,       848,   0.73026
25017~01605 ,      1269,   0.00328
25017~01605 ,      1268,   0.99929
25017~1191B ,      1389,   0.00187
25017~1191B ,      1388,   0.57296
25017~1765B ,      1292,   0.00047
25017~1765B ,      1291,   0.00241
25017~1765B ,      1290,   0.99789
25017~1765B ,      1388,   0.00140
25017~1765A ,      1401,   0.00761
25017~1765A ,      1343,   0.00048
25017~1765A ,      1389,   0.00125
25017~1765A ,      1291,   0.96183
25017~1765A ,      1290,   0.00211
25017~01769 ,      1297,   0.49976
25017~01769 ,      1326,   0.00073
25017~01603 ,      1284,   0.00489
25017~01603 ,      1276,   0.90568
25017~01603 ,      1275,   0.00045
25017~1589A ,      1279,   0.99211
25017~1589A ,      1280,   0.00407
25017~01586 ,      1284,   0.00533
25017~01586 ,      1282,   0.93128
25017~01586 ,      1283,   0.00643
25017~01586 ,      1279,   0.00072
25017~01649 ,       846,   0.76376
25017~01649 ,       845,   0.99906
25017~01649 ,       852,   0.00127
25017~01649 ,       856,   0.00037
25017~01652 ,       845,   0.00031
25017~01652 ,       849,   0.00049
25017~01652 ,       847,   0.99898
25017~1795B ,       866,   0.77841
25017~1795B ,       867,   0.00147
25017~1795B ,       868,   0.00142
25017~01654 ,       844,   1.00000
25017~01654 ,       842,   0.00034
25017~01654 ,       847,   0.00068
25017~01654 ,       843,   0.23261
25017~01654 ,       826,   0.00154
25017~01654 ,       848,   0.26746
25017~01529 ,       825,   0.99769
25017~01529 ,       818,   0.00031
25017~01529 ,       826,   0.00115
25017~1414A ,      1415,   0.00051
25017~1414A ,      1469,   0.00055
25017~1414A ,      1414,   0.99571
25017~1414A ,      1436,   0.00037
25017~01606 ,      1266,   1.00000
25017~01606 ,      1272,   0.00188
25017~01606 ,      1271,   0.00487
25017~1607B ,       867,   0.00074
25017~1607B ,       864,   0.00037
25017~1607B ,      1267,   0.99708
25017~1607B ,      1265,   0.00190
25017~1602A ,      1273,   0.29389
25017~1607C ,      1267,   0.00233
25017~1607C ,      1265,   0.99620
25017~1607C ,       840,   0.00082
25017~01699 ,       838,   0.99800
25017~01699 ,       840,   0.00371
25017~01699 ,       835,   0.13168
25017~01699 ,       839,   0.35031
25017~01699 ,       836,   0.00089
25017~01702 ,       838,   0.00150
25017~01702 ,       840,   0.00165
25017~01702 ,       839,   0.64880
25009~00844 ,      1138,   0.13847
25009~00846 ,      1139,   0.91051
25009~00845 ,      1142,   0.00168
25009~00845 ,      1137,   0.20663
25009~00845 ,      1135,   0.95210
25009~00845 ,      1133,   0.93216
25009~00845 ,      1138,   0.59874
25009~00845 ,      1139,   0.00042
25009~0781A ,      1211,   0.00080
25009~0781A ,      1218,   0.97832
25009~0781A ,      1212,   0.00039
25009~00726 ,      1141,   0.00043
25009~00726 ,      1142,   0.92933
25009~00726 ,      1143,   0.96269
25009~00724 ,      1141,   0.99872
25009~00724 ,      1142,   0.06786
25009~00724 ,      1145,   0.00091
25009~00724 ,      1146,   0.00313
25009~00807 ,      1153,   0.00210
25009~00807 ,      1155,   0.90476
25009~00807 ,      1164,   0.99690
25009~00807 ,      1165,   0.00420
25009~00807 ,      1160,   0.06684
25009~00808 ,      1160,   0.93316
25009~00820 ,      1156,   0.00054
25009~00820 ,      1164,   0.00207
25009~00820 ,      1163,   0.99546
25009~00820 ,      1165,   0.00153
25009~00820 ,      1212,   0.00395
25009~00817 ,      1165,   0.97254
25009~00817 ,      1161,   0.00041
25009~00817 ,      1166,   0.06484
25009~0810A ,      1151,   0.00083
25009~0810A ,      1150,   0.00258
25009~0810A ,      1149,   0.99691
25009~0810A ,      1142,   0.00112
25009~0810A ,      1138,   0.00079
25009~00811 ,      1158,   0.00081
25009~00811 ,      1159,   0.97704
25009~00811 ,      1161,   0.97238
25009~00811 ,      1167,   0.00455
25009~00811 ,      1157,   0.00203
25009~00812 ,      1165,   0.02021
25009~00812 ,      1166,   0.90771
25009~00721 ,      1141,   0.00043
25009~00721 ,      1145,   0.99317
25009~00721 ,      1144,   0.07609
25009~00721 ,      1146,   0.99063
25009~00721 ,      1147,   0.00197
25009~00721 ,      1148,   0.00041
25009~00813 ,      1161,   0.00041
25009~00813 ,      1167,   0.66364
25009~00813 ,      1166,   0.02035
25009~00723 ,      1167,   0.29091
25009~00723 ,      1146,   0.00417
25009~00723 ,      1147,   0.00066
25009~00723 ,      1148,   0.98732
25009~00722 ,      1145,   0.00046
25009~00722 ,      1147,   0.98097
25009~00722 ,      1148,   0.00164
25009~00814 ,      1165,   0.00076
25009~00814 ,      1162,   0.98761
25009~0576A ,      1174,   0.00123
25009~0576A ,      1176,   0.98229
25009~0576A ,      1175,   0.00403
25009~0581A ,      1179,   0.00264
25009~0581A ,      1183,   0.83440
25009~0584B ,      1183,   0.15840
25009~00579 ,      1173,   0.00191
25009~00579 ,      1174,   0.97256
25009~0569A ,      1172,   0.00033
25009~0569A ,      1171,   0.99418
25009~0569A ,      1233,   0.00089
25009~0569A ,      1170,   0.00673
25009~0569A ,      1169,   0.00096
25009~0851A ,      1257,   0.00039
25009~0851A ,      1191,   0.99095
25009~0851A ,      1190,   0.00056
25009~00571 ,      1172,   0.99735
25009~00571 ,      1171,   0.00078
25009~00571 ,      1180,   0.00536
25009~00571 ,      1186,   0.00039
25009~00577 ,      1172,   0.00166
25009~00577 ,      1187,   0.00596
25009~00577 ,      1186,   0.53979
25009~00583 ,      1187,   0.00037
25009~00583 ,      1180,   0.99407
25009~00583 ,      1170,   0.01256
25009~00583 ,      1181,   0.00175
25009~00583 ,      1173,   0.00127
25009~0575B ,      1169,   0.99278
25009~0575B ,      1168,   0.00107
25009~00578 ,      1176,   0.00130
25009~00578 ,      1179,   0.00044
25009~00578 ,      1178,   0.99476
25009~00578 ,      1177,   0.00051
25009~00582 ,      1180,   0.00028
25009~00582 ,      1181,   0.99825
25009~00582 ,      1177,   0.00717
25009~00580 ,      1188,   0.00076
25009~00580 ,      1187,   0.00819
25009~00580 ,      1182,   0.79718
25009~00580 ,      1179,   0.00176
25009~0587B ,      1261,   0.03986
25009~00725 ,      1167,   0.02727
25009~00725 ,      1143,   0.03358
25009~00725 ,      1144,   0.91149
25009~0584A ,      1184,   0.00046
25009~00850 ,      1189,   0.99563
25009~00850 ,      1188,   0.00038
25009~00720 ,      1189,   0.00146
25009~00720 ,      1918,   0.99146
25009~00720 ,      1184,   0.00138
25009~00720 ,      1919,   0.00194
25009~00849 ,      1257,   0.00039
25009~00849 ,      1260,   0.99959
25009~00849 ,      1196,   0.00044
25009~00849 ,      1190,   0.00056
25009~00626 ,      1260,   0.00041
25009~00626 ,      1196,   0.04390
25009~00626 ,      1190,   0.00112
25009~00626 ,      1195,   0.99962
25009~00626 ,      1193,   0.00041
25009~00626 ,      1194,   0.00130
25009~00625 ,      1945,   0.00249
25009~00625 ,      1196,   0.95522
25009~00625 ,      1194,   0.00259
25009~00623 ,      1190,   0.00112
25009~00623 ,      1193,   0.99794
25009~00623 ,      1189,   0.00049
25009~00652 ,      1946,   0.99932
25009~00652 ,      1945,   0.99751
25009~00652 ,      1196,   0.00044
25009~00652 ,      1944,   0.00061
25009~00653 ,      1944,   0.99268
25009~00653 ,      1941,   0.00123
25009~00653 ,      1943,   0.00847
25009~00624 ,      1189,   0.00243
25009~00624 ,      1194,   0.99222
25009~00624 ,      1192,   0.99911
25009~00624 ,      1918,   0.00050
25009~0605A ,      1939,   0.20782
25009~0605A ,      1940,   0.00508
25009~0605A ,      1922,   0.00050
25009~00648 ,      1944,   0.00366
25009~00648 ,      1941,   0.00062
25009~00648 ,      1943,   0.98220
25009~00650 ,      1942,   0.73881
25009~00649 ,      1944,   0.00305
25009~00649 ,      1941,   0.97786
25009~00649 ,      1943,   0.00932
25009~00649 ,      1940,   0.00036
25009~00649 ,      1194,   0.00389
25009~00649 ,      1192,   0.00089
25009~00651 ,      1942,   0.19970
25009~00620 ,      1977,   0.10354
25009~00620 ,      1978,   0.37750
25009~00621 ,      1977,   0.19949
25009~0765A ,      1966,   0.44859
25009~0636B ,      2036,   0.00155
25009~0636B ,      2037,   0.37431
25009~0609B ,      1954,   0.99929
25009~0609B ,      1953,   0.00174
25009~0644A ,      2053,   0.00868
25009~0644A ,      2054,   0.94013
25009~0729A ,      1993,   0.00098
25009~0729A ,      1994,   0.98989
25009~0729A ,      1974,   0.00038
25009~0632A ,      2040,   0.99230
25009~0632A ,      1996,   0.00193
25009~0632A ,      2038,   0.01530
25009~0729B ,      1996,   0.05946
25009~0729B ,      1994,   0.00063
25009~00546 ,      1992,   0.27165
25009~00854 ,      1973,   0.00128
25009~00854 ,      1974,   0.11334
25009~00854 ,      1975,   1.00000
25017~1465B ,       542,   0.00149
25017~1465B ,       538,   0.99755
25017~1465B ,       539,   0.00083
25017~1465B ,       537,   0.00067
25009~00852 ,      1994,   0.00253
25009~00852 ,      1974,   0.85229
25009~00852 ,      1991,   0.00048
25009~0549C ,      1987,   0.53938
25009~00542 ,      1992,   0.43008
25009~00542 ,      4582,   0.00035
25009~00542 ,      1989,   0.00048
25017~01697 ,       837,   0.00049
25017~01697 ,       841,   0.10296
25017~01697 ,       825,   0.00033
25017~01697 ,       830,   0.00113
25017~01697 ,       826,   0.99462
25017~01697 ,       848,   0.00153
25017~1733A ,       991,   0.00179
25017~1733A ,       990,   0.01010
25017~1733A ,       933,   0.02232
25017~1733A ,       938,   0.99144
25017~01693 ,       827,   0.93600
25017~01693 ,       826,   0.00154
25017~01693 ,       828,   0.00080
25017~01693 ,       823,   0.00073
25017~01693 ,       824,   0.00030
25017~01700 ,       826,   0.00115
25017~01700 ,       828,   0.56902
25017~01696 ,       837,   0.99854
25017~01696 ,       841,   0.00076
25017~01696 ,       830,   0.86850
25017~01696 ,       836,   0.00443
25017~01696 ,       829,   0.12562
25017~01701 ,       827,   0.06257
25017~01701 ,       830,   0.11643
25017~01701 ,       829,   0.86003
25017~01701 ,       828,   0.43018
25017~01701 ,       813,   0.00040
25017~01695 ,       838,   0.00050
25017~01695 ,       837,   0.00049
25017~01695 ,       831,   0.00070
25017~01695 ,       836,   0.98760
25017~01704 ,      1202,   0.00065
25017~01704 ,       835,   0.86418
25017~01704 ,       839,   0.00089
25017~01704 ,       834,   0.00280
25017~01704 ,       833,   0.00111
25009~0800B ,      1227,   0.18299
25009~0800B ,      1230,   0.00068
25009~0800B ,      1246,   0.00051
25009~0800B ,      1228,   0.99254
25017~01694 ,       831,   0.99930
25017~01694 ,       830,   0.01394
25017~01694 ,       836,   0.00709
25017~01694 ,       829,   0.00359
25017~01694 ,       814,   0.00050
25017~01694 ,       832,   0.78282
25017~01692 ,       834,   0.00747
25017~01692 ,       833,   0.98727
25017~01692 ,       814,   0.00050
25017~01692 ,       832,   0.20554
25017~01703 ,      1202,   0.00032
25017~01703 ,      1200,   0.00109
25017~01703 ,       834,   0.95518
25017~01703 ,       833,   0.00055
25017~01601 ,      1276,   0.00039
25017~01601 ,      1275,   0.99686
25017~01601 ,      1280,   0.00037
25009~0716A ,      1280,   0.00074
25009~0716A ,      1277,   0.00039
25009~0716A ,      1204,   0.80650
25009~0716A ,      1203,   0.12534
25009~0564A ,      1326,   0.29662
25009~0564A ,      1317,   0.00034
25009~0564A ,      1281,   0.00114
25017~01587 ,      1278,   0.69987
25009~0718B ,      1199,   0.38935
25009~0713C ,      1274,   0.00140
25009~0713C ,      1202,   0.99515
25009~0713C ,       835,   0.00414
25009~0713C ,      1203,   0.00078
25009~0713C ,      1200,   0.00054
25009~0713C ,       834,   0.00840
25017~01588 ,      1278,   0.29502
25017~01588 ,      1254,   0.00170
25017~01588 ,      1279,   0.00036
25017~01588 ,      1280,   0.00555
25017~01588 ,      1277,   0.99645
25017~01588 ,      1204,   0.00475
25017~1608A ,      1272,   0.00113
25017~1608A ,      1271,   0.98229
25009~00560 ,      1328,   0.01270
25009~00560 ,      1326,   0.40712
25009~00560 ,      1350,   0.00307
25009~00560 ,      1344,   0.00053
25009~00560 ,      1327,   0.99024
25009~00560 ,      1298,   0.00221
25009~00568 ,      1334,   0.00415
25009~00568 ,      1328,   0.97278
25009~00568 ,      1331,   0.00141
25009~00568 ,      1326,   0.00110
25009~00568 ,      1327,   0.00287
25009~00568 ,      1329,   0.95681
25009~00568 ,      1330,   0.91926
25009~00555 ,      1320,   0.00079
25009~00555 ,      1328,   0.00242
25009~00555 ,      1331,   0.91329
25009~00555 ,      1326,   0.29295
25009~00555 ,      1319,   1.00000
25009~00555 ,      1322,   0.00175
25009~00561 ,      1320,   0.00119
25009~00561 ,      1332,   0.02966
25009~00561 ,      1333,   0.98012
25009~00561 ,      1331,   0.08530
25009~00561 ,      1321,   0.00911
25017~1768C ,      1294,   0.00302
25017~1768C ,      1286,   0.00199
25017~1768C ,      1295,   0.90188
25009~0565A ,      1323,   0.99336
25009~0556A ,      1320,   0.25505
25009~0556A ,      1333,   0.01864
25009~0556A ,      1321,   0.98829
25009~0556A ,      1322,   0.00044
25009~00553 ,      1336,   0.00444
25009~00553 ,      1335,   0.99785
25009~00562 ,      1336,   0.62455
25009~00562 ,      1335,   0.00215
25009~0663A ,      2008,   0.00083
25009~0663A ,      2010,   0.00084
25009~0663A ,      2011,   0.23372
25009~00684 ,      2002,   0.00448
25009~00684 ,      2004,   0.39146
25009~0665A ,      2006,   0.74807
25009~0665A ,      2004,   0.37487
25017~1740A ,       990,   0.01957
25017~1740A ,       936,   0.01726
25017~1740A ,       937,   0.99038
25017~1136A ,       898,   0.00134
25017~1136A ,       903,   0.99949
25017~1136A ,       901,   0.00539
25017~1136A ,       902,   0.01000
25017~01130 ,       897,   0.02274
25017~01130 ,       905,   0.96795
25017~01130 ,       904,   0.00047
25017~01130 ,       906,   0.00146
25017~01131 ,       905,   0.02821
25017~01131 ,       904,   0.99528
25017~01131 ,       895,   0.05340
25017~01131 ,       578,   0.01063
25017~01141 ,       896,   0.00174
25017~01141 ,       890,   0.00151
25017~01141 ,       894,   0.97183
25017~1731D ,       930,   0.00596
25017~1731D ,       929,   0.00031
25017~01135 ,       896,   0.97000
25017~01135 ,       897,   0.00975
25017~01135 ,       905,   0.00064
25017~01135 ,       904,   0.00094
25017~01135 ,       895,   0.93947
25017~01135 ,       578,   0.00152
25017~01135 ,       577,   0.00814
25017~01508 ,       904,   0.00142
25017~01508 ,       895,   0.00623
25017~01508 ,       578,   0.98684
25017~01508 ,       577,   0.00136
25017~01508 ,       576,   0.00399
25017~01777 ,       881,   0.00254
25017~01777 ,       859,   0.88978
25017~01777 ,       860,   0.05701
25017~01777 ,       886,   0.00046
25017~01776 ,       882,   0.00048
25017~01776 ,       857,   0.86738
25017~01776 ,       856,   0.00037
25017~01776 ,       855,   0.00988
25017~01140 ,       895,   0.00045
25017~01140 ,       892,   0.99555
25017~01140 ,       624,   0.01267
25017~01140 ,       577,   0.00170
25017~1404B ,       942,   0.18510
25017~1404B ,       943,   0.00123
25017~01646 ,       892,   0.00148
25017~01646 ,       624,   0.95858
25017~01646 ,       575,   0.00032
25017~01646 ,       557,   0.00135
25017~01646 ,       623,   0.00046
25017~01520 ,       895,   0.00045
25017~01520 ,       892,   0.00296
25017~01520 ,       624,   0.02388
25017~01520 ,       577,   0.98744
25017~01520 ,       575,   0.00161
25017~01510 ,       853,   0.00176
25017~01510 ,       578,   0.00101
25017~01510 ,       576,   0.88746
25025~2415A ,       192,   0.01776
25025~2415A ,       197,   0.99286
25025~2415A ,       200,   0.00051
25017~1164A ,       910,   0.99693
25017~1164A ,       909,   0.00832
25017~1164A ,       916,   0.00083
25017~1133A ,       896,   0.00870
25017~1133A ,       889,   0.00722
25017~1133A ,       917,   0.00051
25017~1133A ,       893,   0.90754
25017~1133A ,       897,   0.00758
25017~1133A ,       894,   0.02241
25017~01521 ,       555,   0.00113
25017~01521 ,       553,   0.99961
25017~01521 ,       550,   0.01252
25017~1262B ,       889,   0.00090
25017~1262B ,       916,   0.00083
25017~1262B ,       727,   0.00155
25017~1262B ,       728,   0.97163
25017~01512 ,       568,   0.00438
25017~01512 ,       569,   0.01098
25017~01512 ,       572,   0.98780
25017~01512 ,       566,   0.00497
25017~01512 ,       573,   0.00166
25017~01512 ,       554,   0.00073
25017~1569B ,      1035,   0.00486
25017~1569B ,      1034,   0.98925
25017~1569B ,      1033,   0.00500
25017~1569B ,      1036,   0.02690
25017~01778 ,       858,   0.02020
25017~01778 ,       855,   0.00395
25017~01778 ,       854,   0.99628
25017~01778 ,       853,   0.00105
25017~01509 ,       842,   0.00069
25017~01509 ,       853,   0.00035
25017~01509 ,       574,   1.00000
25017~01509 ,       570,   0.00499
25017~01509 ,       569,   0.01537
25017~01509 ,       576,   0.10855
25017~01509 ,       573,   0.13264
25025~2451A ,       294,   0.01452
25025~2451A ,       291,   0.02846
25025~2451A ,       324,   0.99505
25025~2451A ,       295,   0.03108
25025~2531A ,       308,   0.98227
25025~2531A ,       309,   0.00044
25025~02392 ,       625,   0.00111
25025~02392 ,       198,   0.00547
25025~02392 ,       192,   0.83133
25025~02392 ,       193,   0.00107
25025~02392 ,         4,   0.02642
25017~1283B ,       633,   0.00038
25017~1283B ,       649,   0.00577
25017~1283B ,       632,   0.99731
25017~1283B ,       631,   0.00216
25025~02411 ,       197,   0.00134
25025~02411 ,       200,   0.99640
25025~02411 ,       199,   0.00115
25017~1283A ,       626,   0.00146
25017~1283A ,       630,   0.00273
25017~1283A ,       636,   0.00068
25017~1283A ,       632,   0.00168
25017~1283A ,       631,   0.99692
25025~02427 ,       502,   0.00545
25025~02427 ,       206,   0.27515
25017~01331 ,       503,   0.00047
25017~01331 ,       502,   0.97392
25017~01331 ,       465,   0.00884
25017~01331 ,       508,   0.00332
25017~01331 ,       206,   0.01643
25025~2396A ,       172,   0.96478
25025~2396A ,       170,   0.00039
25025~2396A ,       168,   0.00523
25025~2413D ,       183,   0.00091
25025~2413D ,       184,   0.97766
25017~01332 ,       502,   0.00428
25017~01332 ,       505,   0.07003
25017~01332 ,       504,   0.99950
25025~02656 ,       465,   0.00442
25025~02656 ,       462,   0.98198
25025~02656 ,       456,   0.00127
25025~2659A ,       477,   0.00334
25025~2659A ,       471,   0.00208
25025~2659A ,       473,   0.02816
25025~2659A ,       472,   0.99962
25025~2659A ,       475,   0.00046
25025~2659A ,       474,   0.00064
25017~01507 ,       597,   0.00824
25017~01507 ,       552,   0.00104
25017~01507 ,       551,   0.98197
25017~1164B ,       715,   0.00129
25017~1164B ,       910,   0.00307
25017~1164B ,       909,   0.99168
25017~1164B ,       726,   0.00821
25017~1164B ,       916,   0.00209
25017~01525 ,       567,   0.00047
25017~01525 ,       565,   0.02484
25017~01525 ,       566,   0.78440
25017~01525 ,       552,   0.00418
25017~1262A ,       722,   0.00223
25017~1262A ,       726,   0.00034
25017~1262A ,       727,   0.98397
25017~1262A ,       890,   0.00050
25017~1262A ,       720,   0.00082
25017~1262A ,       728,   0.02540
25017~1515A ,       624,   0.00341
25017~1515A ,       558,   0.00041
25017~1515A ,       557,   0.99234
25017~1515A ,       623,   0.00182
25017~1515A ,       555,   0.00225
25017~01514 ,       561,   0.02623
25017~01514 ,       528,   0.00170
25017~01514 ,       560,   0.98657
25017~1522A ,       624,   0.00097
25017~1522A ,       575,   0.07967
25017~1522A ,       558,   0.99837
25017~1522A ,       557,   0.00045
25017~1522A ,       556,   0.00226
25017~1506B ,       572,   0.00941
25017~1506B ,       575,   0.00803
25017~1506B ,       573,   0.83451
25017~01477 ,       548,   0.99052
25017~01477 ,       571,   0.00036
25017~01477 ,       547,   0.00030
25017~1506A ,       577,   0.00136
25017~1506A ,       575,   0.91038
25017~1616B ,       719,   0.00193
25017~1616B ,       622,   0.00136
25017~1616B ,       618,   0.96242
25017~1616B ,       718,   0.00229
25017~1616B ,       617,   0.00292
25017~01481 ,       544,   0.00127
25017~01481 ,       543,   0.00244
25017~01481 ,       528,   0.99151
25017~01481 ,       527,   0.00235
25017~01461 ,       549,   0.00311
25017~01461 ,       548,   0.00878
25017~01461 ,       547,   0.99881
25017~01462 ,       546,   0.98383
25009~0702A ,       771,   0.00132
25009~0702A ,       758,   0.00167
25009~0702A ,       769,   0.99308
25009~0702A ,       759,   0.00060
25017~01650 ,       842,   0.99897
25017~01650 ,       843,   0.27691
25017~01650 ,       856,   0.00442
25017~01650 ,       855,   0.00049
25017~01466 ,       549,   0.99511
25017~01466 ,       571,   0.00071
25017~01466 ,       843,   0.00035
25017~01466 ,       547,   0.00030
25025~02421 ,       224,   0.02920
25025~02421 ,       222,   0.97397
25025~02421 ,       207,   0.02419
25025~02421 ,       999,   0.00100
25025~02421 ,       239,   0.00299
25025~02421 ,       240,   0.02366
25025~02421 ,       223,   0.02678
25025~02421 ,       212,   0.00031
25025~02421 ,       924,   0.02422
25017~1735A ,       927,   0.00766
25017~1735A ,       923,   0.00051
25017~1735A ,       928,   0.99272
25017~01334 ,       560,   0.00036
25017~01334 ,       503,   0.98914
25017~01334 ,       502,   0.00078
25017~01334 ,       508,   0.01528
25023~02316 ,      1911,   0.00044
25023~02316 ,      1915,   0.00405
25023~02316 ,      1912,   0.99635
25023~02272 ,      2439,   0.00141
25023~02272 ,      1907,   0.98289
25021~01832 ,      1794,   0.00048
25021~01832 ,      1795,   0.00038
25021~01832 ,      1792,   0.95190
25021~01836 ,      1794,   0.91998
25021~01836 ,      1795,   0.05153
25021~01836 ,      1796,   0.00042
25021~01836 ,      1792,   0.04557
25021~01836 ,      1793,   0.20083
25021~01839 ,      1800,   0.00061
25021~01839 ,      1796,   0.99620
25021~01839 ,      1799,   0.90278
25021~01839 ,      1793,   0.79917
25021~01841 ,      1798,   0.02811
25021~01841 ,      1797,   0.95044
25021~02005 ,      1083,   0.96989
25021~02005 ,      1086,   0.00264
25021~02005 ,      1084,   0.99546
25021~02005 ,      1085,   0.00108
25021~01835 ,      1794,   0.07953
25021~01835 ,      1798,   0.00750
25021~01835 ,      1795,   0.94657
25021~01993 ,      1088,   0.00050
25021~01993 ,      1091,   0.00115
25021~01993 ,      1087,   0.96474
25021~01993 ,      1092,   0.02790
25021~2009A ,      1090,   0.00149
25021~2009A ,      1088,   0.00300
25021~2009A ,      1089,   0.94910
25021~1983A ,      1091,   0.04095
25021~1983A ,      1093,   0.00257
25021~1983A ,      1087,   0.00042
25021~1983A ,      1092,   0.97210
25021~01987 ,      1080,   0.00066
25021~01987 ,      1094,   0.99919
25021~01987 ,      1095,   0.00049
25021~1979C ,      1097,   0.99736
25021~1979C ,      1098,   0.00166
25021~1988A ,      1114,   0.00049
25021~1988A ,      1122,   0.00347
25021~1988A ,      1117,   0.77563
25021~01995 ,      1088,   0.69620
25021~01995 ,      1086,   0.00088
25021~01995 ,      1085,   0.99892
25021~01986 ,      1112,   0.00058
25021~01986 ,      1113,   0.99918
25021~01986 ,      1093,   0.00206
25021~01986 ,      1111,   0.79906
25021~01986 ,      1108,   0.00060
25021~01986 ,      1095,   0.00049
25021~1997A ,      1099,   0.00133
25021~1997A ,      1104,   0.99477
25021~1997A ,      1103,   0.00450
25021~01840 ,      1798,   0.91304
25021~01840 ,      1808,   0.00133
25021~01840 ,      1811,   0.03009
25021~02004 ,      1083,   0.01951
25021~02004 ,      1119,   0.00397
25021~02004 ,      1086,   0.98155
25021~02002 ,      1083,   0.00085
25021~02002 ,      1088,   0.00250
25021~02002 ,      1118,   0.00042
25021~02002 ,      1119,   0.99546
25021~02002 ,      1086,   0.01493
25021~02002 ,      1089,   0.00041
25021~01830 ,      1813,   0.00042
25021~01830 ,      1811,   0.00258
25021~01830 ,      1814,   0.00048
25021~01830 ,      1812,   0.99039
25021~01838 ,      1813,   0.00678
25021~01838 ,      1811,   0.95959
25021~01838 ,      1795,   0.00152
25021~1834A ,      1807,   0.00040
25021~1834A ,      1798,   0.02586
25021~1834A ,      1810,   0.00040
25021~1834A ,      1808,   0.99248
25021~1834A ,      1803,   0.00173
25021~2084B ,      1828,   0.00181
25021~2084B ,      1823,   0.98729
25021~2084B ,      1820,   0.04220
25021~1999A ,      1090,   0.00075
25021~1999A ,      1091,   0.95561
25021~01998 ,      1118,   0.99958
25021~01998 ,      1116,   0.00090
25021~01998 ,      1115,   0.03504
25021~01998 ,      1089,   0.04967
25021~1996B ,      1112,   0.00058
25021~1996B ,      1116,   0.00360
25021~1996B ,      1115,   0.00047
25021~1996B ,      1114,   0.99064
25021~1996B ,      1113,   0.00041
25021~1996B ,      1117,   0.00250
25021~02000 ,      1120,   0.74110
25021~02000 ,      1812,   0.00524
25021~01982 ,      1112,   0.96951
25021~01982 ,      1091,   0.00153
25021~01985 ,      1130,   0.68649
25021~01985 ,      1132,   0.00073
25021~02003 ,      1127,   0.09619
25021~02003 ,      1125,   0.99958
25021~02003 ,      1120,   0.25890
25021~02003 ,      1814,   0.00048
25021~02003 ,      1812,   0.00349
25021~02003 ,      1126,   0.04242
25021~02003 ,      1124,   1.00000
25021~02003 ,      1119,   0.00057
25021~02006 ,      1127,   0.90217
25021~02006 ,      1125,   0.00042
25021~02006 ,      1116,   0.00135
25021~02006 ,      1121,   0.99926
25021~02006 ,      1122,   0.00043
25017~1675D ,      1357,   0.00047
25017~1675D ,      1360,   0.87861
25009~00736 ,      2080,   0.25939
25009~00736 ,      2078,   0.55106
25009~00736 ,      2077,   0.00571
25009~00736 ,      2079,   0.34012
25009~0779D ,      1308,   0.99381
25009~0779D ,      1311,   0.00176
25009~0779D ,      1307,   0.00788
25009~00666 ,      2008,   0.47603
25009~00666 ,      2003,   0.00093
25009~00666 ,      2007,   0.00039
25009~0563A ,      2007,   0.00348
25009~0563A ,      1337,   0.00119
25009~0563A ,      1338,   0.99446
25009~0563A ,      2076,   0.00122
25009~00661 ,      2008,   0.03843
25009~00661 ,      2006,   0.02365
25009~00661 ,      2003,   0.20186
25009~00661 ,      2007,   0.47661
25009~00741 ,      1338,   0.00040
25009~00741 ,      2075,   0.14776
25009~00741 ,      2076,   0.99837
25009~00741 ,      2011,   0.00045
25009~00748 ,      2074,   0.10299
25009~00748 ,      2075,   0.47634
25009~00743 ,      2074,   0.23688
25009~00734 ,      2075,   0.31173
25009~00735 ,      2074,   0.12653
25009~0557A ,      1337,   0.01008
25009~0557A ,      1342,   0.00354
25009~0557A ,      2077,   0.00052
25009~0557A ,      1341,   0.99426
25009~0557A ,      2150,   0.00293
25009~0557A ,      1363,   0.00035
25009~0557A ,      1360,   0.00053
25009~0557A ,      1340,   0.02994
25009~0557A ,      1334,   0.00041
25009~00662 ,      2012,   0.00070
25009~00662 ,      2076,   0.00041
25009~00662 ,      2011,   0.70473
25009~0667B ,      2008,   0.48058
25009~0667B ,      2010,   0.00084
25009~00656 ,      2072,   0.00090
25009~00656 ,      2012,   0.90756
25009~00656 ,      2011,   0.06111
25009~00654 ,      2009,   0.09236
25009~00654 ,      2012,   0.09174
25009~00654 ,      2017,   0.00233
25009~00654 ,      2010,   0.23661
25009~00679 ,      2015,   0.65665
25009~00679 ,      2013,   0.00288
25009~00739 ,      2074,   0.00589
25009~00739 ,      2072,   0.48609
25009~00739 ,      2075,   0.01167
25009~00655 ,      2015,   0.00448
25009~00655 ,      2013,   0.99589
25009~00733 ,      2072,   0.42729
25009~00733 ,      2071,   0.53535
25009~00733 ,      2013,   0.00123
25009~00737 ,      2068,   0.00049
25009~00737 ,      2071,   0.46424
25009~0831A ,       806,   0.41455
25009~0831A ,       805,   0.00194
25017~01793 ,       881,   0.99746
25017~01793 ,       859,   0.00042
25017~01793 ,       884,   0.11031
25017~01793 ,       857,   0.00053
25009~0705B ,       788,   0.00402
25009~0705B ,       782,   0.01275
25009~0705B ,       766,   0.96816
25009~0705B ,       767,   0.00220
25009~0705B ,       757,   0.00344
25009~0705B ,       765,   0.00268
25017~01794 ,       877,   0.01682
25017~01794 ,       879,   0.00042
25017~01794 ,       878,   1.00000
25017~01794 ,       880,   0.99850
25017~01794 ,       882,   0.00048
25017~01789 ,       871,   0.00233
25017~01789 ,       873,   0.04106
25017~01789 ,       874,   0.92860
25017~01789 ,       876,   0.19260
25017~1771A ,      1292,   0.99953
25017~1771A ,      1291,   0.03013
25017~1771A ,      1289,   0.00161
25017~01774 ,      1288,   0.00474
25017~01774 ,      1287,   0.99033
25017~01774 ,       870,   0.00110
25017~1798A ,       872,   0.94663
25017~1798A ,      1383,   0.00122
25017~1798A ,       873,   0.00461
25017~01799 ,       869,   0.00170
25017~01799 ,       870,   0.53597
25017~01799 ,       871,   0.01867
25017~01799 ,       868,   0.00107
25017~01796 ,      1285,   0.00435
25017~01796 ,       869,   0.99830
25017~01796 ,       867,   0.06554
25017~01796 ,       870,   0.00494
25017~01796 ,       868,   0.10306
25009~0705A ,       770,   0.00674
25009~0705A ,       766,   0.01365
25009~0705A ,       767,   0.99670
25009~00838 ,       801,   0.90773
25009~00838 ,       501,   0.00957
25009~00838 ,       802,   0.00046
25009~00838 ,       800,   0.00443
25009~00838 ,       798,   0.00949
25009~00827 ,       803,   0.01531
25009~00827 ,       801,   0.03487
25009~00827 ,       802,   0.40742
25017~1161A ,       916,   0.99249
25017~1161A ,       727,   0.00052
25017~1161A ,       917,   0.00051
25017~1161A ,       728,   0.00296
25017~1476B ,       544,   0.97398
25017~1476B ,       547,   0.00059
25017~1476B ,       543,   0.00035
25025~02687 ,       496,   0.06289
25025~02687 ,       483,   0.00036
25025~02687 ,       485,   0.98517
25025~02687 ,       486,   0.00490
25025~02678 ,       497,   0.37630
25025~02678 ,       496,   0.79633
25025~02678 ,       484,   0.00300
25025~02678 ,       495,   0.78335
25025~02678 ,       494,   0.05586
25025~02671 ,       497,   0.60430
25025~02671 ,       496,   0.00292
25017~1531B ,       530,   0.00109
25017~1531B ,       816,   0.00409
25017~1531B ,       536,   0.00198
25017~1531B ,       817,   0.99842
25017~1531B ,       533,   0.00077
25009~0831B ,       806,   0.00717
25009~0831B ,       784,   0.00042
25009~0831B ,       805,   0.99417
25009~0831B ,       803,   0.00898
25009~0831B ,       804,   0.00921
25009~0833A ,       796,   0.00051
25025~02611 ,       396,   0.92471
25025~02693 ,       448,   0.60554
25025~02688 ,       448,   0.00978
25025~02688 ,       449,   0.75246
25025~02675 ,       495,   0.06378
25025~02675 ,       494,   0.49429
25009~00695 ,       766,   0.01213
25009~00695 ,       757,   0.00687
25009~00695 ,       765,   0.99554
25017~1464B ,       531,   0.83298
25017~1464B ,       532,   0.00851
25017~1721A ,       993,   0.00193
25017~1721A ,       995,   0.98906
25009~00700 ,       766,   0.00076
25009~00700 ,       757,   0.96956
25009~00707 ,       770,   0.00090
25009~00707 ,       768,   1.00000
25009~00707 ,       767,   0.00110
25009~00707 ,       757,   0.00098
25009~00707 ,       769,   0.00043
25009~00712 ,       758,   0.96335
25009~00712 ,       757,   0.00245
25009~0840B ,       799,   0.00251
25009~0840B ,       801,   0.00429
25009~0840B ,       800,   0.99079
25009~0840B ,       798,   0.00726
25009~0689B ,       771,   0.00309
25009~0689B ,       773,   0.98963
25009~00755 ,       758,   0.00444
25009~00755 ,       756,   0.82598
25009~00710 ,       760,   0.00081
25009~00710 ,       759,   0.90000
25009~0689A ,       771,   0.99559
25009~0689A ,       774,   0.00160
25009~0689A ,       773,   0.00086
25009~0815A ,      1151,   0.99462
25009~0815A ,      1153,   0.00084
25009~0815A ,      1149,   0.00034
25023~02221 ,      1864,   0.04619
25023~02221 ,      1862,   0.99734
25023~02221 ,      1863,   1.00000
25023~02221 ,      1823,   0.00051
25023~02221 ,      1856,   0.00184
25023~02221 ,      1867,   0.00349
25021~1833B ,      1809,   0.00322
25021~1833B ,      1813,   0.97287
25021~1833B ,      1811,   0.00215
25021~1833B ,      1814,   0.00338
25021~1833B ,      1812,   0.00044
25021~2080A ,      1822,   0.00325
25021~2080A ,      1821,   0.90420
25021~2080A ,      1825,   0.00136
25023~02222 ,      1856,   0.00092
25023~02222 ,      1853,   0.94579
25023~02222 ,      1854,   0.94800
25023~02222 ,      1857,   0.00044
25023~02222 ,      1855,   0.99922
25021~1833A ,      1813,   0.00424
25021~1833A ,      1814,   0.97631
25021~1833A ,      1812,   0.00044
25023~02217 ,      1860,   0.00054
25023~02217 ,      1859,   0.97232
25023~02217 ,      1858,   0.01947
25025~02406 ,       187,   0.98825
25025~02406 ,       186,   0.00070
25025~02406 ,       176,   0.10872
25025~02406 ,       179,   0.00084
25025~02406 ,       188,   0.00056
25025~02406 ,       189,   0.00044
25025~02664 ,       467,   0.00118
25025~02664 ,       468,   0.92878
25025~02664 ,       488,   0.00165
25025~02692 ,       185,   0.00054
25025~02692 ,       451,   0.51655
25025~2413B ,       186,   0.00421
25025~2413B ,       183,   0.01223
25025~2413B ,       182,   0.85226
25025~2413B ,       174,   0.04264
25025~02685 ,       488,   0.00329
25025~02685 ,       481,   0.99790
25025~02685 ,       480,   0.03438
25025~02685 ,       482,   0.04406
25025~02685 ,       190,   0.00149
25025~02408 ,       191,   0.01038
25025~02408 ,       189,   0.00044
25025~02408 ,       190,   0.99702
25025~02400 ,       186,   0.06522
25025~02400 ,       191,   0.91074
25025~02400 ,       478,   0.04636
25025~02400 ,       188,   0.00112
25025~02400 ,       452,   0.04171
25017~1471A ,       536,   0.00033
25017~1471A ,       533,   0.99923
25017~1471A ,       531,   0.16453
25017~1471A ,       532,   0.00518
25025~2399A ,       186,   0.00070
25025~2399A ,       191,   0.00156
25025~2399A ,       188,   0.99273
25025~2399A ,       189,   0.02115
25025~02689 ,       449,   0.00109
25025~02689 ,       450,   0.96530
25025~02689 ,       452,   0.00036
25017~1463A ,       535,   0.99519
25017~1463A ,       534,   0.00299
25025~02691 ,       191,   0.00052
25025~02691 ,       478,   0.00044
25025~02691 ,       454,   0.92603
25025~02691 ,       452,   0.00357
25025~02691 ,       453,   1.00000
25017~01333 ,       506,   0.00031
25017~01333 ,       477,   0.00401
25017~01333 ,       512,   0.99782
25017~1524A ,       568,   0.00835
25017~1524A ,       570,   0.02028
25017~1524A ,       569,   0.96355
25025~02655 ,       469,   0.12607
25025~02655 ,       490,   0.00134
25025~02655 ,       472,   0.00038
25025~02655 ,       475,   0.91191
25025~02655 ,       474,   0.00129
25025~02655 ,       476,   0.02983
25017~01336 ,       499,   0.00785
25017~01336 ,       519,   0.97414
25017~01336 ,       520,   0.00075
25017~01336 ,       516,   0.11238
25017~01336 ,       491,   0.00147
25017~01336 ,       521,   0.00311
25017~01468 ,       519,   0.00123
25017~01468 ,       520,   0.99851
25017~01468 ,       529,   0.01212
25017~01468 ,       521,   0.00738
25017~01468 ,       532,   0.01701
25017~01478 ,       530,   0.00328
25017~01478 ,       529,   0.59394
25025~02684 ,       469,   0.00333
25025~02684 ,       477,   0.00067
25025~02684 ,       490,   0.99733
25025~02684 ,       475,   0.00228
25025~02684 ,       476,   0.00051
25017~01518 ,       567,   0.99067
25017~01518 ,       561,   0.01311
25017~01518 ,       566,   0.00050
25017~01518 ,       562,   0.00047
25017~01518 ,       545,   0.00149
25017~1476A ,       544,   0.00603
25017~1476A ,       548,   0.00035
25017~1476A ,       567,   0.00373
25017~1476A ,       543,   0.00662
25017~1476A ,       545,   0.99851
25017~1517A ,       564,   0.00652
25017~1517A ,       565,   0.95460
25017~1517A ,       566,   0.02086
25017~1517A ,       559,   0.00048
25017~1517A ,       563,   0.02039
25025~02677 ,       499,   0.96790
25025~02677 ,       491,   0.00037
25025~02673 ,       499,   0.00856
25025~02673 ,       498,   0.98468
25025~02672 ,       500,   0.87565
25025~02672 ,       498,   0.01532
25025~02672 ,       497,   0.01871
25025~02672 ,       495,   0.00097
25009~0829B ,       812,   0.17396
25009~0829B ,       810,   0.00238
25009~0829B ,       809,   0.27343
25017~01469 ,       530,   0.99563
25017~01469 ,       817,   0.00032
25017~01469 ,       529,   0.38283
25017~1564A ,      1012,   0.00039
25017~1564A ,       998,   0.00526
25017~1564A ,      1009,   0.01026
25017~1564A ,      1011,   0.98068
25009~00832 ,       810,   0.04459
25009~00832 ,       808,   0.81554
25009~00832 ,       801,   0.03219
25009~00836 ,       812,   0.03350
25009~00836 ,       811,   0.00073
25009~00836 ,       809,   0.64280
25009~00836 ,       802,   0.00650
25025~02674 ,       499,   0.00357
25025~02674 ,       801,   0.00644
25025~02674 ,       501,   0.98861
25025~02674 ,       798,   0.00726
25025~02674 ,       797,   0.01079
25025~02674 ,       796,   0.00257
25025~02674 ,       500,   0.07340
25025~02357 ,       398,   0.87154
25025~02528 ,       399,   0.08491
25023~02228 ,      1848,   0.29492
25025~02446 ,       399,   0.09434
25025~02458 ,       399,   0.13208
25025~02486 ,       399,   0.21698
25025~02615 ,       157,   0.00039
25025~02615 ,       142,   0.67368
25025~2631B ,       160,   0.00069
25025~2631B ,       158,   0.00143
25025~2631B ,       159,   0.99684
25025~02587 ,       172,   0.00224
25025~02587 ,       170,   0.00039
25025~02587 ,       168,   0.89547
25025~2399B ,       188,   0.00559
25025~2399B ,       189,   0.97797
25025~2399B ,       190,   0.00099
25025~2690B ,       451,   0.00044
25025~2690B ,       452,   0.94011
25025~2481A ,       167,   0.00040
25025~2481A ,       166,   0.00594
25025~2481A ,       155,   0.98138
25025~02393 ,       183,   0.83514
25025~02393 ,       182,   0.00144
25025~2679A ,       489,   0.00122
25025~2679A ,       491,   0.99304
25025~02432 ,       173,   0.00050
25025~02432 ,       171,   0.06118
25025~02432 ,       174,   0.95480
25025~02432 ,       181,   0.00756
25025~02416 ,       180,   0.99186
25025~02416 ,       182,   0.00914
25025~02416 ,       174,   0.00085
25025~02417 ,       175,   0.97850
25025~02417 ,       173,   0.00545
25025~2667A ,       505,   0.00070
25025~2667A ,       491,   0.00037
25025~2667A ,       506,   0.00062
25025~2667A ,       477,   0.97727
25025~2667A ,       490,   0.00045
25025~2667A ,       512,   0.00181
25025~2667A ,       473,   0.00102
25025~2667A ,       476,   0.01213
25025~02410 ,       186,   0.00070
25025~02410 ,       176,   0.01733
25025~02410 ,       180,   0.00051
25025~02410 ,       179,   0.97762
25025~02410 ,       178,   0.00038
25025~02404 ,       187,   0.00073
25025~02404 ,       176,   0.85872
25025~02404 ,       179,   0.00760
25025~02665 ,       469,   0.87060
25025~2660A ,       471,   0.00083
25025~2660A ,       470,   0.00511
25025~2660A ,       475,   0.08489
25025~2660A ,       474,   0.99807
25025~2659B ,       464,   0.00229
25025~2659B ,       471,   0.96924
25025~2659B ,       473,   0.00768
25025~02658 ,       504,   0.00050
25025~02658 ,       477,   0.00067
25025~02658 ,       473,   0.89555
25025~2682C ,       478,   0.91391
25025~2682C ,       479,   0.00042
25025~2682C ,       454,   0.00096
25025~2682C ,       480,   0.00233
25025~02662 ,       462,   0.00038
25025~02662 ,       456,   0.95561
25025~02662 ,       455,   0.91995
25025~02662 ,       467,   0.00236
25025~2660B ,       467,   0.00354
25025~2660B ,       470,   0.99489
25025~02663 ,       463,   0.00094
25025~02663 ,       455,   0.01589
25025~02663 ,       467,   0.00059
25025~02663 ,       461,   0.99658
25025~2682B ,       478,   0.00353
25025~2682B ,       479,   0.70424
25025~2682B ,       480,   0.00117
25025~02403 ,       186,   0.86396
25025~02403 ,       191,   0.01142
25025~02403 ,       182,   0.00144
25025~02403 ,       179,   0.01394
25025~02669 ,       455,   0.02413
25025~02669 ,       467,   0.96696
25025~02669 ,       468,   0.05415
25025~02669 ,       461,   0.00342
25025~2682A ,       496,   0.01333
25025~2682A ,       484,   0.58187
25025~2682A ,       485,   0.00769
25025~2381A ,       409,   0.00340
25025~2381A ,       410,   0.99825
25025~2547A ,       376,   0.99921
25025~2547A ,       368,   0.00037
25025~2547A ,       377,   0.00276
25025~2547A ,       383,   0.00407
25025~2547A ,       375,   0.00071
25025~02431 ,       382,   0.99759
25025~02431 ,       374,   0.00033
25025~02431 ,       375,   0.00035
25025~2515B ,       414,   0.83541
25025~2515B ,       415,   0.00078
25025~2544B ,       386,   0.00092
25025~2544B ,       377,   0.98346
25025~2544B ,       365,   0.00627
25025~2542B ,       369,   0.99057
25025~2542B ,       370,   0.00261
25025~2515A ,       414,   0.00268
25025~2515A ,       417,   0.03488
25025~2515A ,       415,   0.88673
25025~2515A ,       416,   0.00339
25025~2548A ,       373,   0.00031
25025~2548A ,       374,   0.99178
25025~2548A ,       375,   0.00035
25025~02540 ,       378,   0.90699
25025~02540 ,       363,   0.06164
25025~02540 ,       360,   0.01903
25025~02540 ,       377,   0.00965
25025~02540 ,       365,   0.00916
25025~2516A ,       421,   0.05315
25025~2516A ,      1060,   0.00045
25025~2516A ,       434,   0.00824
25025~2516A ,       422,   0.92393
25025~2516A ,       416,   0.00194
25025~02536 ,       363,   0.00037
25025~02536 ,       368,   0.00037
25025~02536 ,       365,   0.98457
25025~2454A ,       356,   0.00475
25025~2454A ,       167,   0.00040
25025~2454A ,       355,   0.96626
25025~2454B ,       356,   0.78585
25025~02447 ,       317,   0.99331
25025~02447 ,       316,   0.00133
25025~02447 ,       132,   0.00640
25025~02490 ,       323,   0.00068
25025~02490 ,       329,   0.00043
25025~02490 ,       316,   0.98356
25025~02491 ,       132,   0.98137
25025~02483 ,       131,   0.99200
25025~02483 ,       129,   0.00776
25025~02483 ,       130,   0.04325
25025~2455A ,       317,   0.00502
25025~2455A ,       353,   0.00878
25025~2455A ,       318,   0.00056
25025~2455A ,       319,   0.99544
25025~02532 ,       363,   0.93762
25025~02532 ,       362,   0.00164
25025~2539B ,       371,   0.00164
25025~2539B ,       339,   0.00095
25025~2539B ,       341,   0.00042
25025~2539B ,       342,   0.97288
25025~02463 ,       359,   0.94481
25025~02463 ,       360,   0.08053
25025~02463 ,       355,   0.00081
25025~02463 ,       358,   0.04363
25025~02463 ,       354,   0.00747
25025~02529 ,       378,   0.04061
25025~02529 ,       360,   0.77655
25025~02448 ,       354,   0.00034
25025~02448 ,       134,   0.94609
25025~02448 ,       353,   0.00080
25025~2481B ,       164,   0.00024
25025~2481B ,       166,   0.98021
25025~02472 ,       130,   0.00580
25025~02472 ,       154,   0.98409
25025~02472 ,       153,   0.05048
25025~02472 ,       155,   0.00995
25025~2385A ,       257,   0.00037
25025~2385A ,        25,   0.00340
25025~2385A ,        28,   0.00416
25025~2385A ,        26,   0.36723
25025~02638 ,      1016,   0.00050
25025~02638 ,       219,   0.04508
25025~02638 ,       215,   0.01053
25025~02638 ,       210,   0.70282
25025~02638 ,       209,   0.01561
25017~1237B ,       692,   0.00357
25017~1237B ,       684,   0.00039
25017~1237B ,       691,   0.00286
25017~1237B ,       689,   0.99852
25017~1237B ,       690,   0.00604
25017~1237B ,       688,   0.00301
25023~2168A ,      1746,   0.00030
25023~2168A ,      1748,   0.00063
25023~2168A ,      1749,   0.25358
25023~2095A ,      1880,   0.00039
25023~2095A ,      1879,   0.13314
25023~2096A ,      1880,   0.00078
25023~2096A ,      1879,   0.71353
25023~2096A ,      1878,   0.02611
25023~2096A ,      1788,   0.00040
25023~02345 ,      1790,   0.18623
25023~2343B ,      2450,   0.00032
25023~2343B ,      1791,   0.57327
25023~2343B ,      1790,   0.00038
25023~02351 ,      2449,   0.00038
25023~02351 ,      1886,   0.00093
25023~02351 ,      1790,   0.52135
25023~2097A ,      1881,   0.00403
25023~2097A ,      1875,   0.81959
25023~2094C ,      1877,   0.00038
25023~2094C ,      1879,   0.00071
25023~2094C ,      1876,   0.99795
25021~2071A ,      1847,   0.99671
25021~2071A ,      1844,   0.00047
25021~2071A ,      1846,   0.00048
25021~2071A ,      1845,   0.00029
25023~02312 ,      1890,   0.00156
25023~02312 ,      1888,   0.78834
25021~02075 ,      1847,   0.00037
25021~02075 ,      1846,   0.43409
25021~2076B ,      1846,   0.00097
25021~2076B ,      1845,   0.00379
25021~2076B ,      1836,   0.00106
25021~2076B ,      1731,   0.00092
25021~2076B ,      1805,   0.00033
25021~2076B ,      1839,   0.99127
25021~02072 ,      1847,   0.00037
25021~02072 ,      1844,   0.02647
25021~02072 ,      1843,   1.00000
25021~02072 ,      1842,   0.00046
25021~02070 ,      1829,   0.01324
25021~02070 ,      1833,   0.00100
25021~02070 ,      1837,   0.00341
25021~02070 ,      1836,   0.99894
25021~02070 ,      1835,   0.99915
25021~02070 ,      1839,   0.00485
25021~02067 ,      1829,   0.98676
25021~02067 ,      1833,   0.00602
25021~02067 ,      1830,   0.00163
25021~02067 ,      1809,   0.00054
25021~02067 ,      1824,   0.11056
25021~02081 ,      1840,   1.00000
25021~02081 ,      1845,   0.00058
25021~02081 ,      1839,   0.00340
25021~02081 ,      1842,   0.99816
25021~02081 ,      1841,   0.00411
25021~02068 ,      1841,   0.99589
25021~02079 ,      1833,   0.98997
25021~02079 ,      1830,   0.99837
25021~02079 ,      1834,   0.03528
25021~02079 ,      1825,   0.00045
25023~02310 ,      1883,   0.99956
25023~02310 ,      1866,   0.00050
25023~02310 ,      1889,   0.11772
25023~02310 ,      1891,   0.15244
25023~02310 ,      1847,   0.00037
25023~02310 ,      1882,   0.30752
25021~2076A ,      1846,   0.56398
25021~2076A ,      1845,   0.00029
25021~2076A ,      1731,   0.00092
25023~02311 ,      1890,   0.01168
25023~02311 ,      1889,   0.87888
25023~02225 ,      1866,   0.98387
25023~02225 ,      1838,   0.00041
25021~02073 ,      1866,   0.00454
25021~02073 ,      1844,   0.00047
25021~02073 ,      1838,   0.99710
25021~02073 ,      1837,   0.94466
25021~02073 ,      1835,   0.00085
25021~02077 ,      1833,   0.00301
25021~02077 ,      1864,   0.00609
25021~02077 ,      1834,   0.96427
25021~02077 ,      1838,   0.00041
25021~02077 ,      1837,   0.00038
25021~02066 ,      1864,   0.00254
25021~02066 ,      1834,   0.00045
25021~02066 ,      1832,   1.00000
25021~02066 ,      1862,   0.00114
25021~02066 ,      1831,   0.99797
25021~02066 ,      1828,   0.08999
25021~02066 ,      1826,   0.06489
25021~02066 ,      1827,   0.09165
25023~02200 ,      2472,   0.99894
25023~02200 ,      2473,   0.14113
25023~02200 ,      2471,   0.01592
25023~02197 ,      2420,   0.00046
25023~02197 ,      2471,   0.98378
25023~02197 ,      2474,   0.55950
25023~02211 ,      2450,   0.11256
25023~02211 ,      2451,   0.55144
25023~02215 ,      2450,   0.44452
25023~02215 ,      2449,   0.28577
25023~02216 ,      2452,   0.42995
25023~02216 ,      2474,   0.00034
25023~02216 ,      2451,   0.31488
25023~02212 ,      2452,   0.56625
25023~02212 ,      2474,   0.00170
25023~02212 ,      2453,   0.05715
25023~02214 ,      2457,   0.00181
25023~02214 ,      2452,   0.00380
25023~02214 ,      2453,   0.94208
25023~02214 ,      2454,   0.09326
25023~02214 ,      2450,   0.08673
25023~02214 ,      2451,   0.13368
25025~2584A ,       625,   0.00611
25025~2584A ,         1,   0.06630
25025~2582B ,         7,   0.00317
25025~2582B ,         9,   0.94451
25025~2476A ,       163,   0.99813
25025~2476A ,       164,   0.00996
25025~2476A ,       161,   0.00296
25025~2476B ,       165,   0.00106
25025~2476B ,       164,   0.98909
25025~02627 ,       151,   0.92286
25025~02627 ,       148,   0.01702
25025~02627 ,       156,   0.00046
25025~2593B ,        30,   0.00024
25025~2593B ,        25,   0.00031
25025~2593B ,        28,   0.00480
25025~2593B ,        27,   0.97209
25025~2370C ,       138,   0.00861
25025~2370C ,       135,   0.53292
25025~2556B ,       136,   0.99956
25025~2556B ,       137,   0.02126
25025~2556B ,       138,   0.00331
25025~2556B ,       135,   0.01336
25025~2556B ,       139,   0.04002
25025~02571 ,       163,   0.00027
25025~02571 ,       156,   0.99907
25025~02571 ,       153,   0.00069
25025~02571 ,       166,   0.00871
25025~2370D ,       140,   0.01024
25025~2370D ,       138,   0.91915
25025~02382 ,       158,   0.00342
25025~02382 ,       157,   0.98164
25025~02382 ,       149,   0.09200
25025~02382 ,       163,   0.00160
25025~02364 ,       136,   0.00044
25025~02364 ,       137,   0.87925
25025~02364 ,       139,   0.00518
25025~02364 ,       148,   0.00047
25025~02364 ,       143,   0.04123
25025~2377B ,       142,   0.32158
25025~2377B ,       141,   0.50670
25025~2389D ,        37,   0.00092
25025~2389D ,        36,   0.01087
25025~2389D ,        38,   0.96558
25025~2389D ,        39,   0.00332
25025~2553A ,        65,   0.00591
25025~2553A ,        66,   0.01918
25025~2553A ,        60,   0.08197
25025~2553A ,        56,   0.00583
25025~2553A ,        59,   0.95947
25025~2602A ,        33,   0.00710
25025~2602A ,        41,   0.00610
25025~2602A ,        35,   0.96232
25025~2602A ,        36,   0.01591
25025~2581A ,        50,   0.92678
25025~2581A ,        58,   0.00044
25025~2581A ,        46,   0.00083
25025~2581A ,        13,   0.00283
25025~2581A ,        54,   0.00227
25025~2581A ,        68,   0.00727
25025~2581A ,        45,   0.00038
25025~2641A ,       113,   0.00988
25025~2641A ,       114,   0.97250
25025~2641A ,       115,   0.00375
25025~2591A ,        50,   0.06829
25025~2591A ,        46,   0.08420
25025~2591A ,        13,   0.87153
25025~2591A ,        12,   0.00502
25025~2591A ,        39,   0.00148
25025~2604C ,        48,   0.00032
25025~2604C ,        49,   0.95384
25025~2604C ,        54,   0.00136
25025~2604C ,        45,   0.00385
25025~2593A ,        28,   0.98944
25025~2593A ,        27,   0.00233
25025~2593A ,        31,   0.00661
25025~2560B ,        19,   0.00208
25025~2560B ,        15,   0.99048
25025~2560B ,        65,   0.00084
25025~2560B ,        14,   0.00544
25025~2560B ,        66,   0.08333
25025~2560B ,        16,   0.00272
25025~2560A ,        15,   0.00301
25025~2560A ,        14,   0.95267
25025~2560A ,        66,   0.01739
25025~2560A ,        13,   0.00396
25025~2560A ,        67,   0.04291
25025~2560A ,        68,   0.00139
25025~2584C ,        21,   0.00331
25025~2584C ,         1,   0.62131
25025~2584C ,         2,   0.01048
25025~2584C ,         4,   0.00692
25017~01218 ,       625,   0.92944
25017~01218 ,       630,   0.00383
25017~01218 ,       198,   0.00421
25017~01218 ,         1,   0.00104
25017~01218 ,       203,   0.00040
25017~1230A ,       625,   0.00333
25017~1230A ,       630,   0.00874
25017~1230A ,       629,   0.99576
25017~1230A ,       646,   0.00468
25017~1230B ,       626,   0.00476
25017~1230B ,       625,   0.00722
25017~1230B ,       630,   0.98361
25017~1230B ,       631,   0.00062
25017~1230B ,       629,   0.00042
25025~02397 ,       625,   0.00389
25025~02397 ,       198,   0.97939
25025~02397 ,       192,   0.02473
25025~02397 ,       197,   0.00045
25025~02397 ,       203,   0.00081
25025~02397 ,       199,   0.00173
25023~02162 ,      1777,   0.37950
25023~02161 ,      1774,   0.00574
25023~02161 ,      1776,   0.36553
25023~02160 ,      1780,   0.00048
25023~02160 ,      1778,   0.64957
25023~02177 ,      1774,   0.11528
25023~02177 ,      1778,   0.35010
25023~02177 ,      1776,   0.16314
25023~02171 ,      1773,   0.00146
25023~02171 ,      1772,   0.23494
25023~02169 ,      1774,   0.44389
25023~02169 ,      1772,   0.00036
25023~02169 ,      1776,   0.02901
25023~2139A ,      1759,   0.59093
25023~2139A ,      1760,   0.02092
25023~02130 ,      1779,   0.31650
25023~02130 ,      1778,   0.00033
25023~02130 ,      1784,   0.00032
25023~02129 ,      1877,   0.00491
25023~02129 ,      1772,   0.76363
25023~02128 ,      1779,   0.28316
25023~02128 ,      1774,   0.14401
25023~02128 ,      1878,   0.00416
25023~02127 ,      1774,   0.29108
25023~02127 ,      1877,   0.00189
25023~02126 ,      1770,   0.44638
25023~02125 ,      1770,   0.50334
25021~02016 ,      1702,   1.00000
25021~02016 ,      1804,   0.00067
25021~02016 ,      1729,   0.00131
25021~02016 ,      1730,   0.00031
25021~02016 ,      1698,   0.99945
25021~02016 ,      1696,   0.03347
25021~02016 ,      1728,   0.00130
25021~02016 ,      1697,   0.00609
25021~01916 ,      1731,   0.07064
25021~01916 ,      1804,   0.00034
25021~01916 ,      1730,   0.99969
25021~02015 ,      1803,   0.00173
25021~02015 ,      1693,   0.62000
25021~02015 ,      1696,   0.96131
25021~02015 ,      1692,   0.03380
25021~02015 ,      1695,   0.00176
25021~01828 ,      1803,   0.00779
25021~01828 ,      1696,   0.00031
25021~01828 ,      1691,   0.00033
25021~01828 ,      1800,   0.99758
25021~01828 ,      1082,   0.00101
25021~01828 ,      1799,   0.09722
25021~01828 ,      1801,   0.00095
25021~01828 ,      1802,   0.01809
25021~01826 ,      1803,   0.05801
25021~01826 ,      1800,   0.00061
25021~01826 ,      1797,   0.04913
25021~01826 ,      1801,   0.99905
25021~01826 ,      1802,   0.91673
25021~01829 ,      1808,   0.00354
25021~01829 ,      1803,   0.92814
25021~01829 ,      1696,   0.00215
25021~01829 ,      1800,   0.00061
25021~01829 ,      1797,   0.00042
25021~01829 ,      1802,   0.06518
25021~01917 ,      1731,   0.92752
25021~01917 ,      1729,   0.38120
25021~01831 ,      1806,   0.99933
25021~01831 ,      1805,   0.00033
25021~01831 ,      1804,   0.99899
25021~01831 ,      1803,   0.00260
25021~01827 ,      1807,   0.00081
25021~01827 ,      1805,   0.99935
25009~0803B ,      1923,   0.00041
25009~0803B ,      1938,   0.99791
25009~0803B ,      1937,   0.00338
25023~02346 ,      1785,   0.44175
25023~02346 ,      1784,   0.69871
25023~02099 ,      1779,   0.00202
25023~02099 ,      1877,   0.05623
25023~02099 ,      1879,   0.03293
25023~02099 ,      1878,   0.96973
25023~02347 ,      1787,   0.17148
25023~02347 ,      1784,   0.27023
25023~02348 ,      1785,   0.08170
25023~02348 ,      1786,   0.41185
25023~02348 ,      1787,   0.34783
25023~02348 ,      1784,   0.02977
25023~02349 ,      1787,   0.48070
25023~2308A ,      1886,   0.99535
25023~2308A ,      1880,   0.00194
25023~2308A ,      1887,   0.00229
25023~2094A ,      1873,   0.79338
25023~2094A ,      1729,   0.00044
25023~2094A ,      1877,   0.00151
25023~2094A ,      1770,   0.00718
25023~2094A ,      1876,   0.00088
25023~2093A ,      1873,   0.00102
25023~2093A ,      1874,   0.58759
25023~2343A ,      2418,   0.00030
25023~2343A ,      1789,   0.82076
25023~2343A ,      1791,   0.01227
25023~2224A ,      1858,   0.96107
25023~2224A ,      1857,   0.00612
25021~01994 ,      1127,   0.00082
25021~01994 ,      1126,   0.17091
25021~01994 ,      1128,   0.94610
25021~01994 ,      1123,   0.92543
25021~01984 ,      1113,   0.00041
25021~01984 ,      1117,   0.22079
25021~01984 ,      1129,   0.95693
25021~01984 ,      1130,   0.18263
25021~01984 ,      1132,   0.01683
25021~01989 ,      1099,   0.59493
25021~01989 ,      1103,   0.00655
25021~1979A ,      1098,   0.00133
25021~1979A ,      1099,   0.39573
25021~02010 ,      1100,   0.89390
25021~02010 ,      1099,   0.00578
25021~02010 ,      1102,   0.96685
25021~1979B ,      1097,   0.00211
25021~1979B ,      1098,   0.99635
25021~1979B ,      1099,   0.00133
25021~1997B ,      1102,   0.01266
25021~1997B ,      1104,   0.00482
25021~1997B ,      1103,   0.98853
25021~02008 ,      1105,   0.00038
25021~02008 ,      1101,   0.76667
25025~2542A ,       369,   0.00359
25025~2542A ,       371,   0.00411
25025~2542A ,       339,   0.00665
25025~2542A ,       370,   0.99706
25025~02489 ,       165,   0.73171
25025~02489 ,       167,   0.00040
25025~02489 ,       164,   0.00071
25025~02489 ,       166,   0.00158
25025~2631A ,       158,   0.98716
25025~2631A ,       161,   0.00025
25025~2385B ,        25,   0.14308
25025~2378A ,       160,   0.21985
25025~02460 ,       397,   0.41367
25021~01981 ,      1110,   0.64516
25025~02445 ,       397,   0.23861
25021~02083 ,      1809,   0.00054
25021~02083 ,      1824,   0.88903
25021~2084C ,      1862,   0.00152
25021~2084C ,      1828,   0.88941
25021~2084C ,      1823,   0.00051
25021~2084C ,      1827,   0.00036
25021~1837A ,      1809,   0.98713
25021~1837A ,      1810,   0.00679
25021~1837A ,      1813,   0.00212
25021~1837A ,      1824,   0.00042
25021~02086 ,      1819,   0.97857
25021~02086 ,      1817,   0.00054
25021~01990 ,      1127,   0.00082
25021~01990 ,      1814,   0.00435
25021~01990 ,      1126,   0.75576
25021~01991 ,      1130,   0.02046
25021~01991 ,      1131,   0.90470
25021~01991 ,      1132,   0.86759
25021~02078 ,      1817,   0.95980
25021~02078 ,      1815,   0.00661
25021~02078 ,      1816,   0.94774
25021~02078 ,      1132,   0.00366
25021~02069 ,      1831,   0.00041
25021~02069 ,      1828,   0.01879
25021~02069 ,      1827,   0.90799
25021~2084A ,      1823,   0.00153
25021~02085 ,      1823,   0.00203
25021~02085 ,      1820,   0.93904
25021~02085 ,      1818,   0.97902
25021~02085 ,      1815,   0.00331
25023~02219 ,      1861,   0.00158
25023~02219 ,      1823,   0.00458
25023~02219 ,      1856,   0.98711
25023~02219 ,      1855,   0.00039
25021~02064 ,      1815,   0.70248
25021~02065 ,      1815,   0.13223
25021~02074 ,      1815,   0.03306
25021~02092 ,      1110,   0.00293
25025~2459A ,       334,   0.00058
25025~2459A ,       304,   0.03576
25025~2459A ,       333,   0.99958
25025~02524 ,       305,   0.97166
25025~2444B ,       297,   0.00078
25025~2444B ,       299,   0.01254
25025~2444B ,       298,   0.98916
25021~01845 ,       746,   0.89545
25021~01845 ,       747,   0.00166
25025~2444A ,       299,   0.98715
25025~2444A ,       301,   0.00029
25025~2444A ,       298,   0.00981
25025~2442C ,       294,   0.07151
25025~2550A ,       308,   0.01304
25025~2550A ,       345,   0.99846
25021~01936 ,      1082,   0.00101
25021~01936 ,      1689,   0.00048
25021~01936 ,      1070,   0.98609
25021~01936 ,      1077,   0.01333
25021~01936 ,      1073,   0.00455
25021~01936 ,      1069,   0.24674
25021~01936 ,      1071,   0.11991
25021~01937 ,      1072,   0.99579
25021~01937 ,      1071,   0.00831
25021~01937 ,       409,   0.00113
25025~2428A ,       382,   0.00060
25025~2428A ,       383,   0.00041
25025~2428A ,       384,   0.99301
25021~01940 ,      1070,   0.00048
25021~01940 ,      1077,   0.11544
25021~01940 ,      1073,   0.99545
25021~01940 ,      1074,   0.00040
25021~01940 ,      1071,   0.06173
25021~01934 ,      1072,   0.00053
25021~01934 ,      1076,   0.00158
25021~01934 ,      1075,   0.98960
25021~01934 ,       401,   0.00394
25021~01934 ,       402,   0.00275
25021~01934 ,       407,   0.00886
25021~02001 ,      1083,   0.00975
25021~02001 ,      1691,   0.00228
25021~02001 ,      1800,   0.00061
25021~02001 ,      1082,   0.98580
25021~02001 ,      1689,   0.00048
25021~02001 ,      1081,   0.01141
25021~02001 ,      1796,   0.00338
25021~02001 ,      1792,   0.00253
25021~02001 ,      1087,   0.03401
25021~02001 ,      1084,   0.00454
25021~01938 ,      1070,   0.00959
25021~01938 ,      1077,   0.87053
25021~01938 ,      1081,   0.00041
25021~01938 ,      1074,   0.99919
25021~01938 ,      1079,   0.00249
25021~01938 ,      1076,   0.01704
25021~01935 ,      1074,   0.00040
25021~01935 ,      1078,   0.00047
25021~01935 ,      1076,   0.97854
25021~01935 ,       401,   0.00072
25021~01992 ,      1082,   0.01217
25021~01992 ,      1077,   0.00070
25021~01992 ,      1081,   0.98778
25021~01992 ,      1079,   0.00166
25021~01992 ,      1087,   0.00084
25021~01932 ,      1081,   0.00041
25021~01932 ,      1078,   0.99859
25021~01932 ,      1079,   0.99586
25021~01932 ,      1080,   0.02512
25021~01932 ,      1076,   0.00032
25021~01932 ,       395,   0.00046
25021~01933 ,      1078,   0.00047
25021~01933 ,      1080,   0.97356
25021~01933 ,      1097,   0.00053
25021~01933 ,      1098,   0.00033
25021~01933 ,      1099,   0.00089
25025~02505 ,       404,   0.02024
25025~02505 ,       407,   0.00487
25025~02505 ,       406,   0.98438
25025~02505 ,       408,   0.00048
25025~02501 ,       404,   0.02448
25025~02501 ,       405,   0.99819
25025~02501 ,       352,   0.00069
25025~02546 ,       351,   0.00040
25025~02546 ,       348,   0.00050
25025~02546 ,       349,   0.87796
25025~02418 ,       351,   0.99920
25025~02418 ,       405,   0.00045
25025~02418 ,       349,   0.01275
25025~2498B ,       400,   0.00043
25025~2498B ,       403,   0.00061
25025~2498B ,       389,   0.98195
25025~2498B ,       388,   0.00968
25025~2498B ,       380,   0.00032
25025~02530 ,       371,   0.00123
25025~02530 ,       349,   0.09791
25025~02530 ,       346,   0.99462
25025~02530 ,       341,   0.02151
25025~02530 ,       344,   0.01429
25025~02530 ,       340,   0.02034
25025~2547B ,       376,   0.00039
25025~2547B ,       383,   0.99511
25025~2537B ,       394,   0.00050
25025~2537B ,       387,   0.95146
25025~2537B ,       378,   0.02227
25025~2537B ,       393,   0.00044
25025~2537B ,       386,   0.01099
25025~2537B ,       377,   0.00414
25025~2388A ,       387,   0.01462
25025~2388A ,       393,   0.01312
25025~2388A ,       386,   0.98534
25025~2388A ,       383,   0.00041
25025~2428B ,       385,   1.00000
25025~2428B ,       384,   0.00699
25025~02434 ,       379,   0.92154
25025~02434 ,       372,   0.04131
25023~02153 ,      1751,   0.99931
25023~02153 ,      1750,   0.00140
25023~02153 ,      1749,   0.14750
25023~02121 ,      1748,   0.11648
25023~02121 ,      1752,   0.00087
25023~02121 ,      1750,   0.59337
25023~2136A ,      1775,   0.41465
25023~2136A ,      1746,   0.04121
25023~2136A ,      1777,   0.00386
25023~02170 ,      1748,   0.00126
25023~02170 ,      1749,   0.49060
25023~02166 ,      1761,   0.72210
25023~02166 ,      1749,   0.10640
25023~02165 ,      1748,   0.35133
25023~2117A ,      1773,   0.13105
25023~2117A ,      1776,   0.00068
25023~2117A ,      1775,   0.38797
25023~2117A ,      1745,   0.01239
25023~2117A ,      1746,   0.00563
25023~02133 ,      1742,   0.50252
25023~02120 ,      1742,   0.36856
25005~0381B ,      3170,   0.00048
25005~0381B ,      3174,   0.75125
25023~2142B ,      1733,   0.00216
25023~2142B ,      1732,   0.38948
25023~2142B ,      1734,   0.00426
25023~2142A ,      1771,   0.00104
25023~2142A ,      1733,   0.97972
25023~2142A ,      1732,   0.00140
25023~2142A ,      1734,   0.00106
25023~02148 ,      1746,   0.70175
25023~02110 ,      1745,   0.57095
25023~02110 ,      1746,   0.00830
25023~02110 ,      1747,   0.00041
25023~2140B ,      1779,   0.39529
25023~2140B ,      1780,   0.00527
25023~2140B ,      1784,   0.00097
25023~2144B ,      1767,   0.14341
25023~2144B ,      1768,   0.11996
25023~2144B ,      1765,   0.00330
25023~2144B ,      1782,   0.00055
25023~2144A ,      1767,   0.01439
25023~2144A ,      1765,   0.77774
25023~2144A ,      1781,   0.00036
25023~02122 ,      1745,   0.32264
25023~02122 ,      1744,   0.07631
25023~02113 ,      1744,   0.28732
25023~02115 ,      1745,   0.09403
25023~02115 ,      1744,   0.26756
25023~02173 ,      1773,   0.00036
25023~02173 ,      1744,   0.36333
25023~02173 ,      1743,   0.00108
25023~02175 ,      1771,   0.00069
25023~02175 ,      1743,   0.51724
25023~02175 ,      1733,   0.00129
25023~02176 ,      1773,   0.45723
25023~02176 ,      1744,   0.00547
25023~02151 ,      1773,   0.40189
25023~02151 ,      1771,   0.99793
25023~02151 ,      1743,   0.03341
25023~02143 ,      1769,   0.00031
25023~02143 ,      1732,   0.59097
25021~01814 ,      1727,   0.84495
25021~01814 ,      1726,   0.00039
25021~01814 ,      1725,   0.21571
25021~01817 ,      1727,   0.15505
25021~01817 ,      1726,   0.99961
25021~01817 ,      1723,   0.00078
25021~01817 ,      1725,   0.02929
25023~02146 ,      1770,   0.04310
25023~02146 ,      1769,   0.74767
25023~02146 ,      1732,   0.00558
25023~02149 ,      1771,   0.00035
25023~02149 ,      1769,   0.25202
25021~01918 ,      1729,   0.61706
25021~01918 ,      1728,   0.99870
25023~02163 ,      1775,   0.00635
25023~02163 ,      1782,   0.00055
25023~02163 ,      1777,   0.38851
25025~2370B ,       140,   0.07216
25025~2370B ,       139,   0.00141
25025~2384C ,        80,   0.01231
25025~2384C ,        77,   0.00040
25025~2384C ,        81,   0.99418
25025~2384C ,        76,   0.00584
25025~2384C ,        83,   0.00043
25025~2384C ,        82,   0.01445
25025~2568B ,        77,   0.04946
25025~2568B ,        17,   0.97843
25025~2568B ,        18,   0.00653
25025~2568B ,        16,   0.04310
25025~2363C ,        77,   0.93857
25025~2363C ,        65,   0.00422
25025~2363C ,        18,   0.00921
25025~2363C ,        76,   0.01353
25025~2365B ,       144,   0.96776
25025~2365B ,       146,   0.00811
25025~2365B ,       145,   0.00191
25025~2365B ,       143,   0.49616
25025~2413C ,       183,   0.00136
25025~2413C ,       185,   0.90998
25025~2413C ,       184,   0.00831
25025~02613 ,       130,   0.87249
25025~02613 ,        20,   0.00299
25025~02613 ,       146,   0.00238
25025~02613 ,       147,   0.01189
25025~02613 ,       154,   0.01369
25025~02650 ,       115,   0.95838
25025~02650 ,        20,   0.04597
25025~2619A ,       110,   0.00089
25025~2619A ,       117,   0.00467
25025~2619A ,       122,   0.00498
25025~2619A ,       277,   0.00086
25025~2619A ,       312,   0.00512
25025~2619A ,       107,   0.00364
25025~2619A ,       116,   0.98664
25025~2374B ,        94,   0.99334
25025~2374B ,        88,   0.00047
25025~2374B ,        87,   0.00226
25025~2374B ,        92,   0.00037
25025~2374B ,        84,   0.08107
25025~2568C ,        77,   0.00080
25025~2568C ,        17,   0.00146
25025~2568C ,        18,   0.94818
25025~2553C ,        60,   0.00042
25025~2553C ,        55,   0.00043
25025~2553C ,        57,   0.04276
25025~2553C ,        56,   0.97667
25025~2553C ,        59,   0.00657
25025~2644A ,        83,   0.91482
25025~2644A ,       114,   0.02716
25025~2644A ,       115,   0.03787
25025~2644A ,        82,   0.00072
25025~2644A ,        20,   0.00299
25025~02420 ,        25,   0.42244
25025~02420 ,        27,   0.01070
25025~02367 ,        37,   0.00277
25025~02367 ,        11,   1.00000
25025~02367 ,        12,   0.96321
25025~02367 ,        39,   0.06058
25025~02367 ,        10,   0.02622
25025~02367 ,         9,   0.01050
25025~02586 ,        24,   0.00301
25025~02586 ,       628,   0.00276
25025~02586 ,        22,   0.00441
25025~02586 ,        21,   0.73951
25025~02586 ,        29,   0.01066
25025~02586 ,         1,   0.01770
25025~02586 ,         2,   0.01477
25025~2374A ,        94,   0.00524
25025~2374A ,        93,   0.00567
25025~2374A ,        95,   0.98651
25025~2374A ,        89,   0.00200
25025~02422 ,        30,   0.96934
25025~02422 ,        27,   0.00023
25025~02422 ,        31,   0.00259
25025~2566C ,        66,   0.00659
25025~2566C ,        60,   0.90921
25025~2566C ,        57,   0.00074
25025~2581B ,        14,   0.01959
25025~2581B ,        66,   0.04556
25025~2581B ,        50,   0.00114
25025~2581B ,        13,   0.03509
25025~2581B ,        67,   0.13505
25025~2581B ,        68,   0.94217
25025~2604B ,        46,   0.01876
25025~2604B ,        45,   0.98961
25025~2604B ,        38,   0.01648
25025~2604B ,        39,   0.00369
25025~02600 ,        52,   0.97695
25025~02600 ,        63,   0.00330
25025~02600 ,        53,   0.01795
25025~02600 ,        55,   0.00301
25025~2566B ,        66,   0.00060
25025~2566B ,        60,   0.00799
25025~2566B ,        53,   0.00093
25025~2566B ,        57,   0.95098
25025~2553B ,        55,   0.92162
25025~2553B ,        56,   0.01393
25025~2553B ,        59,   0.00621
25025~02594 ,        48,   0.00758
25025~02594 ,        41,   0.94442
25025~02594 ,        42,   0.03384
25025~02594 ,        36,   0.00970
25025~2582A ,         5,   0.95098
25025~2582A ,         8,   0.01434
25021~1849E ,       221,   0.00126
25021~1849E ,       739,   0.27211
25021~1849E ,       740,   0.00757
25017~01556 ,       994,   0.00046
25017~01556 ,      1003,   0.96149
25017~01556 ,       939,   0.00238
25017~01556 ,      1004,   0.00055
25017~01556 ,      1006,   0.00173
25017~01739 ,       992,   0.00453
25017~01739 ,       938,   0.00856
25017~01739 ,      1003,   0.00381
25017~01739 ,       939,   0.94577
25021~1857A ,       300,   0.00429
25021~1857A ,       751,   0.00142
25021~1857A ,       747,   0.01082
25021~1857A ,       748,   0.98210
25017~1719A ,       994,   0.00092
25017~1719A ,       996,   0.99312
25017~01713 ,       991,   0.00045
25017~01713 ,       981,   0.98678
25017~01713 ,       963,   0.00038
25017~01716 ,       964,   0.99365
25017~01716 ,       965,   0.00033
25025~2574B ,       229,   0.47625
25025~2574B ,       231,   0.10626
25025~2574B ,       218,   0.00122
25017~01712 ,       990,   0.96970
25017~01712 ,       981,   0.00311
25025~2640A ,       229,   0.86455
25025~2640A ,       221,   0.02982
25025~2640A ,       231,   0.29306
25025~2640A ,       232,   0.00343
25025~2640A ,       227,   0.00328
25025~2640A ,       230,   0.01657
25017~01706 ,       961,   0.98320
25017~01706 ,       965,   0.00033
25017~01706 ,       921,   0.01791
25017~01706 ,       920,   0.00134
25017~1216B ,       692,   0.97402
25017~1216B ,       687,   0.00049
25017~1216B ,       688,   0.00652
25017~01566 ,      1002,   0.97300
25017~01566 ,       935,   0.00653
25017~01566 ,       939,   0.03520
25017~01566 ,       934,   0.01815
25021~1844C ,       732,   0.99841
25021~1844C ,       237,   0.00110
25021~1844C ,       731,   0.00035
25017~01736 ,       926,   0.00119
25017~01736 ,       939,   0.01665
25017~01736 ,       934,   0.90969
25021~2047A ,      1031,   0.00110
25021~2047A ,      1489,   0.00251
25021~2047A ,      1032,   0.00457
25021~2047A ,      1490,   0.97244
25017~1216A ,       689,   0.00074
25017~1216A ,       685,   0.00041
25017~1216A ,       688,   0.96742
25017~01577 ,      1000,   0.00894
25017~01577 ,       999,   0.84853
25017~01577 ,      1013,   0.00395
25017~01742 ,       926,   0.72594
25017~01742 ,       934,   0.00133
25017~01167 ,       961,   0.00056
25017~01167 ,       912,   0.00039
25017~01167 ,       921,   0.97761
25017~01167 ,       915,   0.00491
25017~01167 ,       918,   0.00049
25017~01738 ,       933,   0.01741
25017~01738 ,       932,   0.99940
25017~01738 ,       934,   0.02346
25017~1725A ,       970,   0.01057
25017~1725A ,       969,   0.98763
25017~1725A ,       967,   0.16878
25017~1614A ,       620,   0.00758
25017~1614A ,       557,   0.00270
25017~1614A ,       623,   0.98542
25017~01163 ,       915,   0.99509
25017~01163 ,       918,   0.00246
25017~01170 ,       914,   1.00000
25017~01728 ,       965,   0.99934
25017~01728 ,       967,   0.83122
25017~1394B ,       947,   0.00046
25017~1394B ,       888,   0.00184
25017~1394B ,       946,   0.99547
25017~1394B ,       945,   0.00343
25017~01410 ,       943,   0.00555
25017~01410 ,       940,   0.99920
25017~01410 ,       945,   0.00419
25017~01410 ,       961,   0.00056
25021~1843A ,       253,   0.01226
25021~1843A ,       251,   0.03422
25021~1843A ,       735,   0.00430
25021~1843A ,       729,   0.50363
25021~1843A ,       246,   0.00077
25025~02642 ,       260,   0.04324
25025~02642 ,       735,   0.00258
25025~02642 ,       729,   0.00033
25025~02642 ,       261,   0.90071
25025~02642 ,       262,   0.04666
25025~02564 ,       260,   0.95448
25025~02564 ,       258,   0.00048
25025~02564 ,       729,   0.00363
25021~1852B ,       735,   0.14667
25025~2558A ,       249,   0.94913
25025~2558A ,       247,   0.00044
25025~2558A ,       246,   0.00462
25021~1849D ,       739,   0.31107
25021~1849D ,       211,   0.00213
25021~1849D ,       740,   0.01514
25021~1849D ,       220,   0.00266
25025~02635 ,       282,   0.00153
25025~02635 ,       272,   0.00117
25025~02635 ,       274,   0.76455
25025~02612 ,       281,   0.08757
25025~02612 ,       282,   0.00153
25025~02612 ,       270,   0.00367
25025~02612 ,       272,   0.32188
25025~02612 ,       271,   0.96334
25025~02612 ,       274,   0.22676
25025~2462A ,       334,   0.00289
25025~2462A ,       346,   0.00045
25025~2462A ,       345,   0.00039
25025~2462A ,       344,   0.98241
25025~02620 ,       265,   0.00038
25025~02620 ,       273,   0.00085
25025~02620 ,       272,   0.50664
25025~02620 ,       274,   0.00348
25025~02645 ,       263,   0.90198
25025~02645 ,       262,   0.00065
25025~02383 ,       256,   0.34533
25025~02383 ,       257,   0.04468
25025~02383 ,       254,   0.00172
25025~02383 ,       255,   0.00912
25021~1852A ,       735,   0.33892
25025~02579 ,       263,   0.09722
25025~02579 ,       265,   0.00075
25025~02579 ,       259,   0.99466
25025~02579 ,       258,   0.00143
25025~02579 ,       256,   0.01576
25025~02579 ,       257,   0.03213
25025~02579 ,       264,   0.01095
25025~02579 ,       261,   0.01560
25025~02579 ,       262,   0.02009
25025~02559 ,       256,   0.00149
25025~02559 ,       257,   0.54948
25017~01250 ,       660,   0.02076
25017~01250 ,       645,   0.28765
25017~01250 ,       658,   0.05035
25017~01250 ,       659,   0.02924
25017~01250 ,       644,   0.61467
25017~01246 ,       660,   0.02785
25017~01246 ,       656,   0.00151
25017~01246 ,       659,   0.96829
25017~01225 ,       645,   0.31218
25017~01225 ,       644,   0.00037
25017~01238 ,       665,   0.99858
25017~01238 ,       666,   0.00132
25017~01238 ,       654,   0.00832
25017~01232 ,       665,   0.00047
25017~01232 ,       656,   0.00050
25017~01232 ,       664,   0.00313
25017~01232 ,       654,   0.98336
25017~1623A ,       614,   0.99816
25017~1623A ,       716,   0.00822
25017~1623A ,       607,   0.00563
25017~1273A ,       698,   0.00036
25017~1273A ,       696,   0.00077
25017~1273A ,       679,   0.00133
25017~1273A ,       678,   0.95702
25017~1273A ,       677,   0.00710
25017~1273A ,       585,   0.00046
25017~01251 ,       643,   0.59482
25017~01251 ,       644,   0.00075
25017~01251 ,       655,   0.00564
25017~01251 ,       640,   0.00099
25017~01236 ,       656,   0.00050
25017~01236 ,       654,   0.00069
25017~01236 ,       655,   0.99230
25017~01233 ,       653,   0.00115
25017~01233 ,       652,   0.99931
25017~01233 ,       655,   0.00051
25017~01233 ,       640,   0.00644
25017~01244 ,       652,   0.00035
25017~01244 ,       638,   0.01744
25017~01244 ,       640,   0.00149
25017~01244 ,       651,   0.00088
25017~01244 ,       650,   0.99815
25017~01244 ,       633,   0.00226
25017~01244 ,       649,   0.00041
25025~02630 ,       277,   0.92602
25025~02630 ,       278,   0.02644
25025~02630 ,       312,   0.01023
25025~2653A ,       267,   0.00189
25025~2653A ,       265,   0.00188
25025~2653A ,       108,   0.99413
25025~2653A ,       109,   0.00565
25025~2556A ,       135,   0.42462
25025~02633 ,       320,   0.00186
25025~02633 ,       277,   0.01290
25025~02633 ,       312,   0.98465
25025~02633 ,       116,   0.00089
25025~02633 ,       313,   0.99796
25025~02633 ,       314,   0.00176
25025~02643 ,       265,   0.73210
25025~02643 ,       259,   0.00067
25025~02643 ,       264,   0.00376
25025~02643 ,       272,   0.00273
25025~2510B ,       401,   0.01147
25025~2510B ,       400,   0.96672
25025~2510B ,       403,   0.01596
25025~02496 ,       373,   0.99969
25025~02496 ,       380,   0.00032
25025~02496 ,       374,   0.00033
25025~02496 ,       372,   0.00102
25025~2465A ,       433,   0.00224
25025~2465A ,       306,   0.91996
25025~2465A ,       310,   0.00748
25025~2465A ,       307,   0.00066
25025~2465A ,       754,   0.00045
25025~2465A ,       751,   0.00071
25021~1892A ,      1541,   0.99833
25021~1892A ,      1540,   0.00116
25021~1892A ,      1539,   0.00342
25025~2441B ,       317,   0.00167
25025~2441B ,       133,   0.00599
25025~2441B ,       318,   0.99831
25025~2441B ,       319,   0.00046
25025~2468B ,       288,   0.00455
25025~2468B ,       289,   0.00053
25025~2468B ,       278,   0.94665
25025~2441A ,       134,   0.00081
25025~2441A ,       131,   0.00141
25025~2441A ,       132,   0.01222
25025~2441A ,       133,   0.99042
25025~2441A ,       130,   0.00134
25025~2467A ,       285,   0.00052
25025~2467A ,       287,   0.00062
25025~2467A ,       294,   0.00323
25025~2467A ,       297,   0.00117
25025~2467A ,       746,   0.00161
25025~2467A ,       745,   0.01321
25025~2467A ,       293,   1.00000
25025~2468A ,       291,   0.00538
25025~2468A ,       288,   0.97642
25025~2471B ,       292,   0.01301
25025~2471B ,       281,   0.00424
25025~2471B ,       282,   0.99643
25025~2471B ,       288,   0.01365
25025~2471B ,       274,   0.00043
25025~2439B ,       327,   0.99456
25025~2439B ,       326,   0.00045
25025~2450A ,       326,   0.99955
25025~2450A ,       334,   0.00925
25025~2450A ,       332,   0.00043
25025~02534 ,       339,   0.98812
25025~02534 ,       341,   0.00127
25025~02534 ,       337,   0.00042
25025~02534 ,       338,   0.01463
25025~02527 ,       366,   0.00046
25025~02527 ,       339,   0.00048
25025~02527 ,       330,   0.00037
25025~02527 ,       338,   0.97762
25025~2439A ,       335,   0.99960
25025~2439A ,       327,   0.00453
25025~02549 ,       330,   0.99040
25025~02549 ,       329,   0.00043
25025~2531B ,       310,   0.01296
25025~2531B ,       348,   0.00101
25025~2531B ,       308,   0.00401
25025~2531B ,       309,   0.98057
25025~02485 ,       320,   0.00047
25025~02485 ,       321,   0.97693
25025~02487 ,       320,   0.00186
25025~02487 ,       322,   0.99830
25025~02487 ,       325,   0.00343
25025~02487 ,       314,   0.00176
25025~02482 ,       320,   0.98184
25025~02482 ,       313,   0.00051
25025~02492 ,       322,   0.00113
25025~02492 ,       323,   0.99386
25025~02492 ,       316,   0.00044
25025~02452 ,       329,   0.99913
25025~02477 ,       322,   0.00057
25025~02477 ,       313,   0.00102
25025~02477 ,       314,   0.99076
25025~2449A ,       301,   0.02266
25025~2449A ,       332,   0.98456
25025~02484 ,       128,   0.00046
25025~02484 ,       315,   0.99956
25025~02484 ,       131,   0.00047
25025~02484 ,       129,   0.00776
25025~02484 ,       314,   0.00396
25025~02484 ,       323,   0.00546
25025~02484 ,       316,   0.01466
25025~02504 ,       391,   0.99890
25025~02504 ,       392,   0.00040
25025~02497 ,       391,   0.00037
25025~02497 ,       392,   0.99680
25025~2388B ,       394,   0.00050
25025~2388B ,       393,   0.98338
25025~2388B ,       392,   0.00240
25025~2388B ,       386,   0.00275
25025~2377A ,       140,   0.89274
25025~2377A ,       142,   0.00296
25025~2377A ,       141,   0.07696
25025~2377A ,       139,   0.08380
25025~2377A ,       149,   0.00231
25025~02597 ,       257,   0.00332
25025~02597 ,        26,   0.01233
25025~02597 ,        92,   0.94241
25025~02597 ,        84,   0.00037
25025~2623A ,       144,   0.00047
25025~2623A ,       146,   0.95660
25025~2623A ,       147,   0.00297
25025~02575 ,       106,   0.99612
25025~02575 ,       105,   0.00921
25025~02575 ,       108,   0.00587
25025~02575 ,       109,   0.00087
25025~02575 ,        95,   0.01194
25025~02575 ,       107,   0.00971
25025~2653B ,       267,   0.00755
25025~2653B ,       273,   0.00042
25025~2653B ,       109,   0.99304
25025~2653B ,       107,   0.03036
25025~02563 ,        85,   0.00075
25025~02563 ,        26,   0.00668
25025~02563 ,        92,   0.00074
25025~02563 ,        84,   0.91856
25025~02652 ,       110,   0.00402
25025~02652 ,       277,   0.00172
25025~02652 ,       107,   0.94536
25025~02652 ,       116,   0.00980
25025~2378B ,       160,   0.61406
25025~02636 ,       122,   0.99005
25025~02636 ,       127,   0.00045
25025~02636 ,       123,   0.00134
25025~02636 ,       116,   0.00089
25025~02636 ,       313,   0.00051
25025~02636 ,       314,   0.00044
25025~2576B ,       148,   0.00095
25025~2576B ,       143,   0.46261
25025~2370A ,       140,   0.00049
25025~2370A ,       137,   0.09949
25025~2370A ,       138,   0.00530
25025~2370A ,       139,   0.86959
25025~2370A ,       148,   0.00236
25025~2363B ,        77,   0.00558
25025~2363B ,        81,   0.00036
25025~2363B ,        83,   0.07823
25025~2363B ,        82,   0.97941
25025~2363B ,        20,   0.00179
25025~2373A ,        77,   0.00040
25025~2373A ,        18,   0.02035
25025~2373A ,        83,   0.00652
25025~2373A ,        82,   0.00542
25025~2373A ,        20,   0.80299
25017~01245 ,       638,   0.01822
25017~01245 ,       643,   0.00121
25017~01245 ,       640,   0.97870
25017~01280 ,       638,   0.00155
25017~01280 ,       633,   0.98302
25017~01280 ,       649,   0.00618
25017~01280 ,       632,   0.00101
25017~01280 ,       634,   0.00034
25017~1227B ,       637,   0.00474
25017~1227B ,       626,   0.00329
25017~1227B ,       636,   0.00410
25017~1227B ,       627,   0.98046
25017~01231 ,       638,   0.95775
25017~01231 ,       637,   0.00032
25017~01231 ,       633,   0.01132
25017~01231 ,       635,   0.03421
25025~02557 ,        85,   0.91742
25025~02557 ,        26,   0.00103
25025~02557 ,        86,   0.00292
25025~2582D ,        12,   0.00167
25025~2582D ,         7,   0.94740
25025~2582D ,         5,   0.00123
25025~2582D ,         9,   0.00750
25025~2582D ,         8,   0.00398
25025~02595 ,        85,   0.00188
25025~02595 ,        26,   0.00257
25025~02595 ,        86,   0.91171
25017~1227A ,       626,   0.87157
25017~1227A ,       625,   0.01000
25017~1227A ,       630,   0.00109
25017~1227A ,       628,   0.01932
25017~01214 ,       626,   0.00146
25017~01214 ,       635,   0.00489
25017~01214 ,       636,   0.95014
25025~2570A ,       256,   0.11719
25025~2570A ,       254,   0.55872
25025~2570A ,       255,   0.01100
25017~01247 ,       637,   0.00221
25017~01247 ,       626,   0.00037
25017~01247 ,       625,   0.00278
25017~01247 ,       628,   0.39956
25017~01247 ,       627,   0.01954
25017~1162A ,       940,   0.00080
25017~1162A ,       961,   0.00952
25017~1162A ,       921,   0.00448
25017~1162A ,       920,   0.98122
25017~1162A ,       918,   0.00049
25017~01221 ,       677,   0.00044
25017~01221 ,       661,   0.97992
25017~01221 ,       662,   0.00038
25017~01221 ,       647,   0.00039
25025~2419A ,       192,   0.01839
25025~2419A ,       193,   0.96795
25025~2419A ,       194,   0.00512
25017~01639 ,       608,   0.98428
25017~01639 ,       585,   0.00694
25017~01639 ,       605,   0.00110
25017~01271 ,       661,   0.00054
25017~01271 ,       663,   0.00042
25017~01271 ,       662,   0.00038
25017~01271 ,       651,   0.99824
25017~01271 ,       647,   0.00079
25021~1939A ,      1070,   0.00336
25021~1939A ,      1069,   0.75326
25021~1939A ,      1071,   0.00237
25021~1939A ,       419,   0.00044
25021~1939A ,       420,   0.00909
25025~2435A ,       440,   0.00043
25025~2435A ,       444,   0.53914
25025~2435A ,       446,   0.00096
25025~2435A ,       445,   0.00205
25025~2500B ,       426,   0.00263
25025~2500B ,       427,   0.99864
25025~2513B ,       436,   0.00517
25025~2513B ,       435,   0.99655
25025~02438 ,       432,   0.99968
25025~02438 ,       431,   0.00181
25025~02438 ,       441,   0.00041
25021~01847 ,      1040,   0.00320
25021~01847 ,      1041,   0.00251
25021~01847 ,       753,   0.86935
25021~01858 ,      1051,   0.00074
25021~01858 ,       755,   0.98681
25021~01858 ,       442,   0.00429
25021~01858 ,       754,   0.00045
25021~01858 ,       753,   0.12817
25017~01582 ,      1016,   0.82506
25017~01582 ,      1015,   0.00846
25017~01582 ,      1017,   0.00282
25017~01560 ,      1016,   0.00100
25017~01560 ,      1037,   0.00218
25017~01560 ,       210,   0.00578
25017~01560 ,      1038,   0.69007
25017~01560 ,       211,   0.00853
25017~01560 ,       750,   0.00104
25017~01560 ,      1039,   0.00223
25025~02475 ,       739,   0.00618
25025~02475 ,       219,   0.00088
25025~02475 ,       210,   0.29140
25025~02475 ,       211,   0.98721
25025~02475 ,       750,   0.01250
25025~02475 ,       220,   0.00488
25021~01860 ,      1038,   0.00139
25021~01860 ,       211,   0.00160
25021~01860 ,       750,   0.96406
25021~01860 ,       752,   0.00473
25025~2500A ,       426,   0.98456
25025~2500A ,       427,   0.00091
25025~2474A ,       127,   0.00090
25025~2474A ,       128,   0.99726
25025~2474A ,       315,   0.00044
25025~2474A ,       314,   0.00044
25025~02425 ,       430,   0.00377
25025~02425 ,       429,   1.00000
25025~02425 ,       425,   0.00144
25025~2509A ,       440,   0.00086
25025~2509A ,       446,   0.00143
25025~2509A ,       445,   0.98772
25025~02494 ,       411,   0.00048
25025~02494 ,       426,   0.00066
25025~02494 ,       413,   0.00449
25025~02494 ,       412,   0.99805
25025~02437 ,       406,   0.00043
25025~02437 ,       424,   1.00000
25025~02437 ,       351,   0.00040
25025~02437 ,       426,   0.01084
25025~02437 ,       412,   0.00039
25025~02437 ,       423,   0.00083
25025~2495A ,       755,   0.00139
25025~2495A ,       442,   0.97426
25025~2430A ,       440,   0.00086
25025~2430A ,       441,   0.00041
25025~2430A ,       443,   0.97460
25025~02522 ,       310,   0.97757
25025~02522 ,       348,   0.00050
25025~02545 ,       423,   0.00041
25025~02545 ,       348,   0.99042
25025~02545 ,       349,   0.00820
25025~02545 ,       347,   0.00081
25025~02541 ,       348,   0.00454
25025~02541 ,       309,   0.01899
25025~02541 ,       347,   0.99919
25025~2430B ,       440,   0.00128
25025~2430B ,       441,   0.99876
25025~2430B ,       442,   0.00048
25025~2430B ,       443,   0.00537
25021~01856 ,       306,   0.00222
25021~01856 ,       302,   0.00268
25021~01856 ,       751,   0.99253
25021~01846 ,       751,   0.00356
25021~01846 ,       750,   0.00052
25021~01846 ,       740,   0.02703
25021~01846 ,       749,   0.92110
25025~2478A ,       285,   0.99948
25025~2478A ,       287,   0.00186
25025~2478A ,       286,   0.00362
25025~2478A ,       284,   0.01141
25021~1849C ,       732,   0.00053
25021~1849C ,       733,   0.48738
25021~1849C ,       738,   0.01817
25025~2470A ,       279,   0.00051
25025~2470A ,       745,   0.01321
25025~2470A ,       284,   0.01070
25025~2470A ,       283,   0.99722
25025~2488A ,       297,   0.00039
25025~2488A ,       296,   0.99916
25025~2488A ,       301,   0.01354
25025~2488A ,       298,   0.00052
25025~02525 ,       307,   0.89329
25025~02525 ,       308,   0.00033
25025~02456 ,       306,   0.07648
25025~02456 ,       307,   0.10605
25025~02456 ,       302,   0.99625
25025~02456 ,       751,   0.00071
25017~01239 ,       661,   0.00109
25017~01239 ,       647,   0.99803
25017~01229 ,       582,   0.00427
25017~01229 ,       648,   0.00038
25017~01229 ,       647,   0.00039
25017~01229 ,       646,   0.98285
25017~01629 ,       583,   0.00648
25017~01629 ,       581,   0.02872
25017~01629 ,       582,   0.99200
25017~01629 ,       629,   0.00382
25017~01629 ,       646,   0.01247
25017~01644 ,       583,   0.98705
25017~01644 ,       581,   0.00072
25017~01644 ,       582,   0.00373
25017~01641 ,       608,   0.00225
25017~01641 ,       606,   0.00154
25017~01641 ,       604,   0.14963
25017~01641 ,       581,   0.00144
25017~01641 ,       605,   0.99853
25017~01626 ,       611,   1.00000
25017~01626 ,       602,   0.01561
25017~1254B ,       614,   0.00092
25017~1254B ,       716,   0.95372
25017~01620 ,       550,   0.00150
25017~01620 ,       603,   0.94559
25017~1647B ,       604,   0.00164
25017~1647B ,       588,   0.00526
25017~1647B ,       587,   0.99347
25017~1647B ,       589,   0.00082
25017~1647B ,       205,   0.00042
25017~1647A ,       588,   0.94789
25017~1647A ,       587,   0.00163
25017~1647A ,       590,   0.00078
25017~1647A ,       589,   0.00041
25017~1254A ,       703,   0.00128
25017~1254A ,       721,   0.00036
25017~1254A ,       704,   0.00102
25017~1254A ,       717,   0.95455
25017~1254A ,       716,   0.02163
25017~1643A ,       587,   0.00041
25017~1643A ,       579,   0.00115
25017~1643A ,       205,   0.00878
25017~1643A ,       580,   0.94220
25017~1643A ,       204,   0.00045
25025~2419B ,       193,   0.00053
25025~2419B ,       194,   0.97848
25025~2415B ,       197,   0.00535
25025~2415B ,       196,   0.99914
25025~2415B ,       194,   0.00154
25017~01645 ,       583,   0.00648
25017~01645 ,       604,   0.00164
25017~01645 ,       581,   0.96913
25017~01645 ,       579,   0.01727
25017~01640 ,       606,   0.00154
25017~01640 ,       604,   0.84628
25017~01640 ,       588,   0.03105
25017~01640 ,       587,   0.00163
25017~1619A ,       608,   0.00150
25017~1619A ,       677,   0.00178
25017~1619A ,       586,   0.00746
25017~1619A ,       585,   0.99120
25017~1619A ,       584,   0.00674
25017~01636 ,       579,   0.98158
25017~01636 ,       580,   0.05511
25017~01636 ,       203,   0.00081
25017~1619B ,       608,   0.01198
25017~1619B ,       677,   0.01287
25017~1619B ,       585,   0.00139
25017~1619B ,       584,   0.99326
25017~1619B ,       661,   0.01791
25025~02405 ,       587,   0.00285
25025~02405 ,       589,   0.00123
25025~02405 ,       205,   0.91350
25025~02405 ,       580,   0.00134
25025~02405 ,       204,   0.00225
25025~2413E ,       169,   0.00040
25025~2413E ,       183,   0.15036
25025~2413E ,       184,   0.00156
25025~2402B ,       196,   0.00043
25025~2402B ,       202,   0.00059
25025~2402B ,       195,   0.98468
25017~01627 ,       597,   0.01890
25017~01627 ,       599,   0.04762
25017~01627 ,       596,   0.99240
25017~01627 ,       591,   0.00064
25017~01627 ,       595,   0.00174
25017~01625 ,       596,   0.00051
25017~01625 ,       591,   0.01716
25017~01625 ,       594,   0.00633
25017~01625 ,       592,   0.00233
25017~01625 ,       595,   0.98824
25025~2402A ,       205,   0.00084
25025~2402A ,       202,   0.95484
25025~2402A ,       195,   0.00146
25017~01621 ,       205,   0.00125
25017~01621 ,       591,   0.01144
25017~01621 ,       206,   0.00513
25017~01621 ,       594,   0.98480
25017~01621 ,       592,   0.00931
25017~01621 ,       595,   0.00131
25017~01621 ,       593,   0.00606
25025~02401 ,       205,   0.05015
25025~02401 ,       206,   0.67659
25025~02624 ,       118,   1.00000
25025~02624 ,       119,   0.00261
25025~02614 ,       123,   0.00089
25025~02614 ,       119,   0.99739
25025~02614 ,       120,   0.00594
25025~02614 ,       114,   0.00034
25025~02440 ,       126,   0.00045
25025~02440 ,       131,   0.00611
25025~02440 ,       129,   0.98190
25025~02440 ,       121,   0.00045
25025~02440 ,       130,   0.06732
25025~2576A ,       146,   0.00429
25025~2576A ,       151,   0.00046
25025~2576A ,       148,   0.04161
25025~2576A ,       145,   0.99618
25021~1849F ,       739,   0.40631
25021~1849F ,       740,   0.00108
25021~1849F ,       738,   0.00666
25021~1849F ,       741,   0.00542
25025~2640D ,       221,   0.00042
25025~2640D ,       234,   0.00075
25025~2640D ,       231,   0.00280
25025~2640D ,       232,   0.96686
25025~2640D ,       733,   0.00040
25025~2640D ,       233,   0.00847
25021~1857B ,       297,   0.00509
25021~1857B ,       747,   0.96131
25021~1857B ,       748,   0.00976
25017~01737 ,       925,   0.01287
25017~01737 ,       222,   0.02603
25017~01737 ,       923,   0.00866
25017~01737 ,       924,   0.97578
25025~2625A ,       221,   0.00756
25025~2625A ,       217,   0.01832
25025~2625A ,       219,   0.03807
25025~2625A ,       211,   0.00053
25025~2625A ,       218,   0.03698
25025~2625A ,       220,   0.98980
25025~2574A ,       229,   0.01374
25025~2574A ,       216,   0.00039
25025~2574A ,       217,   0.00041
25025~2574A ,       218,   0.96180
25021~1859C ,       750,   0.02083
25021~1859C ,       740,   0.04865
25025~2625B ,       221,   0.99076
25025~2625B ,       232,   0.00057
25025~2625B ,       220,   0.00266
25025~2453B ,       297,   0.99256
25025~2453B ,       300,   0.01014
25025~2453B ,       746,   0.08616
25025~2453B ,       296,   0.00084
25025~2453B ,       298,   0.00052
25025~2453B ,       747,   0.01414
25025~2618B ,       219,   0.89234
25025~2618B ,       215,   0.00038
25025~2618A ,       217,   0.97639
25025~2618A ,       219,   0.02101
25025~02596 ,       224,   0.93316
25025~02596 ,       223,   0.00084
25017~1404A ,       942,   0.00673
25017~1404A ,       943,   0.98088
25017~1404A ,       944,   0.00229
25025~02607 ,       223,   0.97155
25025~02429 ,       241,   0.03192
25025~02429 ,       239,   0.00120
25025~02429 ,       240,   0.97499
25025~02429 ,       223,   0.00042
25017~1725B ,       970,   0.98554
25017~1725B ,       941,   0.00058
25017~1725B ,       969,   0.01129
25017~01165 ,       929,   0.00031
25017~01165 ,       911,   0.99797
25017~01169 ,       908,   0.99961
25017~01169 ,       715,   0.00257
25017~1731A ,       931,   0.01075
25017~1731A ,       930,   0.85893
25017~1731A ,       927,   0.00038
25017~1731A ,       929,   0.00031
25017~1731A ,       913,   0.00370
25017~1166A ,       912,   0.96868
25017~01274 ,       922,   0.00032
25017~01274 ,       908,   0.00039
25017~01274 ,       715,   0.38894
25017~01274 ,       714,   0.05111
25017~1731B ,       931,   0.98925
25017~1731B ,       930,   0.00219
25017~1731B ,       913,   0.00494
25017~1166B ,       937,   0.00107
25017~1166B ,       913,   0.98890
25017~1166B ,       911,   0.00174
25017~1166B ,       912,   0.03093
25017~01282 ,       726,   0.45741
25017~1740B ,       936,   0.98274
25017~1740B ,       937,   0.00855
25017~1740B ,       913,   0.00123
25017~1732A ,       923,   0.01018
25017~1732A ,       928,   0.00033
25017~1732A ,       922,   0.99547
25017~1732A ,       712,   0.00041
25017~1732A ,       714,   0.00085
25017~1614B ,       620,   0.99242
25017~1614B ,       623,   0.00228
25025~2569A ,       294,   0.88710
25025~2569A ,       292,   0.02651
25025~2569A ,       291,   0.00385
25025~02358 ,       232,   0.02400
25025~02358 ,       233,   0.00053
25025~2629A ,       279,   0.00354
25025~2629A ,       280,   0.99002
25025~2629A ,       281,   0.03578
25025~2629A ,       270,   0.01762
25025~2629A ,       271,   0.02383
25025~2551C ,       234,   0.00602
25025~2551C ,       236,   0.00036
25025~2551C ,       248,   0.01967
25025~2551C ,       235,   0.98036
25025~2395B ,       242,   0.99462
25025~2395B ,       241,   0.00654
25025~2395B ,       243,   0.02434
25025~02601 ,       248,   0.00043
25025~02601 ,       242,   0.00041
25025~02601 ,       247,   0.98722
25025~02601 ,       223,   0.00042
25025~02601 ,       243,   0.00043
25017~1237A ,       684,   0.00039
25017~1237A ,       682,   0.00070
25017~1237A ,       691,   0.00179
25017~1237A ,       690,   0.98792
25025~02552 ,       248,   0.96322
25025~02552 ,       249,   0.00068
25025~02552 ,       247,   0.00573
25025~02552 ,       230,   0.00075
25025~02583 ,       238,   0.09505
25025~02583 ,       241,   0.00038
25025~02583 ,       923,   0.01375
25025~02583 ,       239,   0.84758
25025~02583 ,       240,   0.00068
25025~02583 ,       712,   0.04452
25025~02398 ,       242,   0.00083
25025~02398 ,       243,   0.90564
25025~02398 ,       245,   0.00034
25021~1859D ,       750,   0.00104
25021~1859D ,       740,   0.89622
25021~1859D ,       749,   0.07890
25021~1859D ,       741,   0.00968
25021~1859D ,       742,   0.00091
25025~02387 ,       238,   0.88176
25025~02387 ,       239,   0.14166
25025~02387 ,       712,   0.00041
25025~02387 ,       685,   0.07253
25025~02391 ,       243,   0.06746
25025~02391 ,       245,   0.96408
25025~02391 ,       244,   0.00075
25025~2639B ,       236,   0.99964
25025~2639B ,       250,   0.00208
25025~2639B ,       248,   0.01583
25025~2639B ,       249,   0.03107
25025~2639B ,       237,   0.08931
25021~01851 ,       737,   0.00494
25021~01851 ,       744,   0.00079
25021~01851 ,       736,   1.00000
25021~01851 ,       745,   0.07736
25021~1843B ,       253,   0.01445
25021~1843B ,       735,   0.00344
25021~1843B ,       729,   0.17734
25025~2550B ,       305,   0.02796
25025~2550B ,       308,   0.00033
25025~2550B ,       304,   0.02934
25025~2550B ,       343,   1.00000
25025~2550B ,       333,   0.00042
25025~2550B ,       345,   0.00116
25025~2550B ,       344,   0.00055
25021~1843C ,       251,   0.02204
25021~1843C ,       729,   0.13111
25025~02361 ,       253,   0.68983
25025~02361 ,       258,   0.05190
25025~02361 ,       254,   0.00378
25025~02423 ,       253,   0.00300
25025~02423 ,       251,   0.00870
25025~02423 ,       247,   0.00573
25025~02423 ,       243,   0.00213
25025~02423 ,       246,   0.95923
25025~02423 ,       245,   0.01505
25025~02423 ,       668,   0.07638
25025~02585 ,       684,   0.01233
25025~02585 ,       244,   0.95149
25017~1258A ,       696,   0.97655
25017~1258A ,       695,   0.01210
25017~1258A ,       697,   0.02039
25017~01217 ,       669,   0.00181
25017~01217 ,       660,   0.00101
25017~01217 ,       246,   0.00462
25017~01217 ,       668,   0.92256
25017~01219 ,       660,   0.93266
25017~01219 ,       659,   0.00050
25017~01219 ,       668,   0.00035
25017~1273B ,       677,   0.97736
25017~01243 ,       669,   0.00272
25017~01243 ,       667,   0.00044
25017~01243 ,       670,   0.99858
25017~01243 ,       666,   0.00044
25017~01243 ,       671,   0.00032
25017~1258B ,       695,   0.95081
25017~1258B ,       697,   0.00291
25017~1281A ,       661,   0.00054
25017~1281A ,       662,   0.99886
25017~1281A ,       676,   0.00653
25017~01256 ,       238,   0.00348
25017~01256 ,       239,   0.00299
25017~01256 ,       712,   0.95383
25017~01256 ,       711,   0.25093
25017~01263 ,       711,   0.72824
25017~1618B ,       610,   0.99959
25017~1618B ,       606,   0.00359
25017~1618B ,       601,   0.01486
25017~1638A ,       615,   0.00075
25017~1638A ,       612,   0.98133
25017~1638A ,       603,   0.05441
25017~1618A ,       610,   0.00041
25017~1618A ,       606,   0.99333
25017~1618A ,       604,   0.00082
25017~1618A ,       600,   0.01283
25017~1618A ,       588,   0.01579
25017~1618A ,       605,   0.00037
25017~1732B ,       923,   0.96690
25017~1732B ,       239,   0.00359
25017~1732B ,       928,   0.00066
25017~1732B ,       922,   0.00388
25017~1732B ,       712,   0.00082
25017~01523 ,       597,   0.00145
25017~01523 ,       602,   0.00422
25017~01523 ,       550,   0.98598
25017~01523 ,       598,   0.00986
25017~01220 ,       890,   0.00201
25017~01220 ,       719,   0.88519
25017~01220 ,       720,   0.00903
25017~01220 ,       891,   0.00048
25017~01220 ,       622,   0.00136
25017~01220 ,       618,   0.00209
25017~01252 ,       705,   0.00041
25017~01252 ,       721,   0.86852
25017~01252 ,       717,   0.03915
25017~01261 ,       702,   0.00043
25017~01261 ,       703,   0.00085
25017~01261 ,       721,   0.00144
25017~01261 ,       704,   0.98571
25017~01261 ,       717,   0.00540
25017~01624 ,       616,   0.00044
25017~01624 ,       618,   0.03079
25017~01624 ,       718,   0.00549
25017~01624 ,       619,   0.00191
25017~01624 ,       617,   0.99659
25017~01215 ,       684,   0.98690
25017~01215 ,       683,   0.00392
25017~01215 ,       689,   0.00074
25017~01215 ,       690,   0.00151
25017~01215 ,       685,   0.00122
25017~01215 ,       688,   0.01554
25017~01215 ,       244,   0.01381
25017~1632B ,       600,   0.96773
25017~1632B ,       599,   0.02046
25017~1554A ,      1028,   0.74707
25017~1554A ,      1027,   0.00626
25017~1554B ,      1028,   0.00379
25017~1554B ,      1027,   0.98837
25017~01259 ,       682,   0.99930
25017~01259 ,       690,   0.00151
25017~01240 ,       693,   0.00049
25017~01240 ,       692,   0.02111
25017~01240 ,       679,   0.00044
25017~01240 ,       691,   0.99392
25017~01240 ,       690,   0.00075
25017~01240 ,       681,   0.00907
25017~01240 ,       680,   0.00039
25017~01267 ,       701,   0.00076
25017~01267 ,       694,   0.99956
25017~01267 ,       693,   0.00146
25017~01267 ,       696,   0.01884
25017~01267 ,       699,   0.00034
25017~01267 ,       691,   0.00107
25017~01267 ,       695,   0.03631
25017~1638B ,       619,   0.00064
25017~1638B ,       621,   0.00071
25017~1638B ,       615,   0.99251
25017~1638B ,       612,   0.00848
25017~01226 ,       698,   0.97713
25017~01226 ,       695,   0.00077
25017~01226 ,       697,   0.01981
25017~01226 ,       586,   0.00124
25017~01278 ,       679,   0.99823
25017~01278 ,       678,   0.00039
25017~01278 ,       677,   0.00044
25017~01278 ,       680,   0.00039
25017~01278 ,       676,   0.00038
25017~1623B ,       607,   0.99437
25017~1162C ,       920,   0.00604
25017~1162C ,       918,   0.14180
25017~01642 ,       703,   0.00214
25017~01642 ,       678,   0.00079
25017~01642 ,       586,   0.98881
25017~1224B ,       710,   0.00096
25017~1224B ,       709,   0.99873
25017~1224B ,       708,   0.00051
25017~01276 ,       698,   0.00036
25017~01276 ,       703,   0.99487
25017~01276 ,       699,   0.00034
25017~01276 ,       716,   0.01471
25017~01276 ,       586,   0.00124
25017~1615A ,       623,   0.00091
25017~1615A ,       621,   0.99714
25017~1615A ,       615,   0.00075
25017~01630 ,       619,   0.99746
25017~01630 ,       615,   0.00037
25025~2407A ,       200,   0.00257
25025~2407A ,       202,   0.00059
25025~2407A ,       204,   0.01983
25025~2407A ,       201,   0.99959
25025~2407A ,       199,   0.00345
25017~1224A ,       713,   0.00544
25017~1224A ,       710,   0.93780
25017~1224A ,       709,   0.00096
25017~1224A ,       708,   0.00051
25017~1224A ,       687,   0.00098
25025~2409A ,       205,   0.02048
25025~2409A ,       580,   0.00134
25025~2409A ,       203,   0.00404
25025~2409A ,       204,   0.97612
25009~0670A ,      2009,   0.00647
25009~0670A ,      2019,   0.00294
25009~0670A ,      2018,   0.97258
25009~0670A ,      2017,   0.00186
25009~0670A ,      2000,   0.05112
25009~0670A ,      1999,   0.02900
25009~0567B ,      1336,   0.00081
25009~0567B ,      1325,   0.99811
25009~0567A ,      2006,   0.00051
25009~0567A ,      2005,   0.00307
25009~0567A ,      1336,   0.36940
25009~0567A ,      1325,   0.00151
25009~0685A ,      2006,   0.00051
25009~0685A ,      2005,   0.99693
25009~0685A ,      1336,   0.00040
25009~0685A ,      2002,   0.00796
25009~0685A ,      2004,   0.12261
25009~00680 ,      2008,   0.00207
25009~00680 ,      2009,   0.73587
25009~00680 ,      2017,   0.00047
25009~00680 ,      2003,   0.01674
25009~00678 ,      2016,   0.38423
25009~00678 ,      2015,   0.33887
25009~00678 ,      2017,   0.03447
25009~00677 ,      2016,   0.60850
25009~0668A ,      1997,   0.00405
25009~0668A ,      1998,   0.32336
25009~0670B ,      2019,   0.00098
25009~0670B ,      2018,   0.00067
25009~0670B ,      2017,   0.95622
25009~00671 ,      2023,   0.00127
25009~00671 ,      2016,   0.00038
25009~00671 ,      2020,   0.72517
25009~00671 ,      2021,   0.00403
25009~00673 ,      2014,   0.50579
25009~00674 ,      2016,   0.00689
25009~00674 ,      2014,   0.49421
25009~00676 ,      2022,   0.45334
25009~00676 ,      2021,   0.82451
25009~00738 ,      2022,   0.00070
25009~00738 ,      2021,   0.00288
25009~00738 ,      2068,   0.30345
25009~00657 ,      2023,   0.07591
25009~00657 ,      2020,   0.00331
25009~00657 ,      2022,   0.43446
25009~00657 ,      2021,   0.16858
25009~00672 ,      2023,   0.18660
25009~00672 ,      2022,   0.11150
25009~00681 ,      2023,   0.00042
25009~00681 ,      2020,   0.27152
25009~00681 ,      2019,   0.13088
25009~00681 ,      2024,   0.14060
25009~0669A ,      2001,   0.00033
25009~0669A ,      2000,   0.93793
25009~00658 ,      2025,   0.67663
25009~00658 ,      2019,   0.00147
25009~00658 ,      2024,   0.24821
25009~00658 ,      2026,   0.31246
25009~00659 ,      2023,   0.13953
25009~00659 ,      2025,   0.00068
25009~00659 ,      2024,   0.61119
25009~00660 ,      2023,   0.59627
25009~00660 ,      2025,   0.32269
25009~00660 ,      2026,   0.00033
25009~00660 ,      2066,   0.00034
25009~00554 ,      1324,   0.53616
25009~00554 ,      1308,   0.00039
25009~0730A ,      2066,   0.32576
25009~0730A ,      2065,   0.00081
25009~0730A ,      2064,   0.05252
25009~0775C ,      1306,   0.00211
25009~0775C ,      1304,   0.99538
25009~0775C ,      1305,   0.00124
25009~0775A ,      1308,   0.00039
25009~0775A ,      1306,   0.55485
25009~0775A ,      1304,   0.00277
25009~00778 ,      1306,   0.00105
25009~00778 ,      1309,   0.78588
25009~00778 ,      1314,   0.00161
25009~00773 ,      1312,   0.00063
25009~00773 ,      2026,   0.00134
25009~00773 ,      1997,   0.00456
25009~00773 ,      1310,   0.99761
25009~00773 ,      1311,   0.00035
25009~0774B ,      1309,   0.21373
25009~0670C ,      2019,   0.86324
25009~0670C ,      2018,   0.02207
25009~0670C ,      2017,   0.00466
25009~00746 ,      2066,   0.00034
25009~00746 ,      2065,   0.57335
25009~00746 ,      2064,   0.00128
25009~00777 ,      1312,   0.12991
25009~00777 ,      2026,   0.00368
25009~00777 ,      1316,   0.99880
25009~00777 ,      1314,   0.14228
25009~00777 ,      1313,   0.99088
25009~00627 ,      2041,   0.18058
25009~00627 ,      2059,   0.38046
25009~00640 ,      2041,   0.28392
25009~00640 ,      2059,   0.14286
25009~00640 ,      2053,   0.02144
25009~00640 ,      2042,   0.02973
25009~00640 ,      2054,   0.00048
25009~00638 ,      2027,   0.40646
25009~00638 ,      2031,   0.00152
25009~00638 ,      2056,   0.12191
25009~00638 ,      2029,   1.00000
25009~00638 ,      2028,   0.14899
25009~00638 ,      2051,   0.00707
25009~00638 ,      2030,   0.45677
25009~0645B ,      2056,   0.00530
25009~0645B ,      2051,   0.00067
25009~0645B ,      2055,   0.99729
25009~0645B ,      2052,   0.00039
25009~00629 ,      2031,   0.00202
25009~00629 ,      2051,   0.00370
25009~00629 ,      2049,   0.00270
25009~00629 ,      2050,   0.97148
25009~00629 ,      2052,   0.00155
25009~0759B ,      1967,   0.52106
25009~0759B ,      1966,   0.00079
25009~0762B ,      1972,   0.90875
25009~0762B ,      1970,   0.00048
25009~0762B ,      1971,   0.00045
25009~0643A ,      2053,   0.00153
25009~0643A ,      2042,   0.62803
25009~0641B ,      2032,   0.00701
25009~0641B ,      2049,   0.97528
25009~0641B ,      2050,   0.00121
25009~0641B ,      2047,   0.00233
25009~0641A ,      2049,   0.00090
25009~0641A ,      2047,   0.58392
25009~0675A ,      2026,   0.01574
25009~0675A ,      1998,   0.00577
25009~0675A ,      1310,   0.00048
25009~0675A ,      1999,   0.96324
25009~0645A ,      2056,   0.86837
25009~0645A ,      2051,   0.00640
25009~0645A ,      2055,   0.00077
25009~0637B ,      2036,   0.00155
25009~0637B ,      2035,   0.94087
25009~0637B ,      2037,   0.00128
25009~00646 ,      2041,   0.52453
25009~00646 ,      2045,   0.04708
25009~00646 ,      2044,   0.03687
25009~0633C ,      2046,   0.25391
25009~0633C ,      2044,   0.00074
25009~0729C ,      1993,   0.37231
25009~0729C ,      1994,   0.00126
25009~00819 ,      1154,   0.00744
25009~00819 ,      1156,   0.99514
25009~00819 ,      1163,   0.00413
25009~0797B ,      1224,   0.00278
25009~0797B ,      1222,   0.00321
25009~0797B ,      1223,   0.99588
25009~0797B ,      1221,   0.00080
25009~0797B ,      1215,   0.03781
25009~0797B ,      1217,   0.00425
25009~00602 ,      1243,   0.95585
25009~00795 ,      1221,   0.98675
25009~00795 ,      1219,   0.00677
25009~00796 ,      1222,   0.61370
25009~00796 ,      1220,   0.00044
25009~00597 ,      1251,   0.00378
25009~00597 ,      1250,   0.99909
25009~00597 ,      1245,   0.01426
25009~00597 ,      1249,   0.00631
25009~00600 ,      1235,   0.00054
25009~00600 ,      1244,   0.00040
25009~00600 ,      1236,   0.00039
25009~00600 ,      1240,   0.00057
25009~00600 ,      1237,   0.00045
25009~00600 ,      1239,   1.00000
25009~0594A ,      1235,   0.00269
25009~0594A ,      1234,   0.97784
25009~0594A ,      1220,   0.00575
25009~0594A ,      1237,   0.09933
25009~0594A ,      1232,   0.00037
25009~00791 ,      1234,   0.00226
25009~00791 ,      1220,   0.99381
25009~00791 ,      1221,   0.01244
25009~00791 ,      1219,   0.00677
25009~00798 ,      1219,   0.94583
25009~00798 ,      1213,   0.00042
25009~0575A ,      1233,   0.00355
25009~0575A ,      1169,   0.00625
25009~0575A ,      1168,   0.98820
25009~00601 ,      1238,   0.00479
25009~00601 ,      1237,   0.89306
25009~00593 ,      1234,   0.01493
25009~00593 ,      1237,   0.00492
25009~00593 ,      1232,   0.98061
25009~00593 ,      1219,   0.00052
25009~00593 ,      1231,   0.02636
25009~00603 ,      1238,   0.99391
25009~00603 ,      1233,   0.00044
25009~00603 ,      1231,   0.00060
25009~00801 ,      1231,   0.00180
25009~00801 ,      1213,   0.99958
25009~00589 ,      1242,   0.00656
25009~00589 ,      1238,   0.00131
25009~00589 ,      1171,   0.00388
25009~00589 ,      1233,   0.98936
25009~00589 ,      1237,   0.00179
25009~00589 ,      1232,   0.01902
25009~00589 ,      1231,   0.95866
25009~00599 ,      1245,   0.00039
25009~00599 ,      1240,   0.99943
25009~00599 ,      1237,   0.00045
25009~0592A ,      1243,   0.00046
25009~0592A ,      1248,   0.00040
25009~0592A ,      1244,   0.99801
25009~0592A ,      1236,   0.00039
25009~0592A ,      1245,   0.00386
25009~00590 ,      1185,   0.00037
25009~00590 ,      1242,   0.98940
25009~00751 ,      1299,   0.00067
25009~00751 ,      1300,   0.00054
25009~00751 ,      1256,   0.88921
25009~00754 ,      1256,   0.11079
25009~00754 ,      1261,   0.00116
25009~00754 ,      1254,   0.99773
25009~00754 ,      1255,   0.99076
25009~00754 ,      1252,   0.00046
25009~00754 ,      1253,   0.47380
25009~00754 ,      1250,   0.00091
25009~00754 ,      1249,   0.00084
25009~0609C ,      1955,   0.27657
25025~2604A ,        46,   0.88787
25009~0592B ,      1243,   0.00455
25009~0592B ,      1236,   0.99922
25009~00848 ,      1257,   0.99842
25009~00848 ,      1251,   0.00094
25009~00848 ,      1258,   0.03107
25009~00848 ,      1261,   0.00039
25009~00848 ,      1255,   0.00875
25025~2606A ,        52,   0.00039
25025~2606A ,        48,   0.92232
25025~2606A ,        49,   0.00637
25009~0776A ,      1306,   0.00053
25009~0776A ,      1302,   0.09966
25009~0622A ,      1978,   0.62096
25025~2690A ,       451,   0.39547
25025~2690A ,       452,   0.00285
25009~0608A ,      1951,   0.95419
25009~0608A ,      1950,   0.00060
25009~0756A ,      1957,   0.00366
25009~0756A ,      1958,   0.94941
25009~0756A ,      1960,   0.00064
25009~0756A ,      1959,   0.00216
25009~0756B ,      1957,   0.47702
25009~0606A ,      1956,   0.99947
25009~0606A ,      1955,   0.00148
25009~0756C ,      1957,   0.51566
25009~0756C ,      1958,   0.00125
25009~0756C ,      1959,   0.00108
25017~1465A ,       549,   0.00178
25017~1465A ,       542,   0.99813
25017~1465A ,       546,   0.01193
25017~1465A ,       538,   0.00245
25009~0607A ,      1951,   0.04009
25009~0587A ,      1262,   0.78166
25009~0587A ,      1261,   0.00967
25009~0847A ,      1262,   0.00089
25009~0847A ,      1946,   0.00068
25009~0847A ,      1258,   0.00121
25009~0847A ,      1259,   0.99914
25009~0847B ,      1258,   0.96489
25009~0847B ,      1261,   0.00077
25009~0847B ,      1259,   0.00086
25009~0585C ,      1257,   0.00079
25009~0585C ,      1258,   0.00282
25009~0585C ,      1261,   0.36184
25009~0585C ,      1255,   0.00049
25009~0585D ,      1262,   0.21655
25025~2577A ,       265,   0.00038
25025~2577A ,       106,   0.00155
25025~2577A ,        93,   0.99433
25025~2577A ,       259,   0.00100
25025~2577A ,        87,   0.03162
25025~2554A ,        69,   0.00299
25025~2554A ,        65,   0.01562
25025~2554A ,        63,   0.00472
25025~2554A ,        70,   0.99336
25025~2554A ,        76,   0.00062
25025~2598A ,        69,   0.99266
25025~2598A ,        75,   0.00088
25025~2598A ,        62,   0.00040
25025~2605A ,        28,   0.00096
25025~2605A ,        26,   0.00051
25025~2605A ,        97,   0.00042
25025~2605A ,        72,   0.00051
25025~2605A ,        71,   1.00000
25025~2605A ,        74,   0.01142
25025~2605A ,        61,   0.00047
25025~2605A ,        62,   0.00119
25025~2605A ,        40,   0.01899
25025~2598B ,        69,   0.00082
25025~2598B ,        63,   0.00330
25025~2598B ,        62,   0.99523
25025~2598C ,        51,   0.03477
25025~2598C ,        61,   0.99811
25025~2598C ,        62,   0.00318
25025~2608A ,        52,   0.01016
25025~2608A ,        51,   0.94542
25025~2609A ,        31,   0.00029
25025~2609A ,        51,   0.00088
25025~2609A ,        35,   0.03467
25025~2609A ,        34,   0.04765
25025~2609A ,        40,   0.97880
25025~2568A ,        19,   0.00083
25025~2568A ,        65,   0.06630
25025~2568A ,        17,   0.00183
25025~2568A ,        16,   0.95417
25025~2572A ,       105,   0.98377
25025~2572A ,       104,   0.00123
25025~2572A ,       103,   0.00066
25025~2572A ,       107,   0.00971
25025~2389A ,        46,   0.00834
25025~2389A ,        37,   0.00462
25025~2389A ,        38,   0.00146
25025~2389A ,        39,   0.93055
25025~2599A ,        58,   0.02208
25025~2599A ,        53,   0.00186
25025~2599A ,        49,   0.00080
25025~2599A ,        54,   0.99591
25025~2566A ,        50,   0.00379
25025~2566A ,        58,   0.97615
25025~2566A ,        57,   0.00332
25025~2610A ,        58,   0.00133
25025~2610A ,        67,   0.70461
25025~2389B ,        37,   0.97184
25025~2389B ,        32,   0.05193
25025~2389B ,        36,   0.02910
25025~2389B ,        38,   0.00146
25025~2389B ,        39,   0.00037
25025~2389B ,        10,   0.00257
25025~2376A ,        94,   0.00143
25025~2376A ,        88,   0.99953
25025~2376A ,        85,   0.07995
25025~2376A ,        89,   0.01040
25025~2376A ,        90,   0.00801
25025~2554B ,        65,   0.01056
25025~2554B ,        52,   0.00938
25025~2554B ,        63,   0.98867
25025~2554B ,        70,   0.00620
25025~2554B ,        61,   0.00142
25025~2554B ,        55,   0.00172
25025~2554B ,        64,   0.05496
25025~2608B ,        52,   0.00313
25025~2608B ,        51,   0.01893
25025~2608B ,        48,   0.01295
25025~2608B ,        41,   0.04948
25025~2608B ,        40,   0.00088
25025~2608B ,        47,   1.00000
25025~2610C ,        65,   0.01605
25025~2610C ,        14,   0.00109
25025~2610C ,        66,   0.82734
25025~2610C ,        60,   0.00042
25025~2610C ,        13,   0.00453
25025~2610C ,        67,   0.11743
25025~2610C ,        57,   0.00074
25025~2610C ,        68,   0.04917
25025~2599B ,        48,   0.03536
25025~2599B ,        53,   0.97926
25025~2599B ,        54,   0.00045
25025~2599B ,        57,   0.00147
25025~2599B ,        56,   0.00356
25025~2602C ,        33,   0.00164
25025~2602C ,        35,   0.00241
25025~2602C ,        34,   0.89214
25025~2362A ,        19,   0.99667
25025~2362A ,        17,   0.01828
25025~2362A ,        18,   0.01574
25025~2362A ,        20,   0.10687
25025~2577B ,       259,   0.00233
25025~2577B ,        87,   0.96612
25025~2577B ,        92,   0.05648
25025~2565A ,        77,   0.00120
25025~2565A ,        65,   0.87542
25025~2565A ,        64,   0.00119
25025~2565A ,        59,   0.00475
25025~2390A ,        33,   0.03304
25025~2390A ,        30,   0.00146
25025~2390A ,        29,   0.00881
25025~2390A ,        32,   0.87217
25025~2390A ,        36,   0.00078
25025~2390A ,         6,   0.01046
25025~2602D ,        33,   0.95522
25025~2602D ,        30,   0.00438
25025~2602D ,        35,   0.00060
25025~2602D ,        34,   0.00175
25025~2390B ,        33,   0.00055
25025~2390B ,        37,   0.00046
25025~2390B ,        32,   0.00266
25025~2390B ,        36,   0.92821
25025~2565B ,        65,   0.00507
25025~2565B ,        55,   0.07321
25025~2565B ,        64,   0.94385
25025~2565B ,        59,   0.02300
25025~02592 ,        33,   0.00246
25025~02592 ,        30,   0.00462
25025~02592 ,        28,   0.00064
25025~02592 ,        31,   0.99052
25025~02592 ,        34,   0.05846
25025~02592 ,        40,   0.00133
25025~2604D ,        43,   0.00090
25025~2604D ,        49,   0.03621
25025~2604D ,        45,   0.00616
25025~2604D ,        38,   0.01501
25025~2604D ,        44,   0.99672
25025~2606B ,        48,   0.01452
25025~2606B ,        42,   0.01307
25025~2606B ,        43,   0.99518
25025~2606B ,        49,   0.00279
25025~2606B ,        44,   0.00328
25025~2606D ,        48,   0.00695
25025~2606D ,        42,   0.95310
25025~2606D ,        43,   0.00391
25025~2606D ,        36,   0.00543
25025~2580A ,        96,   0.00811
25025~2580A ,        97,   0.01963
25025~2580A ,        91,   0.99951
25025~2580A ,        86,   0.08537
25025~2580B ,        98,   0.00080
25025~2580B ,        96,   0.00041
25025~2580B ,        97,   0.97160
25025~2372A ,        99,   0.00078
25025~2372A ,        98,   0.99881
25025~2372A ,       100,   0.01285
25025~2372A ,        97,   0.00794
25025~2372A ,        72,   0.00051
25025~2368A ,       100,   0.00040
25025~2368A ,        72,   0.98328
25025~2368A ,        73,   0.01251
25025~2366A ,        75,   0.00147
25025~2366A ,        79,   0.00065
25025~2366A ,        72,   0.00051
25025~2366A ,        74,   0.98712
25025~2366A ,        73,   0.00057
25025~2363A ,        77,   0.00359
25025~2363A ,        70,   0.00044
25025~2363A ,        76,   0.94709
25025~2654A ,       266,   0.99056
25025~2654A ,       267,   0.00063
25025~2654A ,       265,   0.00678
25025~2384A ,        80,   0.97249
25025~2384A ,        81,   0.00545
25025~2384A ,        79,   0.00229
25025~2386A ,        80,   0.00796
25025~2386A ,        79,   0.99640
25025~2386A ,        78,   0.00778
25025~2386C ,       113,   0.02149
25025~2386C ,        79,   0.00065
25025~2386C ,       101,   0.00066
25025~2386C ,        78,   0.99190
25025~2386C ,        73,   0.00057
25025~2641B ,       113,   0.89987
25025~2375A ,       103,   0.00033
25025~2375A ,       111,   0.03655
25025~2375A ,       112,   0.01919
25025~2375A ,        99,   0.00431
25025~2375A ,       102,   0.98863
25025~2375A ,       101,   0.00033
25025~2572B ,       105,   0.00044
25025~2572B ,       103,   0.98546
25025~2572B ,       111,   0.08800
25025~2572C ,       106,   0.00233
25025~2572C ,       105,   0.00132
25025~2572C ,       104,   0.99877
25025~2572C ,       103,   0.01354
25025~2572C ,        89,   0.00040
25025~2572C ,        99,   0.00039
25025~2572C ,        90,   0.00320
25025~2654B ,       266,   0.00869
25025~2654B ,       267,   0.98994
25025~2376B ,        89,   0.00320
25025~2376B ,        90,   0.98839
25025~2376B ,        96,   0.00041
25025~2580D ,        90,   0.00040
25025~2580D ,        96,   0.99068
25025~2580D ,        97,   0.00042
25025~2580D ,        91,   0.00049
25025~2375B ,        99,   0.99451
25025~2375B ,        98,   0.00040
25025~2375B ,        96,   0.00041
25025~2372B ,       102,   0.00379
25025~2372B ,       100,   0.97792
25025~2372B ,       101,   0.00033
25025~2368C ,        78,   0.00032
25025~2368C ,        72,   0.01520
25025~2368C ,        74,   0.00029
25025~2368C ,        73,   0.98636
25025~2366C ,        80,   0.00724
25025~2366C ,        69,   0.00353
25025~2366C ,        75,   0.99765
25025~2366C ,        76,   0.03291
25025~2366C ,        74,   0.00117
25025~2372C ,       112,   0.00037
25025~2372C ,       102,   0.00758
25025~2372C ,       113,   0.06704
25025~2372C ,       100,   0.00883
25025~2372C ,       101,   0.99868
25025~2626A ,       266,   0.00076
25025~2626A ,       273,   0.99830
25025~2626A ,       109,   0.00043
25025~2626A ,       276,   0.00086
25025~2626A ,       277,   0.01075
25025~2632A ,       272,   0.00117
25025~2632A ,       276,   0.99914
25025~2632A ,       277,   0.03355
25025~2632A ,       274,   0.00478
25025~2632A ,       278,   0.00094
25025~2632A ,       275,   0.01073
25025~2632B ,       273,   0.00042
25025~2632B ,       272,   0.00039
25025~2632B ,       275,   0.98927
25025~2376D ,        95,   0.00156
25025~2376D ,        89,   0.98400
25025~2616A ,       124,   0.00547
25025~2616A ,       121,   0.00716
25025~2616A ,       120,   0.98861
25025~2616B ,       121,   0.99239
25025~2616B ,       120,   0.00446
25025~2616B ,       130,   0.00045
25025~2637A ,       125,   0.00769
25025~2637A ,       126,   0.00089
25025~2637A ,       124,   0.99407
25025~2637A ,       129,   0.00172
25025~2628A ,       117,   0.00170
25025~2628A ,       122,   0.00136
25025~2628A ,       123,   0.99732
25025~2628A ,       125,   0.00045
25025~2628A ,       124,   0.00046
25025~2628A ,       120,   0.00099
25025~2619B ,       110,   0.00089
25025~2619B ,       117,   0.99065
25025~2619B ,       123,   0.00045
25025~2619B ,       116,   0.00178
25025~2648A ,       105,   0.00526
25025~2648A ,       110,   0.99419
25025~2648A ,       117,   0.00297
25025~2648A ,       111,   0.00090
25025~2648A ,       112,   0.00037
25025~2648A ,       107,   0.00121
25025~2649A ,       111,   0.87455
25025~2649A ,       112,   0.00849
25025~2649B ,       112,   0.97159
25025~2649B ,       113,   0.00172
25025~2578A ,       148,   0.00142
25025~2578A ,       149,   0.90106
25025~2623B ,       130,   0.00045
25025~2623B ,       146,   0.00191
25025~2623B ,       147,   0.98513
25025~2623B ,       151,   0.00046
25025~2623B ,       154,   0.00111
25025~2623B ,       152,   0.00220
25025~2578B ,       151,   0.01062
25025~2578B ,       148,   0.93475
25025~2578B ,       145,   0.00191
25025~2578C ,       157,   0.00313
25025~2578C ,       151,   0.06559
25025~2578C ,       150,   1.00000
25025~2578C ,       148,   0.00142
25025~2578C ,       149,   0.00462
25025~2634A ,       152,   0.00309
25025~2634A ,       153,   0.94813
25025~2634A ,       166,   0.00356
25025~2634A ,       155,   0.00835
25025~2634B ,       156,   0.00046
25025~2634B ,       152,   0.99471
25025~2634B ,       153,   0.00069
25025~2473A ,       160,   0.02619
25025~2473B ,       162,   0.91804
25025~2473C ,       165,   0.07140
25025~2443A ,       165,   0.06292
25025~2443B ,       165,   0.00389
25025~2443B ,       167,   0.91498
25025~2443B ,       355,   0.00163
25025~2443B ,       134,   0.04580
25025~2443B ,       133,   0.00359
25025~2443B ,       154,   0.00111
25025~2443B ,       155,   0.00032
25025~2473D ,       158,   0.00057
25025~2473D ,       161,   0.99679
25017~1222A ,       642,   0.00079
25017~1222A ,       641,   0.36716
25017~1222A ,       639,   0.14418
25017~1222A ,       628,   0.00386
25025~2590B ,        25,   0.03523
25025~2590B ,        22,   0.64191
25025~2590B ,        21,   0.00166
25025~2590B ,        23,   0.00987
25025~2582E ,         5,   0.00204
25025~2582E ,        10,   0.00051
25025~2582E ,         9,   0.00862
25025~2582E ,         8,   0.96854
25025~2590A ,        25,   0.01823
25025~2590A ,        27,   0.00605
25025~2590A ,        22,   0.00551
25025~2590A ,        23,   0.97745
25025~2394A ,        24,   0.99699
25025~2394A ,        30,   0.00779
25025~2394A ,        27,   0.00861
25025~2394A ,        22,   0.00221
25025~2394A ,        21,   0.00110
25025~2394A ,        29,   0.01252
25025~2394A ,        23,   0.01269
25017~1222B ,       643,   0.02507
25017~1222B ,       642,   0.54279
25017~1222B ,       641,   0.00036
25017~1222B ,       644,   0.00037
25017~1222B ,       640,   0.00892
25017~1222B ,       639,   0.00042
25025~2589A ,        21,   0.00166
25025~2589A ,        29,   0.01066
25025~2589A ,         2,   0.00953
25025~2589A ,         3,   0.99808
25025~2589A ,        32,   0.05925
25025~2589A ,         4,   0.03270
25025~2589A ,         6,   0.00201
25025~2589B ,        21,   0.00497
25025~2589B ,         1,   0.00417
25025~2589B ,         2,   0.96522
25025~2589B ,         4,   0.04780
25025~2584B ,         4,   0.66730
25025~2584B ,         5,   0.00041
25025~2584B ,         6,   0.00845
25025~2588A ,        37,   0.01939
25025~2588A ,        32,   0.00999
25025~2588A ,         5,   0.01593
25025~2588A ,         6,   0.97747
25025~2588A ,        10,   0.01028
25025~2588B ,         5,   0.00082
25025~2588B ,         6,   0.00161
25025~2588B ,        10,   0.96041
25025~2588B ,         9,   0.02887
25025~2588B ,         8,   0.01314
25025~2590C ,        21,   0.07781
25025~2394C ,        30,   0.01217
25025~2394C ,        29,   0.95735
25025~2394C ,         3,   0.00192
25025~2394C ,        32,   0.00399
25017~1235A ,       638,   0.00349
25017~1235A ,       637,   0.00221
25017~1235A ,       640,   0.00347
25017~1235A ,       639,   0.84573
25017~1235B ,       638,   0.00155
25017~1235B ,       637,   0.98925
25017~1235B ,       639,   0.00588
25017~1235B ,       635,   0.00033
25017~1235B ,       636,   0.04474
25017~1235C ,       637,   0.00126
25017~1235C ,       639,   0.00378
25017~1235C ,       628,   0.01490
25017~1253A ,       633,   0.00226
25017~1253A ,       635,   0.95764
25017~1253A ,       634,   0.00068
25017~1253B ,       633,   0.00038
25017~1253B ,       635,   0.00293
25017~1253B ,       636,   0.00034
25017~1253B ,       634,   0.99898
25017~1253B ,       631,   0.00031
25025~2570B ,       258,   0.00095
25025~2570B ,       256,   0.00059
25025~2570B ,       254,   0.01236
25025~2570B ,       255,   0.97988
25025~2573B ,       260,   0.00228
25025~2573B ,       259,   0.00133
25025~2573B ,       258,   0.94524
25025~2573B ,       256,   0.00059
25025~2573B ,       254,   0.00034
25025~2573B ,       729,   0.00066
25025~2558B ,       250,   0.94083
25025~2558B ,       252,   0.00030
25025~2558B ,       249,   0.01912
25025~2558B ,       246,   0.00308
25025~2562A ,       250,   0.00030
25025~2562A ,       252,   0.95481
25025~2562A ,       246,   0.00077
25025~2562B ,       252,   0.00607
25025~2562B ,       251,   0.90371
25025~2562B ,       246,   0.01000
25021~1842A ,       252,   0.03761
25021~1842A ,       251,   0.03132
25021~1842A ,       734,   0.00390
25021~1842A ,       731,   0.00866
25021~1842A ,       730,   0.98961
25021~1842A ,       735,   0.00129
25021~1842A ,       729,   0.00033
25021~1842B ,       252,   0.00121
25021~1842B ,       237,   0.02977
25021~1842B ,       731,   0.99065
25021~1842B ,       730,   0.00974
25025$2413A ,       185,   0.00217
25021~1848A ,       734,   0.00234
25021~1848A ,       737,   0.99506
25021~1848A ,       738,   0.00303
25021~1849A ,       733,   0.09652
25021~1849A ,       738,   0.02241
25025~2453A ,       300,   0.98556
25025~2453A ,       302,   0.00107
25025~2453A ,       748,   0.00325
25021~1854A ,       741,   0.00039
25021~1854A ,       742,   0.85721
25021~1854A ,       743,   0.01307
25021~1859A ,       740,   0.00432
25021~1859A ,       741,   0.98451
25021~1848B ,       734,   0.00156
25021~1848B ,       738,   0.92187
25021~1849B ,       739,   0.00433
25021~1849B ,       733,   0.41570
25021~1849B ,       738,   0.02786
25021~1844B ,       732,   0.00106
25021~1844B ,       734,   0.99221
25021~1844B ,       730,   0.00065
25021~1844B ,       735,   0.00172
25021~1854B ,       742,   0.00637
25021~1854B ,       743,   0.98693
25021~1850A ,       744,   0.90130
25021~1850A ,       742,   0.00045
25025~2369A ,       234,   0.00075
25025~2369A ,       232,   0.00457
25025~2369A ,       233,   0.99101
25025~2369A ,       237,   0.01985
25025~2488B ,       301,   0.96292
25025~2442A ,       294,   0.00161
25025~2442A ,       295,   0.96892
25025~2478B ,       287,   0.00684
25025~2478B ,       286,   0.99483
25025~2478B ,       292,   0.00300
25025~2478B ,       282,   0.00051
25025~2471A ,       280,   0.00523
25025~2471A ,       281,   0.87241
25025~2621A ,       279,   0.94335
25025~2621A ,       735,   0.00645
25025~2621A ,       284,   0.00214
25025~2621A ,       262,   0.00518
25025~2621A ,       283,   0.00232
25025~2470B ,       279,   0.00051
25025~2470B ,       745,   0.02830
25025~2470B ,       284,   0.97575
25025~2470B ,       283,   0.00046
25025~2569B ,       287,   0.00062
25025~2569B ,       294,   0.00161
25025~2569B ,       292,   0.94797
25025~2569B ,       288,   0.00124
25025~2523A ,       294,   0.02043
25025~2523A ,       292,   0.00950
25025~2523A ,       291,   0.96000
25025~2523A ,       289,   0.00106
25025~2523B ,       291,   0.00231
25025~2523B ,       288,   0.00414
25025~2523B ,       289,   0.90976
25025~2523B ,       278,   0.00047
25025~2493A ,       320,   0.01397
25025~2493A ,       289,   0.08865
25025~2493A ,       290,   1.00000
25025~2493A ,       321,   0.02307
25025~2493A ,       277,   0.01419
25025~2493A ,       278,   0.02550
25025~2478D ,       287,   0.99006
25025~2478D ,       286,   0.00155
25025~2457A ,       299,   0.00031
25025~2457A ,       301,   0.00059
25025~2457A ,       304,   0.92847
25025~2457A ,       303,   0.00073
25025~2457B ,       305,   0.00037
25025~2457B ,       304,   0.00642
25025~2457B ,       303,   0.99927
25025~2466A ,       327,   0.00091
25025~2466A ,       337,   0.00380
25025~2466A ,       328,   1.00000
25025~2466A ,       330,   0.00037
25025~2466B ,       336,   0.00615
25025~2466B ,       337,   0.99535
25025~2466B ,       338,   0.00043
25025~2526A ,       341,   0.97512
25025~2526A ,       342,   0.00045
25025~2526A ,       340,   0.00047
25025~2526B ,       341,   0.00169
25025~2526B ,       336,   0.00044
25025~2526B ,       340,   0.97919
25025~2506A ,       336,   0.99342
25025~2506A ,       337,   0.00042
25025~2462B ,       335,   0.00040
25025~2462B ,       334,   0.98728
25025~2462B ,       344,   0.00275
25025~2508A ,       425,   0.00048
25025~2508A ,       310,   0.00199
25025~2508A ,       423,   0.00041
25025~2508A ,       348,   0.00151
25025~2508A ,       311,   0.97136
25025~2426A ,       425,   0.02012
25025~2426A ,       423,   0.99835
25025~2426A ,       348,   0.00151
25025~2426A ,       311,   0.02438
25025~2469B ,       122,   0.00181
25025~2469B ,       127,   0.00179
25025~2469B ,       125,   0.99005
25025~2508B ,       426,   0.00033
25025~2508B ,       425,   0.97796
25025~2508B ,       311,   0.00427
25025~2465B ,       432,   0.00032
25025~2465B ,       433,   0.99776
25025~2465B ,       306,   0.00089
25025~2465B ,       442,   0.00095
25021~1855A ,       306,   0.00044
25021~1855A ,       755,   0.00833
25021~1855A ,       754,   0.99911
25021~1855A ,       751,   0.00107
25021~1855A ,       752,   0.00169
25025~2513A ,      1056,   0.00356
25025~2513A ,       436,   0.97794
25025~2513A ,      1060,   0.00091
25025~2513A ,       437,   0.00530
25025~2513A ,       435,   0.00259
25025~2502A ,       431,   0.00073
25025~2502A ,       440,   0.99358
25025~2502A ,       441,   0.00041
25025~2502A ,       443,   0.00391
25025~2469A ,       122,   0.00181
25025~2469A ,       127,   0.99686
25025~2469A ,       128,   0.00046
25025~2469A ,       125,   0.00090
25025~2469A ,       314,   0.00088
25025~2502B ,       431,   0.02214
25025~2502B ,       440,   0.00299
25025~2502B ,       439,   0.99785
25025~2436A ,       430,   0.00323
25025~2436A ,       431,   0.97314
25025~2436B ,       430,   0.99299
25025~2436B ,       426,   0.00099
25025~2436B ,       431,   0.00073
25025~2449B ,       325,   0.99657
25025~2449B ,       324,   0.00495
25025~2449B ,       332,   0.01502
25025~2539A ,       371,   0.98112
25025~2539A ,       342,   0.02667
25025~2548B ,       376,   0.00039
25025~2548B ,       368,   0.00626
25025~2548B ,       382,   0.00120
25025~2548B ,       369,   0.00583
25025~2548B ,       374,   0.00756
25025~2548B ,       375,   0.99859
25025~2533A ,       366,   0.99954
25025~2533A ,       339,   0.00380
25025~2533A ,       370,   0.00033
25025~2533A ,       338,   0.00731
25025~2533A ,       331,   0.00055
25025~2464B ,       356,   0.13628
25025~2464B ,       355,   0.00041
25025~2464B ,       358,   0.95585
25025~2464B ,       357,   0.98094
25025~2461A ,       359,   0.04215
25025~2461A ,       361,   0.00711
25025~2461A ,       354,   0.98913
25025~2461A ,       134,   0.00730
25025~2461B ,       359,   0.01305
25025~2461B ,       361,   0.99289
25025~2461B ,       360,   0.00752
25025~2461B ,       354,   0.00272
25025~2455B ,       354,   0.00034
25025~2455B ,       362,   0.00041
25025~2455B ,       353,   0.99042
25025~2455B ,       318,   0.00113
25025~2455B ,       319,   0.00411
25025~2480B ,       364,   0.99371
25025~2480B ,       331,   0.00656
25025~2480B ,       362,   0.00574
25025~2480C ,       364,   0.00157
25025~2480C ,       330,   0.00887
25025~2480C ,       331,   0.99180
25025~2480C ,       362,   0.00123
25025~2480D ,       363,   0.00037
25025~2480D ,       364,   0.00472
25025~2480D ,       331,   0.00109
25025~2480D ,       362,   0.99099
25025~2538A ,       368,   0.98528
25025~2538A ,       367,   0.01017
25025~2381B ,       406,   0.01518
25025~2381B ,       410,   0.00175
25025~2381B ,       408,   0.99952
25025~2538B ,       368,   0.00773
25025~2538B ,       367,   0.98983
25025~2535A ,       352,   0.00414
25025~2535A ,       372,   0.00102
25025~2535A ,       371,   0.01190
25025~2535A ,       349,   0.00319
25025~2535A ,       350,   0.98677
25025~2535A ,       346,   0.00493
25025~2424A ,       379,   0.05319
25025~2424A ,       372,   0.94345
25025~2433A ,       391,   0.00073
25025~2433A ,       381,   0.98635
25025~2433A ,       382,   0.00060
25025~2503A ,      1080,   0.00066
25025~2503A ,       395,   0.00276
25025~2503A ,       394,   0.88801
25025~2503A ,       393,   0.00306
25025~2503A ,       392,   0.00040
25025~2514A ,      1072,   0.00368
25025~2514A ,      1071,   0.00079
25025~2514A ,       409,   0.98415
25025~2514A ,       407,   0.00044
25025~2514B ,      1075,   0.00158
25025~2514B ,       402,   0.00034
25025~2514B ,       409,   0.01019
25025~2514B ,       403,   0.00491
25025~2514B ,       407,   0.98582
25025~2499A ,       403,   0.01228
25025~2499A ,       404,   0.95151
25025~2499A ,       388,   0.00102
25025~2535C ,       388,   0.00662
25025~2535C ,       379,   0.02490
25025~2535C ,       405,   0.00136
25025~2535C ,       352,   0.99517
25025~2535C ,       372,   0.01219
25025~2535C ,       350,   0.01323
25025~2499B ,       404,   0.00377
25025~2499B ,       388,   0.98268
25025~2433B ,       390,   0.00034
25025~2433B ,       381,   0.01365
25025~2433B ,       379,   0.00038
25025~2433B ,       380,   0.99935
25025~2433B ,       372,   0.00102
25025~2498A ,       390,   0.99966
25025~2498A ,       389,   0.01504
25025~2511A ,       415,   0.06033
25025~2511A ,       411,   0.99952
25025~2511A ,       413,   0.00694
25025~2511A ,       412,   0.00117
25025~2516B ,       422,   0.00337
25025~2516B ,       416,   0.96411
25025~2521A ,      1078,   0.00047
25025~2521A ,       395,   0.99494
25025~2521A ,       394,   0.01041
25025~2521B ,       395,   0.00184
25025~2521B ,       394,   0.10059
25025~2510A ,      1076,   0.00252
25025~2510A ,       401,   0.81893
25025~2510A ,       400,   0.00173
25025~2507A ,      1075,   0.00882
25025~2507A ,       401,   0.16493
25025~2507A ,       402,   0.99038
25025~2507A ,       400,   0.01945
25025~2507A ,       403,   0.00552
25025~2507B ,       402,   0.00653
25025~2507B ,       400,   0.01167
25025~2507B ,       403,   0.96071
25025~2507B ,       389,   0.00301
25025~2517A ,       419,   0.00133
25025~2517A ,       420,   0.00051
25025~2517A ,       418,   0.00346
25025~2517A ,       421,   0.00247
25025~2517A ,       417,   0.94477
25025~2517A ,       415,   0.04905
25025~2517A ,       416,   0.00048
25025~2519A ,       418,   0.99270
25025~2519A ,       415,   0.00311
25025~2519B ,       419,   0.99778
25025~2519B ,       420,   0.00051
25025~2519B ,       418,   0.00115
25021~1884A ,      1066,   0.99864
25021~1884A ,      1068,   0.00435
25021~1884A ,      1065,   0.00140
25021~1884A ,      1059,   0.00482
25021~1884B ,      1066,   0.00136
25021~1884B ,      1062,   0.09154
25021~1884B ,      1065,   0.99860
25021~1884B ,      1058,   0.00300
25025~2509E ,      1056,   0.00277
25025~2509E ,       436,   0.01206
25025~2509E ,      1053,   0.00080
25025~2509E ,       437,   0.96608
25025~2509E ,       438,   0.00301
25025~2509F ,      1053,   0.01554
25025~2509F ,       437,   0.00106
25025~2509F ,       438,   0.00676
25025~2509F ,       446,   0.99570
25025~2509F ,       445,   0.00870
25025~2646A ,       269,   0.00419
25025~2646A ,       263,   0.00079
25025~2646A ,       265,   0.25772
25025~2646A ,       270,   0.03010
25025~2646A ,       264,   0.98221
25025~2646A ,       272,   0.16602
25025~2646A ,       271,   0.00412
25025~2617A ,       269,   0.01047
25025~2617A ,       270,   0.94640
25025~2617A ,       271,   0.00871
25025~2617B ,       268,   0.00067
25025~2617B ,       269,   0.98395
25025~2617B ,       279,   0.00051
25025~2617B ,       280,   0.00475
25025~2617B ,       270,   0.00220
25025~2617B ,       264,   0.00308
25025~2647B ,       268,   0.99262
25025~2647B ,       269,   0.00140
25025~2647B ,       262,   0.00259
25021~1852C ,       279,   0.02479
25021~1852C ,       735,   0.28817
25021~1852D ,       279,   0.00910
25021~1852D ,       735,   0.19871
25021~1852D ,       729,   0.00066
25017~1241A ,       669,   0.99517
25017~1241A ,       683,   0.00036
25017~1241A ,       246,   0.01692
25017~1241A ,       245,   0.02053
25021~1843D ,       735,   0.00172
25021~1843D ,       729,   0.07431
25021~1843E ,       735,   0.00473
25021~1843E ,       729,   0.10799
25017~1242A ,       669,   0.00030
25017~1242A ,       683,   0.99537
25017~1242A ,       244,   0.03396
25017~1242A ,       671,   0.00568
25017~1269A ,       672,   0.00720
25017~1269A ,       673,   0.99283
25017~1269A ,       664,   0.00039
25017~1249A ,       674,   0.00304
25017~1249A ,       663,   0.00042
25017~1249A ,       680,   0.00039
25017~1249A ,       675,   0.99688
25017~1249A ,       662,   0.00038
25017~1268A ,       664,   0.00078
25017~1268A ,       654,   0.00485
25017~1268A ,       663,   0.99875
25017~1268B ,       653,   0.99885
25017~1268B ,       652,   0.00035
25017~1268B ,       655,   0.00051
25017~1268B ,       651,   0.00088
25017~1268B ,       650,   0.00037
25017~1234A ,       656,   0.97637
25017~1234A ,       654,   0.00277
25017~1234B ,       656,   0.02061
25017~1234B ,       657,   0.99610
25017~1234B ,       658,   0.00326
25017~1234B ,       655,   0.00051
25017~1234C ,       657,   0.00390
25017~1234C ,       658,   0.94639
25017~1234C ,       655,   0.00051
25017~1248A ,       667,   0.99867
25017~1248A ,       660,   0.00051
25017~1248A ,       666,   0.00132
25017~1248A ,       668,   0.00070
25017~1242B ,       683,   0.00036
25017~1242B ,       670,   0.00094
25017~1242B ,       671,   0.98895
25017~1269B ,       672,   0.99280
25017~1269B ,       673,   0.00538
25017~1269B ,       664,   0.00665
25017~1269B ,       671,   0.00505
25017~1269C ,       665,   0.00047
25017~1269C ,       664,   0.98749
25017~1269C ,       674,   0.00043
25017~1269C ,       663,   0.00042
25017~1249B ,       673,   0.00179
25017~1249B ,       664,   0.00156
25017~1249B ,       674,   0.99609
25017~1249B ,       675,   0.00249
25017~1248B ,       667,   0.00089
25017~1248B ,       665,   0.00047
25017~1248B ,       656,   0.00050
25017~1248B ,       670,   0.00047
25017~1248B ,       666,   0.99691
25017~1248B ,       659,   0.00198
25017~1258C ,       698,   0.00893
25017~1258C ,       696,   0.00384
25017~1258C ,       697,   0.95689
25017~1258C ,       678,   0.04180
25017~1281B ,       675,   0.00062
25017~1281B ,       676,   0.99308
25017~1637A ,       609,   1.00000
25017~1637A ,       586,   0.00124
25017~1162B ,       920,   0.01140
25017~1162B ,       919,   1.00000
25017~1162B ,       902,   0.00043
25017~1272A ,       698,   0.01322
25017~1272A ,       703,   0.00043
25017~1272A ,       700,   0.00128
25017~1272A ,       699,   0.99794
25017~1223A ,       693,   0.99416
25017~1223A ,       692,   0.00097
25017~1223A ,       687,   0.01612
25017~1279A ,       690,   0.00226
25017~1279A ,       681,   0.99093
25017~1279A ,       674,   0.00043
25017~1279A ,       680,   0.00158
25017~1279B ,       691,   0.00036
25017~1279B ,       680,   0.99724
25017~1213A ,       238,   0.01971
25017~1213A ,       711,   0.02083
25017~1213A ,       710,   0.06124
25017~1213A ,       685,   0.00611
25017~1213A ,       687,   0.00049
25017~1213A ,       686,   0.97384
25017~1223B ,       693,   0.00292
25017~1223B ,       692,   0.00032
25017~1223B ,       687,   0.98144
25017~1260A ,       693,   0.00097
25017~1260A ,       708,   0.99797
25017~1265A ,       701,   0.99618
25017~1272B ,       702,   0.00043
25017~1272B ,       694,   0.00044
25017~1272B ,       700,   0.99872
25017~1272B ,       699,   0.00138
25017~1266A ,       705,   0.00082
25017~1266A ,       702,   0.99914
25017~1266A ,       703,   0.00043
25017~1213B ,       685,   0.91972
25017~1213B ,       687,   0.00049
25017~1213B ,       688,   0.00752
25017~1213B ,       686,   0.02616
25017~1634A ,       613,   0.99917
25017~1634A ,       616,   0.00306
25017~1634A ,       612,   0.01018
25017~1617A ,       602,   0.97342
25017~1631A ,       597,   0.00339
25017~1631A ,       602,   0.00042
25017~1631A ,       598,   0.98806
25017~1631A ,       599,   0.00079
25017~1631B ,       597,   0.96802
25017~1631B ,       598,   0.00208
25017~01633 ,       599,   0.92641
25017~1635A ,       599,   0.00394
25017~1635A ,       590,   0.00039
25017~1635A ,       205,   0.00125
25017~1635A ,       591,   0.81437
25017~1628A ,       591,   0.05531
25017~1628A ,       592,   0.98720
25017~1628A ,       595,   0.00871
25017~1628A ,       593,   0.01111
25017~1628B ,       591,   0.06993
25017~1628B ,       592,   0.00116
25017~1628B ,       593,   0.98284
25017~1622A ,       589,   0.99467
25017~1622A ,       205,   0.00334
25017~1622A ,       591,   0.01907
25017~1622B ,       600,   0.01945
25017~1622B ,       599,   0.00079
25017~1622B ,       590,   0.99883
25017~1622B ,       589,   0.00287
25017~1622B ,       591,   0.01208
25017~1634B ,       613,   0.00083
25017~1634B ,       616,   0.99651
25017~1634B ,       614,   0.00092
25017~1634B ,       717,   0.00090
25017~1634B ,       716,   0.00173
25017~1634B ,       617,   0.00049
25017~1634B ,       615,   0.00562
25017~1617B ,       602,   0.00633
25017~1617B ,       601,   0.98514
25025~2409B ,       625,   0.00278
25025~2409B ,       198,   0.00673
25025~2409B ,       203,   0.98059
25025~2409B ,       204,   0.00135
25025~2409B ,       199,   0.00115
25025~2407B ,       198,   0.00421
25025~2407B ,       203,   0.01334
25025~2407B ,       200,   0.00051
25025~2407B ,       201,   0.00041
25025~2407B ,       199,   0.99252
25017~1270A ,       650,   0.00074
25017~1270A ,       633,   0.00038
25017~1270A ,       648,   0.00683
25017~1270A ,       649,   0.98763
25017~1270B ,       650,   0.00074
25017~1270B ,       648,   0.99279
25017~1270B ,       647,   0.00039
25025~2414A ,       173,   0.96976
25025~2414A ,       180,   0.00560
25025~2414A ,       174,   0.00171
25025~2479A ,       170,   0.00352
25025~2479A ,       169,   0.00040
25025~2479A ,       171,   0.00092
25025~2479A ,       181,   0.99155
25025~2479B ,       170,   0.00313
25025~2479B ,       169,   0.99881
25025~2479B ,       181,   0.00044
25025~2479C ,       172,   0.00671
25025~2479C ,       170,   0.98865
25025~2479C ,       169,   0.00040
25025~2479C ,       181,   0.00044
25025~2396B ,       172,   0.00224
25025~2396B ,       170,   0.00392
25025~2396B ,       171,   0.93790
25025~2412A ,       175,   0.00096
25025~2412A ,       173,   0.00099
25025~2412A ,       177,   0.99928
25025~2412A ,       178,   0.00229
25025~2412B ,       180,   0.00203
25025~2412B ,       177,   0.00072
25025~2412B ,       178,   0.99733
25025~2670A ,       502,   0.00195
25025~2670A ,       465,   0.98635
25025~2670A ,       466,   0.00293
25025~2670B ,       466,   0.99707
25025~2670B ,       464,   0.00046
25025~2670B ,       473,   0.03840
25025~02668 ,       463,   0.00188
25025~02668 ,       464,   0.99679
25025~02668 ,       473,   0.02919
25025~2657A ,       463,   0.99719
25025~2657A ,       464,   0.00046
25025~2657A ,       471,   0.02785
25025~2666A ,       458,   0.99613
25025~2666A ,       457,   0.00041
25025~2666A ,       459,   0.00260
25025~2666B ,       458,   0.00301
25025~2666B ,       460,   0.00038
25025~2666B ,       459,   0.99675
25025~2661A ,       460,   0.98503
25025~2661A ,       457,   0.00206
25025~2661A ,       459,   0.00065
25025~2661B ,       458,   0.00086
25025~2661B ,       460,   0.01459
25025~2661B ,       455,   0.00118
25025~2661B ,       457,   0.99753
25025~2683A ,       499,   0.01213
25025~2683A ,       492,   0.00601
25025~2683A ,       491,   0.00037
25025~2683A ,       493,   0.99839
25025~2686A ,       496,   0.11870
25025~2686A ,       486,   0.02511
25025~2676A ,       481,   0.00042
25025~2676A ,       478,   0.00353
25025~2676A ,       479,   0.00333
25025~2676A ,       484,   0.00050
25025~2676A ,       480,   0.96096
25025~2676A ,       482,   0.00530
25025~2676A ,       190,   0.00050
25025~2676B ,       483,   0.00036
25025~2676B ,       480,   0.00117
25025~2676B ,       486,   0.00245
25025~2676B ,       482,   0.94859
25025~2681A ,       489,   0.00041
25025~2681A ,       468,   0.00098
25025~2681A ,       488,   0.99053
25025~2681A ,       487,   0.00137
25025~2681A ,       486,   0.00245
25025~2681A ,       482,   0.00041
25025~2686B ,       483,   0.00218
25025~2686B ,       485,   0.00165
25025~2686B ,       486,   0.94917
25025~2681B ,       489,   0.00041
25025~2681B ,       488,   0.00453
25025~2681B ,       487,   0.99863
25025~2681B ,       496,   0.00583
25025~2681B ,       486,   0.01592
25025~2679B ,       492,   0.00040
25025~2679B ,       489,   0.99756
25025~2679B ,       491,   0.00367
25025~2667B ,       477,   0.01003
25025~2667B ,       490,   0.00089
25025~2667B ,       475,   0.00046
25025~2667B ,       476,   0.95753
25025~2683B ,       492,   0.99359
25025~2683B ,       489,   0.00041
25025~2683B ,       497,   0.00069
25025~2683B ,       493,   0.00161
25025~2680A ,       483,   0.99709
25025~2680A ,       485,   0.00549
25025~2680A ,       482,   0.00163
25017~1463B ,       535,   0.00481
25017~1463B ,       534,   0.97705
25017~1339A ,       519,   0.01355
25017~1339A ,       516,   0.88425
25017~1339A ,       491,   0.00073
25017~1339A ,       512,   0.00036
25017~1339A ,       517,   0.00398
25017~1329A ,       505,   0.92717
25017~1329A ,       509,   0.00672
25017~1329A ,       506,   0.00031
25017~1335A ,       503,   0.00047
25017~1335A ,       508,   0.97276
25017~1335A ,       510,   0.00115
25017~01479 ,       540,   0.00031
25017~01479 ,       526,   0.00357
25017~01479 ,       528,   0.00034
25017~01479 ,       527,   0.95693
25017~01479 ,       537,   0.00067
25017~1516B ,       559,   0.97580
25017~1516B ,       560,   0.01306
25017~1517B ,       565,   0.00128
25017~1517B ,       563,   0.96498
25017~1517C ,       567,   0.00233
25017~1517C ,       564,   0.99348
25017~1517C ,       565,   0.00043
25017~1517C ,       566,   0.16741
25017~1517C ,       563,   0.01464
25017~1517C ,       562,   0.08588
25017~1482A ,       544,   0.01872
25017~1482A ,       567,   0.00280
25017~1482A ,       543,   0.99025
25017~1482A ,       561,   0.00041
25017~1473A ,       525,   0.00043
25017~1473A ,       523,   0.00100
25017~1473A ,       537,   0.00067
25017~1473A ,       524,   0.98361
25017~1474A ,       540,   0.00613
25017~1474A ,       539,   0.00041
25017~1474A ,       527,   0.00470
25017~1474A ,       537,   0.99666
25017~1474A ,       524,   0.00992
25017~01472 ,       522,   0.95423
25017~01472 ,       534,   0.00150
25017~1337A ,       515,   0.00170
25017~1337A ,       513,   0.00037
25017~1337A ,       514,   0.99122
25017~1339B ,       519,   0.01108
25017~1339B ,       516,   0.00336
25017~1339B ,       513,   0.00629
25017~1339B ,       517,   0.99602
25017~1340A ,       507,   0.01501
25017~1340A ,       513,   0.99297
25017~1340B ,       505,   0.00210
25017~1340B ,       506,   0.00094
25017~1340B ,       507,   0.98499
25017~1340B ,       513,   0.00037
25017~1329B ,       509,   0.99328
25017~1338A ,       525,   0.00259
25017~1338A ,       511,   0.00168
25017~1338A ,       510,   0.98797
25017~1480B ,       525,   0.00862
25017~1480B ,       526,   0.99253
25017~1480B ,       527,   0.00235
25017~1480B ,       508,   0.00864
25017~1480C ,       525,   0.98535
25017~1480C ,       523,   0.00050
25017~1480C ,       526,   0.00390
25017~1480C ,       527,   0.02506
25017~1338C ,       525,   0.00086
25017~1338C ,       511,   0.99790
25017~1338C ,       510,   0.01089
25017~1337B ,       525,   0.00215
25017~1337B ,       523,   0.00100
25017~1337B ,       515,   0.99788
25017~1337B ,       511,   0.00042
25017~1337B ,       514,   0.00878
25017~1473B ,       523,   0.99751
25017~1473B ,       524,   0.00647
25017~1473B ,       518,   0.01128
25017~1519C ,       561,   0.00082
25017~1519C ,       562,   0.89958
25017~1519D ,       543,   0.00035
25017~1519D ,       561,   0.94754
25017~1519D ,       559,   0.00242
25017~1519D ,       562,   0.00188
25017~1519E ,       561,   0.00533
25017~1519E ,       562,   0.00939
25017~1519F ,       561,   0.00656
25017~1519F ,       562,   0.00282
25017~1260C ,       707,   0.99791
25017~1260C ,       713,   0.00408
25017~1260C ,       706,   0.00105
25017~1260C ,       709,   0.00032
25017~1260C ,       708,   0.00101
25017~1257A ,       707,   0.00167
25017~1257A ,       714,   0.01618
25017~1257A ,       713,   0.98912
25017~01228 ,       714,   0.92888
25017~1257B ,       715,   0.60506
25017~1257B ,       714,   0.00298
25017~1257B ,       713,   0.00091
25017~1257B ,       726,   0.00239
25017~1257C ,       715,   0.00214
25017~1257C ,       713,   0.00045
25017~1257C ,       726,   0.47896
25017~1734A ,       930,   0.13292
25017~1734A ,       929,   0.00250
25017~1734A ,       913,   0.00123
25017~1264B ,       722,   0.00096
25017~1264B ,       727,   0.00052
25017~1264B ,       719,   0.10178
25017~1264B ,       720,   0.97620
25017~1277B ,       726,   0.04550
25017~1277B ,       725,   0.49515
25017~1277B ,       724,   0.03668
25017~1277B ,       727,   0.00879
25017~1257D ,       726,   0.00718
25017~1257D ,       725,   0.49477
25017~1266C ,       705,   0.77497
25017~1266C ,       723,   0.00227
25017~1266C ,       706,   0.00525
25017~1266C ,       721,   0.00072
25017~1266C ,       704,   0.01327
25017~1265B ,       705,   0.19527
25017~1265B ,       706,   0.00210
25017~1265C ,       705,   0.01468
25017~1265C ,       707,   0.00042
25017~1265C ,       701,   0.00305
25017~1265C ,       706,   0.82195
25017~1133C ,       889,   0.99142
25017~1133C ,       916,   0.00167
25017~1133C ,       893,   0.00155
25017~1133C ,       890,   0.01662
25017~1133C ,       894,   0.00576
25017~1129A ,       889,   0.00045
25017~1129A ,       727,   0.00155
25017~1129A ,       890,   0.97936
25017~1129A ,       719,   0.00434
25017~1129A ,       891,   0.01646
25017~1129B ,       719,   0.00531
25017~1129B ,       891,   0.98306
25017~1129B ,       622,   0.01589
25017~1275A ,       722,   0.97385
25017~1275A ,       723,   0.01511
25017~1275A ,       720,   0.00027
25017~1275A ,       721,   0.00036
25017~1275B ,       722,   0.02296
25017~1275B ,       705,   0.00163
25017~1275B ,       723,   0.00151
25017~1275B ,       721,   0.12860
25017~1255A ,       723,   0.97054
25017~1255A ,       706,   0.00263
25017~1255A ,       724,   0.00072
25017~1266E ,       705,   0.01223
25017~1266E ,       706,   0.16702
25017~1277C ,       723,   0.01057
25017~1277C ,       725,   0.01008
25017~1277C ,       724,   0.96260
25017~1277C ,       727,   0.00310
25017~1404C ,       943,   0.00432
25017~1404C ,       944,   0.93886
25017~1404C ,       945,   0.00648
25017~1137A ,       897,   0.00054
25017~1137A ,       900,   0.01408
25017~1137A ,       899,   0.99771
25017~1132A ,       946,   0.00050
25017~1132A ,       907,   0.97316
25017~1132A ,       901,   0.00539
25017~1132A ,       906,   0.00485
25017~1132B ,       907,   0.00829
25017~1132B ,       900,   0.01491
25017~1132B ,       906,   0.99126
25017~1137B ,       907,   0.00276
25017~1137B ,       900,   0.97100
25017~1137B ,       905,   0.00321
25017~1137B ,       906,   0.00146
25017~1137B ,       899,   0.00229
25017~1139B ,       896,   0.01957
25017~1139B ,       897,   0.95939
25017~1396B ,       958,   0.92112
25017~1401B ,       960,   0.00470
25017~1401B ,       958,   0.02063
25017~1401B ,       953,   0.91426
25017~1401B ,       952,   0.01919
25017~1401B ,       951,   0.15679
25017~1401B ,       950,   0.00901
25017~1775A ,       860,   0.93951
25017~1775A ,       888,   0.00046
25017~1775A ,       946,   0.00151
25017~1775A ,       858,   0.00505
25017~1775A ,       904,   0.00189
25017~1775A ,       906,   0.00097
25017~1775B ,       859,   0.10853
25017~1775B ,       860,   0.00218
25017~1775B ,       857,   0.13155
25017~1775B ,       858,   0.95688
25017~1781B ,       859,   0.00127
25017~1781B ,       885,   0.00073
25017~1781B ,       886,   0.78585
25017~1788A ,       882,   0.00624
25017~1788A ,       883,   0.99240
25017~1782B ,       885,   0.00871
25017~1782B ,       886,   0.11795
25017~1782B ,       884,   0.87843
25017~1782B ,       877,   0.00315
25017~1198A ,      1370,   0.91430
25017~1198A ,      1364,   0.00040
25017~1198A ,      1379,   0.00902
25017~1198A ,      1369,   0.00879
25017~1198A ,      1371,   0.00171
25017~1198B ,      1370,   0.02926
25017~1198B ,      1379,   0.00601
25017~1198B ,      1378,   0.00101
25017~1198B ,      1372,   0.00042
25017~1198B ,      1371,   0.88183
25017~1197A ,      1370,   0.00125
25017~1197A ,      1365,   0.00057
25017~1197A ,      1373,   0.00417
25017~1197A ,      1372,   0.97326
25017~1197A ,      1371,   0.11647
25017~1202B ,      1378,   0.99799
25017~1202B ,      1377,   0.00036
25017~1197B ,      1365,   0.00057
25017~1197B ,      1373,   0.99583
25017~1197B ,      1372,   0.02632
25017~1197C ,      1370,   0.05518
25017~1788B ,       880,   0.00150
25017~1788B ,       882,   0.99280
25017~1788B ,       857,   0.00053
25017~1788B ,       883,   0.00594
25017~1783B ,       879,   0.99619
25009~0833B ,       501,   0.00182
25009~0833B ,       797,   0.22393
25009~0833B ,       796,   0.96912
25009~0833B ,       500,   0.05095
25009~0841A ,       798,   0.00223
25009~0841A ,       797,   0.76234
25009~0841A ,       796,   0.00257
25017~1526A ,       843,   0.00035
25017~1526A ,       815,   0.99256
25017~1526A ,       816,   0.00063
25017~1526B ,       818,   0.99844
25017~1526B ,       815,   0.00685
25017~1530A ,       821,   0.01540
25017~1530A ,       818,   0.00125
25017~1530A ,       824,   0.00030
25017~1530A ,       819,   0.98350
25017~1530A ,       820,   0.00876
25017~1527A ,       827,   0.00036
25017~1527A ,       825,   0.00198
25017~1527A ,       823,   0.00514
25017~1527A ,       824,   0.98319
25017~1527B ,       827,   0.00107
25017~1527B ,       823,   0.99118
25017~1527B ,       824,   0.01621
25009~0826A ,       806,   0.00606
25009~0826A ,       803,   0.95090
25009~0826A ,       804,   0.02251
25009~0826A ,       801,   0.01395
25009~0826A ,       802,   0.55360
25009~0826B ,       806,   0.46307
25009~0826B ,       805,   0.00065
25009~0826B ,       803,   0.00106
25009~0839A ,       829,   0.00314
25009~0839A ,       813,   0.99920
25009~0839A ,       823,   0.00294
25009~0839A ,       812,   0.00810
25009~0839A ,       810,   0.00357
25009~0690A ,       784,   0.99043
25009~0690A ,       786,   0.00033
25009~0690A ,       783,   0.00917
25009~0692A ,       785,   0.00052
25009~0692A ,       787,   0.00822
25009~0692A ,       786,   0.99736
25009~0692B ,       785,   0.01203
25009~0692B ,       790,   0.00819
25009~0692B ,       787,   0.97533
25009~0692B ,       786,   0.00198
25009~0709A ,       791,   0.00041
25009~0709A ,       775,   0.99922
25009~0709A ,       778,   0.01013
25009~0697A ,       780,   0.01622
25009~0697A ,       781,   0.94409
25009~0697B ,      1140,   0.00050
25009~0697B ,       779,   0.00150
25009~0697B ,       780,   0.97370
25009~0697B ,       781,   0.00344
25009~0709B ,       775,   0.00078
25009~0709B ,       776,   0.00266
25009~0709B ,       778,   0.98987
25009~0687A ,       777,   0.97460
25009~0687A ,       772,   0.00042
25009~0708A ,       761,   0.00136
25009~0708A ,       763,   0.81738
25009~0691A ,       770,   0.99236
25009~0691A ,       774,   0.01118
25009~0703B ,       788,   0.99598
25009~0703B ,       782,   0.98725
25009~0703B ,       783,   0.00044
25009~0703B ,       766,   0.00227
25009~0690B ,       784,   0.00874
25009~0690B ,       783,   0.98995
25009~0690B ,       766,   0.00303
25009~0841B ,       801,   0.00054
25009~0841B ,       798,   0.97264
25009~0841B ,       797,   0.00294
25017~1530B ,       821,   0.98424
25017~1530B ,       819,   0.00101
25009~0691B ,       774,   0.98723
25009~0691B ,       773,   0.00043
25009~0687B ,       777,   0.01293
25009~0687B ,       776,   0.99734
25025~2561A ,       224,   0.03634
25025~2561A ,       229,   0.00039
25025~2561A ,       227,   0.98852
25025~2561A ,       230,   0.01130
25025~2561A ,       225,   0.04229
25025~2561A ,       228,   0.00038
25025~2561B ,       248,   0.00086
25025~2561B ,       247,   0.00088
25025~2561B ,       227,   0.00779
25025~2561B ,       230,   0.97063
25025~2561B ,       235,   0.00084
25025~2622A ,       216,   0.00039
25025~2622A ,       217,   0.00448
25025~2622A ,       214,   0.00277
25025~2622A ,       219,   0.00263
25025~2622A ,       215,   0.97368
25025~2567A ,      1015,   0.00031
25025~2567A ,       209,   0.97770
25017~1584A ,      1021,   0.00034
25017~1584A ,      1020,   0.98975
25017~1584A ,      1015,   0.00219
25017~1580A ,      1021,   0.00271
25017~1580A ,      1022,   0.98509
25017~1562A ,      1026,   0.00565
25017~1562A ,      1023,   0.01328
25017~1562A ,      1010,   0.00036
25017~1562A ,      1007,   0.00120
25017~1562A ,      1008,   0.99560
25017~1552A ,      1007,   0.98799
25017~1552A ,      1008,   0.00073
25017~1552A ,      1006,   0.00304
25017~1564B ,      1009,   0.98974
25017~1564B ,      1011,   0.00201
25017~1721B ,       993,   0.99742
25017~1721B ,       995,   0.00491
25017~1721B ,       989,   0.00707
25017~1724B ,       962,   0.00075
25017~1724B ,       963,   0.99175
25017~1711B ,       993,   0.00032
25017~1711B ,       991,   0.00492
25017~1711B ,       994,   0.00277
25017~1711B ,       992,   0.98777
25017~1733B ,       933,   0.96027
25017~1735B ,       926,   0.01188
25017~1735B ,       925,   0.00305
25017~1735B ,       932,   0.00060
25017~1735B ,       927,   0.99157
25017~1735B ,       928,   0.00595
25017~1741A ,       926,   0.21307
25017~1741A ,       925,   0.98408
25017~1741A ,       927,   0.00038
25017~1741A ,       999,   0.14699
25017~1551A ,       207,   0.00168
25017~1551A ,       999,   0.00100
25017~1551A ,      1013,   0.98024
25017~1551A ,      1014,   0.01326
25017~1551A ,       208,   0.00043
25025~2603A ,       207,   0.97278
25025~2603A ,       213,   0.00247
25025~2603A ,      1013,   0.00277
25025~2603A ,       208,   0.00043
25025~2603A ,       212,   0.00533
25025~2603B ,       224,   0.00065
25025~2603B ,       207,   0.00034
25025~2603B ,       213,   0.00031
25025~2603B ,       212,   0.99373
25025~2555A ,       224,   0.00065
25025~2555A ,       226,   0.01753
25025~2555A ,       227,   0.00041
25025~2555A ,       225,   0.95771
25021~01853 ,       746,   0.01678
25021~01853 ,       744,   0.09791
25021~01853 ,       742,   0.13506
25021~01853 ,       745,   0.86792
25021~01853 ,       747,   0.01206
25021~01853 ,       748,   0.00488
25025~2555B ,       226,   0.97818
25025~2555B ,       228,   0.00188
25025~2622B ,       216,   0.00079
25025~2622B ,       214,   0.99723
25025~2622B ,       215,   0.01466
25025~2651B ,       226,   0.00312
25025~2651B ,       216,   0.99803
25025~2651B ,       217,   0.00041
25025~2651B ,       215,   0.00075
25025~2651B ,       228,   0.00075
25025~2567B ,       207,   0.00101
25025~2567B ,       213,   0.00093
25025~2567B ,      1013,   0.00119
25025~2567B ,      1014,   0.00040
25025~2567B ,       209,   0.00669
25025~2567B ,       208,   0.99914
25017~1584B ,      1020,   0.00727
25017~1584B ,      1015,   0.98904
25017~1551B ,      1021,   0.00068
25017~1551B ,      1013,   0.01185
25017~1551B ,      1014,   0.98594
25017~1574B ,      1021,   0.00406
25017~1574B ,      1023,   0.01004
25017~1574B ,      1005,   1.00000
25017~1574B ,      1022,   0.00965
25017~1574B ,      1001,   0.00041
25017~1574B ,      1004,   0.00388
25017~1574B ,      1008,   0.00367
25017~1574D ,      1001,   0.00041
25017~1574D ,      1004,   0.99501
25027~2787B ,      2789,   0.99966
25027~2787B ,      2793,   0.00085
25027~2787B ,      2846,   0.00084
25017~01743 ,       926,   0.04792
25017~01743 ,      1000,   0.00039
25017~01743 ,      1002,   0.02700
25017~01743 ,       935,   0.98770
25017~01743 ,       934,   0.04737
25017~1581A ,      1000,   0.96813
25017~1581A ,       999,   0.00199
25017~1581A ,      1001,   0.00813
25017~1581A ,       935,   0.00077
25025~2360B ,       213,   0.99629
25025~2360B ,       226,   0.00117
25025~2360B ,       212,   0.00063
25025~2371A ,       229,   0.50962
25025~2371A ,       216,   0.00039
25025~2371A ,       228,   0.99699
25017~1580C ,      1021,   0.99221
25017~1580C ,      1000,   0.00155
25017~1580C ,       999,   0.00050
25017~1580C ,      1014,   0.00040
25017~1580C ,      1022,   0.00351
25017~1581B ,      1000,   0.02099
25017~1581B ,      1001,   0.99105
25017~1581B ,       935,   0.00500
25017~1581B ,      1004,   0.00055
25017~1567A ,      1030,   0.00051
25017~1567A ,      1029,   0.00322
25017~1567A ,      1031,   0.90426
25017~1561A ,      1032,   0.98973
25017~1561A ,      1490,   0.01470
25017~1561A ,      1033,   0.05248
25021~2017A ,      1703,   0.99274
25021~2017A ,      1701,   0.00469
25017~1583B ,      1025,   0.00116
25017~1583B ,      1024,   0.99599
25017~1583B ,      1026,   0.00067
25017~1565A ,      1035,   0.15721
25017~1565A ,      1037,   0.98151
25017~1565A ,      1036,   0.00414
25017~1565A ,      1042,   0.00042
25017~1565A ,      1041,   0.00501
25017~1565A ,      1039,   0.00402
25017~1565B ,      1037,   0.00363
25017~1565B ,      1034,   0.00974
25017~1565B ,      1036,   0.93543
25017~1565B ,      1042,   0.00466
25017~1565B ,      1043,   0.00643
25017~1565C ,      1037,   0.00580
25017~1565C ,      1039,   0.65640
25021~1855C ,       752,   0.99358
25021~2061A ,      1607,   0.91559
25021~2061A ,      1608,   0.00504
25021~2061B ,      1610,   0.00152
25021~2061B ,      1607,   0.00251
25021~2061B ,      1608,   0.99496
25021~1962A ,      1611,   0.00041
25021~1962A ,      1630,   0.97275
25021~1962A ,      1631,   0.01363
25021~1961A ,      1614,   0.00476
25021~1961A ,      1617,   0.00310
25021~1961A ,      1615,   0.00596
25021~1961A ,      1616,   0.99546
25021~1957A ,      1632,   0.00179
25021~1957A ,      1634,   0.00054
25021~1957A ,      1633,   0.99678
25021~1957C ,      1632,   0.99776
25021~1957C ,      1633,   0.00322
25021~1972B ,      1611,   0.00041
25021~1972B ,      1615,   0.98388
25021~1972B ,      1630,   0.02505
25021~1972B ,      1619,   0.00043
25021~1962C ,      1630,   0.00176
25021~1962C ,      1631,   0.98416
25021~1962C ,      1619,   0.00086
25021~1961B ,      1623,   0.20661
25021~1961B ,      1617,   0.98883
25021~1961B ,      1615,   0.00736
25021~1961B ,      1616,   0.00363
25021~1961B ,      1618,   0.04115
25021~1958A ,      1627,   0.99802
25021~1958A ,      1622,   0.00192
25021~1958A ,      1629,   0.02520
25021~1958A ,      1626,   0.02538
25021~1956B ,      1625,   0.22095
25021~1956B ,      1628,   0.00208
25021~1956A ,      1625,   0.00458
25021~1956A ,      1628,   0.99668
25021~1959A ,      1629,   0.83333
25021~1959A ,      1628,   0.00083
25021~1869B ,      1688,   0.99810
25021~1869B ,      1689,   0.00048
25021~1869B ,      1687,   0.00306
25021~1869B ,      1704,   0.00046
25021~2031A ,      1685,   0.00038
25021~2031A ,      1712,   0.99709
25021~2031A ,      1682,   0.00245
25021~2031A ,      1713,   0.00161
25021~2021B ,      1660,   0.00476
25021~2021B ,      1661,   0.99100
25021~2020C ,      1660,   0.10624
25021~2031B ,      1712,   0.00242
25021~2031B ,      1661,   0.00214
25021~2031B ,      1659,   0.00077
25021~2031B ,      1713,   0.98432
25021~1958D ,      1656,   0.00053
25021~1958D ,      1627,   0.00040
25021~1958D ,      1629,   0.14083
25021~1866B ,      1685,   0.01637
25021~1866B ,      1683,   0.01647
25021~1866B ,      1712,   0.00048
25021~1866B ,      1682,   0.99266
25021~1866B ,      1681,   0.00101
25021~1969C ,      1621,   0.00796
25021~1969C ,      1626,   0.02538
25021~1969C ,      1625,   0.30509
25021~1868A ,      1683,   0.00173
25021~1868A ,      1678,   0.99285
25021~1868B ,      1683,   0.53533
25021~1868B ,      1678,   0.00188
25021~1862C ,      1687,   0.33680
25021~1862C ,      1684,   0.01959
25021~1862C ,      1679,   1.00000
25021~1862C ,      1683,   0.15821
25021~2013B ,      1693,   0.22356
25021~2013B ,      1691,   0.00228
25021~2013B ,      1689,   0.96314
25021~2013B ,      1070,   0.00048
25021~2013B ,      1692,   0.00037
25021~2059B ,      1613,   0.00131
25021~2059B ,      1614,   0.95792
25021~1973A ,      3251,   0.00032
25021~1973A ,      3544,   1.00000
25021~1973A ,      3543,   0.01509
25005~0290B ,      3266,   0.00161
25005~0290B ,      3275,   0.99350
25005~0291A ,      3266,   0.00040
25005~0291A ,      3275,   0.00050
25005~0291A ,      3264,   0.00082
25005~0291A ,      3274,   0.28620
25005~0291B ,      3266,   0.00281
25005~0291B ,      3270,   0.00036
25005~0291B ,      3264,   0.99589
25005~0291B ,      3274,   0.00284
25005~0296A ,      3271,   0.99656
25005~0296A ,      3273,   0.00827
25005~0289A ,      3283,   0.99964
25005~0289A ,      3284,   0.00044
25005~0289A ,      3278,   0.01114
25005~0294A ,      3285,   0.99786
25005~0294A ,      3284,   0.00220
25005~0294A ,      3286,   0.00154
25005~0294A ,      3278,   0.00034
25005~0289B ,      3285,   0.00129
25005~0289B ,      3278,   0.98852
25005~0289B ,      3277,   0.00033
25005~0296B ,      3275,   0.00050
25005~0296B ,      3264,   0.00329
25005~0296B ,      3274,   0.69790
25005~0296B ,      3273,   0.00083
25005~0296C ,      3272,   0.00038
25005~0296C ,      3274,   0.01306
25005~0296C ,      3271,   0.00344
25005~0296C ,      3273,   0.99048
25005~0284A ,      3272,   0.99196
25005~0284A ,      3273,   0.00041
25005~0284A ,      3276,   0.02624
25005~0293B ,      3280,   0.99936
25005~0284B ,      3272,   0.00766
25005~0284B ,      3280,   0.00032
25005~0284B ,      3277,   0.00033
25005~0284B ,      3276,   0.97376
25005~0294D ,      3285,   0.00043
25005~0294D ,      3283,   0.00036
25005~0294D ,      3284,   0.99735
25005~0294D ,      3286,   0.00411
25021~1973B ,      3543,   0.98491
25005~0387A ,      3167,   0.99545
25005~0387A ,      3168,   0.00428
25021~1897A ,      2385,   0.19360
25021~1897A ,      2383,   0.00113
25005~0387B ,      3167,   0.00456
25005~0387B ,      3170,   0.00239
25005~0387B ,      3168,   0.99572
25005~0441A ,      3241,   0.00109
25005~0441A ,      3248,   0.97866
25005~0441A ,      3244,   0.00140
25005~0441A ,      3243,   0.00528
25005~0441B ,      3241,   0.99782
25005~0441B ,      3255,   0.00510
25005~0441B ,      3248,   0.00122
25005~0441B ,      3244,   0.00630
25005~0444B ,      3245,   0.00428
25005~0444B ,      3246,   0.97359
25005~0439A ,      3256,   0.99485
25005~0439A ,      3242,   0.00820
25005~0439A ,      3253,   0.00036
25005~0448A ,      3252,   0.01120
25005~0448A ,      3253,   0.98921
25005~0448B ,      3252,   0.98880
25005~0448B ,      3253,   0.00719
25005~0446C ,      3239,   0.02963
25005~0446C ,      3240,   0.99445
25005~0441C ,      3248,   0.01280
25005~0441C ,      3240,   0.00029
25005~0441C ,      3243,   0.99208
25005~0441D ,      3248,   0.00732
25005~0441D ,      3244,   0.99230
25005~0441D ,      3243,   0.00264
25005~0439B ,      3256,   0.00476
25005~0439B ,      3241,   0.00055
25005~0439B ,      3242,   0.99180
25005~0331A ,      2397,   0.40801
25005~0331A ,      2399,   0.00166
25005~0331A ,      2398,   0.00294
25005~0329A ,      2397,   0.08079
25005~0329B ,      2397,   0.00034
25005~0329B ,      2401,   0.29312
25005~0329B ,      2398,   0.00478
25005~0327A ,      2400,   0.92571
25005~0327A ,      2398,   0.00404
25005~0327A ,      2407,   0.99894
25005~0327A ,      2406,   0.12729
25005~0386A ,      3174,   0.24725
25005~0386A ,      3172,   0.00264
25005~0381A ,      3174,   0.00050
25005~0381A ,      3165,   0.00071
25005~0381A ,      3173,   1.00000
25005~0386B ,      3174,   0.00100
25005~0386B ,      3172,   0.99472
25005~0386B ,      3171,   0.00220
25005~0388B ,      3164,   0.00199
25005~0388B ,      3166,   0.01615
25005~0388B ,      3165,   0.99400
25005~0389C ,      3175,   0.00300
25005~0389C ,      3176,   0.99690
25005~0331B ,      2399,   0.14949
25005~0331C ,      2397,   0.00034
25005~0331C ,      2398,   0.61985
25005~0329C ,      2398,   0.19632
25005~0327B ,      2398,   0.05331
25005~0330A ,      2399,   0.00265
25005~0330A ,      2400,   0.00037
25005~0330A ,      2398,   0.11728
25005~0330B ,      2399,   0.00597
25005~0330B ,      2400,   0.07209
25005~0330C ,      2399,   0.84024
25005~0330C ,      2398,   0.00147
25005~0386C ,      3176,   0.00069
25005~0386C ,      3172,   0.00264
25005~0386C ,      3171,   0.99780
25021~1955B ,      1673,   0.00033
25021~1955B ,      1669,   0.21265
25021~1914A ,      2312,   0.00041
25021~1914A ,      2313,   0.76270
25021~1914A ,      2331,   0.00047
25021~1913B ,      2313,   0.00167
25021~1913B ,      2315,   0.00505
25021~1913B ,      2314,   0.98991
25021~1901B ,      2320,   0.00351
25021~1901B ,      2319,   0.89081
25021~1901B ,      2318,   0.00103
25021~1908A ,      2319,   0.00227
25021~1908A ,      2318,   0.51005
25021~1908B ,      2319,   0.10328
25021~1908B ,      2318,   0.00567
25021~1907B ,      2311,   0.00041
25021~1907B ,      2313,   0.23147
25021~1907B ,      2319,   0.00045
25021~1903B ,      2323,   0.00066
25021~1903B ,      2327,   0.00353
25021~1903B ,      2326,   0.94448
25023~2167B ,      1748,   0.00284
25023~2167B ,      1747,   0.17558
25023~2167B ,      1741,   0.03324
25023~2167B ,      1750,   0.00281
25023~2172A ,      1748,   0.00726
25023~2172A ,      1747,   0.82238
25023~2172A ,      1742,   0.00034
25023~2172B ,      1746,   0.00030
25023~2172B ,      1748,   0.27936
25023~2172B ,      1747,   0.00163
25023~2117B ,      1773,   0.00801
25023~2117B ,      1776,   0.44164
25023~2117B ,      1775,   0.00720
25023~2117B ,      1777,   0.00043
25023~2136B ,      1775,   0.00635
25023~2136B ,      1777,   0.15137
25023~2138A ,      1783,   0.00037
25023~2138A ,      1765,   0.00073
25023~2138A ,      1781,   0.01520
25023~2138A ,      1782,   0.34218
25023~2123B ,      1775,   0.00847
25023~2123B ,      1781,   0.68198
25023~2123B ,      1763,   0.05677
25023~2123B ,      1782,   0.00055
25023~2123B ,      1764,   0.00809
25023~2138B ,      1765,   0.00110
25023~2138B ,      1781,   0.27858
25023~2138B ,      1764,   0.00168
25023~2139B ,      1759,   0.00662
25023~2139B ,      1760,   0.23321
25023~2137B ,      1756,   0.00096
25023~2137B ,      1760,   0.00034
25023~2137B ,      1758,   0.01500
25023~2137B ,      1757,   0.99410
25023~2159B ,      1760,   0.56227
25023~2134B ,      1735,   0.97059
25023~2134B ,      1737,   0.00324
25023~2134C ,      1735,   0.00138
25023~2134C ,      1736,   0.00248
25023~2134C ,      1737,   0.96544
25021~02028 ,      1709,   0.00301
25021~02028 ,      1708,   0.00306
25021~02028 ,      1715,   0.99890
25021~02028 ,      1714,   0.17937
25021~2027A ,      1707,   0.00517
25021~2027A ,      1708,   0.99286
25021~2027A ,      1715,   0.00037
25021~2034B ,      1709,   0.00113
25021~2034B ,      1710,   0.00248
25021~2034B ,      1711,   0.99919
25021~2034B ,      1714,   0.00135
25021~2039B ,      1651,   0.00050
25021~2039B ,      1649,   0.99263
25021~2039B ,      1625,   0.00172
25021~2039B ,      1628,   0.00042
25021~1943B ,      1500,   0.00775
25021~1943B ,      1492,   0.00047
25021~1943B ,      1502,   0.99805
25017~1578A ,      1051,   0.13694
25017~1578A ,      1049,   0.95654
25017~1578A ,      1050,   0.00869
25017~1578B ,      1051,   0.03035
25017~1578B ,      1049,   0.00552
25017~1578B ,      1050,   0.91952
25017~1720B ,       983,   0.00773
25017~1720B ,       984,   0.97741
25017~1714B ,      1471,   0.00077
25017~1714B ,      1473,   0.00070
25017~1714B ,       974,   0.00057
25017~1714B ,       985,   0.98615
25017~1714B ,      1012,   0.00154
25017~1714B ,       986,   0.00054
25017~1714B ,       983,   0.00155
25017~1714B ,       984,   0.00512
25017~1723A ,       974,   0.00228
25017~1723A ,       977,   0.97662
25017~1727B ,      1471,   0.01120
25017~1727B ,       974,   0.64974
25017~1710A ,       973,   0.00177
25017~1710A ,       974,   0.33885
25017~1723B ,       973,   0.00319
25017~1723B ,       977,   0.00302
25017~1723B ,       975,   0.58744
25017~1705B ,       978,   0.05631
25017~1705B ,       976,   0.97333
25017~1705B ,       975,   0.00602
25017~1705B ,       966,   0.00458
25017~1710C ,       972,   0.00095
25017~1710C ,       973,   0.93009
25017~1710C ,       974,   0.00057
25017~1707B ,       954,   0.00037
25017~1707B ,       971,   0.99936
25017~1707B ,       972,   0.16232
25017~1707B ,       973,   0.03655
25017~1153B ,      1424,   0.00035
25017~1153B ,      1429,   0.00080
25017~1153B ,      1428,   0.95633
25017~1154B ,      1427,   0.87646
25017~1154B ,      1428,   0.04066
25017~1201B ,      1381,   0.00448
25017~1201B ,      1382,   0.99008
25017~1207A ,      1379,   0.97474
25017~1207A ,      1378,   0.00101
25017~1207B ,      1364,   0.00080
25017~1207B ,      1368,   0.00064
25017~1207B ,      1379,   0.00962
25017~1207B ,      1369,   0.97093
25017~1191C ,      1400,   0.00171
25017~1191C ,      1389,   0.98627
25017~1191C ,      1291,   0.00121
25017~1191C ,      1388,   0.00186
25017~1212B ,      1386,   0.00383
25017~1212B ,      1385,   0.99764
25017~1773A ,      1289,   0.00054
25017~1773A ,      1288,   0.98910
25017~1773A ,      1385,   0.00047
25017~1773A ,      1287,   0.00967
25017~1773A ,      1286,   0.00166
25017~1211B ,      1377,   0.00215
25017~1211B ,      1375,   0.97494
25017~1211B ,      1366,   0.00097
25017~1798B ,       872,   0.00080
25017~1798B ,       871,   0.00653
25017~1798B ,       873,   0.86091
25017~1768A ,      1293,   0.00089
25017~1768A ,      1288,   0.00237
25017~1768A ,      1294,   0.99612
25017~1768A ,      1286,   0.00332
25017~1768A ,      1295,   0.00360
25017~1795A ,       868,   0.59346
25017~1766A ,      1297,   0.50024
25017~1766A ,      1326,   0.00147
25017~1766A ,      1344,   0.00053
25017~1766A ,      1296,   0.00039
25017~1766A ,      1327,   0.00115
25017~1766A ,      1298,   0.99723
25009~0714A ,      1200,   0.00272
25009~0714A ,       833,   0.00830
25009~0714A ,      1199,   0.04659
25009~0714A ,      1198,   0.97932
25009~0714A ,       814,   0.00151
25009~0714A ,      1197,   0.00213
25017~1770A ,      1285,   0.99465
25017~1770A ,      1286,   0.00497
25017~1771B ,      1289,   0.86456
25017~1771B ,      1288,   0.00284
25017~1770B ,      1285,   0.00100
25017~1770B ,      1294,   0.00043
25017~1770B ,      1286,   0.98773
25017~1770B ,      1276,   0.00118
25017~1770B ,      1269,   0.00082
25017~1772A ,      1293,   0.00089
25017~1772A ,      1296,   0.29382
25017~1604A ,      1286,   0.00033
25017~1604A ,      1276,   0.08248
25017~1604A ,      1269,   0.99181
25017~1604A ,      1268,   0.00071
25017~1604A ,      1270,   0.01336
25017~1773C ,      1289,   0.13330
25017~1773C ,      1288,   0.00095
25017~1175B ,      1389,   0.00250
25017~1175B ,      1399,   0.08305
25017~1175B ,      1390,   0.79974
25017~1175C ,      1399,   0.00098
25017~1175C ,      1391,   0.66893
25017~1175C ,      1390,   0.00727
25017~1177D ,      1393,   0.36400
25017~1177D ,      1399,   0.27617
25017~1177D ,      1391,   0.00045
25009~0564B ,      1317,   0.99932
25009~0564B ,      1318,   1.00000
25009~0564B ,      1281,   0.00152
25009~0564B ,      1299,   0.00067
25009~0564B ,      1278,   0.00341
25017~1590B ,      1281,   0.99734
25017~1772C ,      1296,   0.70305
25017~1772C ,      1295,   0.09451
25017~1600B ,      1273,   0.69979
25017~1600B ,      1272,   0.00452
25017~1698A ,       841,   0.01102
25017~1698A ,      1265,   0.00142
25017~1698A ,       840,   0.99341
25017~1698B ,       837,   0.00049
25017~1698B ,       841,   0.88526
25017~1698B ,       840,   0.00041
25017~1648A ,       850,   0.00734
25017~1648A ,       851,   0.99635
25017~1648A ,      1265,   0.00047
25017~1648A ,       852,   0.02372
25017~1648B ,       850,   0.99234
25017~1648B ,       851,   0.00162
25017~1414B ,      1416,   0.00108
25017~1414B ,      1415,   0.99076
25017~1414B ,      1414,   0.00245
25017~1414B ,      1436,   0.00075
25017~1759B ,      1469,   0.99291
25017~1759B ,       973,   0.00071
25021~2052B ,      1487,   0.00163
25021~2052B ,      1488,   0.00256
25021~2052B ,      1486,   0.76586
25021~2052B ,      1489,   0.00795
25021~2047B ,      1488,   0.03462
25021~2047B ,      1489,   0.00042
25021~2047B ,      1490,   0.00061
25017~1563C ,      1045,   0.00221
25017~1563C ,      1046,   0.00078
25017~1563C ,      1043,   0.00135
25017~1563C ,      1044,   0.92511
25017~1604C ,      1269,   0.00410
25017~1604C ,      1270,   0.98664
25009~0714B ,      1198,   0.01153
25009~0714B ,       814,   0.00050
25009~0714B ,      1197,   0.38193
25009~0713B ,      1274,   0.00035
25009~0713B ,      1202,   0.00259
25009~0713B ,      1204,   0.18766
25009~0713B ,      1203,   0.00116
25009~0715A ,      1200,   0.44372
25009~0715A ,       834,   0.00840
25009~0715A ,      1201,   0.00053
25009~0715A ,      1198,   0.00040
25009~0717A ,      1201,   0.07380
25009~0717A ,      1199,   0.53023
25009~0717A ,      1198,   0.00875
25009~0717A ,      1206,   0.00046
25009~0717A ,       795,   0.00173
25009~0717A ,      1197,   0.00341
25009~0595A ,      1191,   0.00039
25009~0595A ,      1241,   0.99561
25009~0595A ,      1245,   0.00077
25009~0595B ,      1251,   0.00047
25009~0595B ,      1241,   0.00240
25009~0595B ,      1244,   0.00119
25009~0595B ,      1245,   0.98072
25009~0591B ,      1253,   0.00789
25009~0591B ,      1248,   0.99206
25009~0591B ,      1244,   0.00040
25009~0591B ,      1249,   0.00084
25009~0573A ,      1188,   0.00038
25009~0573A ,      1187,   0.98473
25009~0576B ,      1174,   0.00246
25009~0576B ,      1176,   0.00346
25009~0576B ,      1175,   0.99317
25009~0574B ,      1173,   0.00064
25009~0574B ,      1178,   0.00044
25009~0574B ,      1177,   0.99181
25009~0574B ,      1175,   0.00186
25009~0570A ,      1180,   0.00028
25009~0570A ,      1173,   0.99108
25009~0570A ,      1177,   0.00051
25009~0570A ,      1175,   0.00093
25009~0569B ,      1171,   0.00116
25009~0569B ,      1170,   0.98072
25009~0581B ,      1184,   0.00046
25009~0581B ,      1179,   0.99516
25009~0581B ,      1183,   0.00200
25009~0584C ,      1184,   0.99263
25009~0584C ,      1182,   0.00128
25009~0584C ,      1183,   0.00360
25009~0581C ,      1184,   0.00184
25009~0584E ,      1184,   0.00092
25009~0584E ,      1182,   0.20068
25009~0573B ,      1188,   0.99847
25009~0573B ,      1187,   0.00074
25009~0573B ,      1182,   0.00086
25009~0572A ,      1185,   0.99963
25009~0572A ,      1242,   0.00404
25009~0572A ,      1172,   0.00066
25009~0572A ,      1186,   0.00078
25009~0588A ,      1261,   0.58553
25009~0588B ,      1263,   0.99962
25009~0588B ,      1953,   0.00043
25009~0588B ,      1301,   0.00041
25009~0588B ,      1261,   0.00077
25009~0851D ,      1191,   0.00866
25009~0851D ,      1190,   0.99665
25009~0851D ,      1195,   0.00038
25009~0851D ,      1193,   0.00165
25009~0572B ,      1186,   0.45904
25009~0770A ,      1302,   0.55572
25009~0770A ,      1263,   0.00038
25009~0770A ,      1299,   0.00067
25009~0770A ,      1303,   0.00046
25009~0770A ,      1300,   0.99946
25009~0770A ,      1301,   0.99959
25009~0775B ,      1304,   0.00185
25009~0775B ,      1305,   0.99876
25009~0559A ,      1320,   0.74139
25009~0776C ,      1303,   0.99954
25009~0559B ,      1320,   0.00158
25009~0559B ,      1322,   0.87958
25009~0556B ,      1321,   0.00260
25009~0556B ,      1322,   0.11824
25009~0565B ,      1324,   0.20924
25009~0565B ,      1323,   0.00664
25009~0682A ,      1336,   0.00040
25009~0682A ,      2002,   0.00149
25009~0682A ,      1997,   0.67359
25009~0682A ,      1307,   0.00093
25009~0567C ,      1997,   0.00051
25009~0567C ,      1324,   0.25460
25009~0567C ,      1325,   0.00038
25009~0682B ,      2002,   0.65306
25009~0685B ,      2006,   0.22571
25009~0665B ,      2006,   0.00103
25009~0665B ,      2003,   0.00047
25009~0665B ,      2007,   0.51604
25009~0563B ,      2006,   0.00051
25009~0563B ,      2007,   0.00348
25009~0563B ,      1337,   0.97924
25009~0563B ,      1338,   0.00119
25009~0563B ,      1342,   0.00039
25009~0563B ,      1334,   0.00705
25009~0779E ,      1308,   0.00271
25009~0779E ,      1306,   0.44146
25009~0774A ,      1312,   0.86945
25009~0774A ,      1310,   0.00096
25009~0774A ,      1311,   0.84085
25009~0774A ,      1309,   0.00039
25009~0774A ,      1314,   0.00081
25009~0774A ,      1313,   0.00912
25009~0779A ,      1997,   0.02940
25009~0779A ,      1308,   0.00155
25009~0779A ,      1307,   0.99119
25009~0779C ,      1308,   0.00116
25009~0779C ,      1311,   0.15704
25009~0745A ,      2069,   0.00174
25009~0745A ,      2070,   0.99869
25009~0745C ,      2073,   0.00048
25009~0745C ,      2069,   0.99739
25009~0745C ,      2071,   0.00041
25009~0745C ,      2070,   0.00131
25009~0730B ,      2065,   0.36186
25009~0732B ,      2068,   0.69212
25009~0732B ,      2066,   0.00136
25009~0732B ,      2067,   0.00044
25009~0732D ,      2068,   0.00197
25009~0732D ,      2066,   0.67153
25009~0732D ,      2067,   0.00044
25009~0628B ,      2028,   0.84982
25009~0747B ,      2063,   0.00199
25009~0747B ,      2062,   0.99295
25009~0747B ,      2064,   0.00043
25009~0642A ,      2030,   0.53720
25009~0642A ,      2033,   0.00121
25009~0642B ,      2027,   0.00237
25009~0642B ,      2031,   0.99292
25009~0642B ,      2051,   0.00673
25009~0642B ,      2032,   0.00035
25009~0642B ,      2050,   0.02670
25009~0642C ,      2032,   0.00596
25009~0642C ,      2030,   0.00043
25009~0642C ,      2033,   0.34632
25009~0639B ,      2034,   0.00068
25009~0639B ,      2036,   0.00619
25009~0639B ,      2033,   0.62877
25009~0642D ,      2031,   0.00354
25009~0642D ,      2032,   0.98668
25009~0642D ,      2030,   0.00172
25009~0642D ,      2049,   0.01798
25009~0642D ,      2033,   0.00121
25009~0647A ,      2049,   0.00315
25009~0647A ,      2048,   0.99818
25009~0647A ,      2033,   0.01527
25009~0647A ,      2046,   0.00034
25009~0647A ,      2047,   0.00155
25009~0635A ,      2043,   0.00046
25009~0635A ,      2047,   0.41142
25009~0636A ,      2036,   0.00052
25009~0636A ,      2046,   0.63172
25009~0647B ,      2048,   0.00036
25009~0647B ,      2046,   0.10313
25009~0647B ,      2047,   0.00039
25009~0633A ,      2045,   0.00217
25009~0633A ,      2042,   0.00061
25009~0633A ,      2046,   0.00068
25009~0633A ,      2043,   0.00092
25009~0633A ,      2044,   0.95649
25009~0643B ,      2042,   0.00121
25009~0643B ,      2043,   0.26301
25009~0635C ,      2042,   0.00182
25009~0635C ,      2043,   0.73468
25009~0641D ,      2042,   0.08070
25009~0641D ,      2047,   0.00039
25009~0635D ,      2042,   0.19903
25009~0635D ,      2043,   0.00092
25009~0633D ,      2045,   0.95074
25009~0633D ,      2046,   0.00034
25009~0633D ,      2038,   0.00038
25009~0633D ,      2044,   0.00590
25009~0645C ,      2056,   0.00044
25009~0645C ,      2051,   0.97475
25009~0645C ,      2055,   0.00116
25009~0645C ,      2052,   0.00039
25009~0645D ,      2051,   0.00067
25009~0645D ,      2050,   0.00061
25009~0645D ,      2052,   0.99650
25009~0761A ,      1958,   0.00042
25009~0761A ,      1968,   0.83546
25009~0762A ,      1969,   0.02783
25009~0762A ,      1970,   0.00048
25009~0761C ,      1972,   0.00138
25009~0761C ,      1971,   0.99506
25009~0762C ,      1970,   0.72969
25017~1511B ,       548,   0.00035
25017~1511B ,       571,   0.00107
25017~1511B ,       570,   0.97161
25009~0609A ,      1954,   0.00071
25009~0609A ,      1953,   0.46181
25009~0607B ,      1955,   0.15207
25009~0606C ,      1956,   0.00053
25009~0606C ,      1955,   0.54823
25009~0702B ,       773,   0.00907
25009~0702B ,       777,   0.00046
25009~0702B ,       772,   0.99788
25009~0702B ,       769,   0.00649
25009~0608B ,      1951,   0.00501
25009~0608B ,      1952,   0.74230
25009~0608B ,      1955,   0.02116
25009~0607F ,      1953,   0.53559
25009~0607F ,      1262,   0.00089
25009~0607F ,      1952,   0.00152
25009~0607F ,      1955,   0.00049
25009~0607D ,      1953,   0.00043
25009~0607D ,      1952,   0.25618
25009~0688A ,       760,   0.00489
25009~0688A ,       777,   0.00370
25009~0688A ,       779,   0.00300
25009~0688A ,       762,   0.98560
25009~0688B ,       760,   0.99430
25009~0688B ,       777,   0.00785
25009~0688B ,       772,   0.00169
25009~0688B ,       759,   0.00060
25009~0688B ,       762,   0.01395
25009~0708B ,       759,   0.00357
25009~0708B ,       761,   0.85921
25009~0842A ,      1140,   0.00249
25009~0842A ,       764,   0.00040
25009~0842A ,      1136,   0.00050
25009~0842A ,      1137,   0.79060
25009~0842C ,      1136,   0.91127
25009~0842C ,      1137,   0.00138
25009~0842C ,      1134,   0.00177
25009~0815B ,      1151,   0.00041
25009~0815B ,      1153,   0.99455
25009~0815B ,      1150,   0.00103
25009~0815B ,      1164,   0.00103
25009~0809B ,      1157,   0.99136
25009~0810B ,      1151,   0.00083
25009~0810B ,      1153,   0.00126
25009~0810B ,      1150,   0.99536
25009~0810B ,      1149,   0.00275
25009~0810B ,      1158,   0.00483
25009~0810B ,      1141,   0.00043
25009~0810B ,      1157,   0.00356
25009~0781B ,      1163,   0.00041
25009~0781B ,      1218,   0.00161
25009~0781B ,      1212,   0.99526
25017~1567C ,      1028,   0.24569
25017~1547B ,      1514,   0.00469
25017~1547B ,      1535,   0.00425
25017~1547B ,      1526,   0.00103
25017~1547B ,      1527,   0.99534
25017~1547B ,      1515,   0.00176
25017~1547B ,      1478,   0.00032
25017~1533A ,      1531,   0.70432
25017~1533A ,      1522,   0.00033
25017~1533A ,      1524,   0.00155
25017~1533A ,      1535,   0.00212
25017~1533A ,      1532,   0.00354
25017~1533B ,      1532,   0.99567
25017~1548B ,      1537,   0.00115
25017~1548B ,      1536,   1.00000
25023~2264A ,      3568,   0.98823
25023~2264A ,      3564,   0.00240
25023~2264B ,      3568,   0.01177
25023~2264B ,      3564,   0.99760
25023~2264B ,      3563,   0.00039
25021~1897C ,      2385,   0.00273
25021~1897C ,      2383,   0.00038
25021~1897C ,      2386,   0.99732
25021~1897C ,      2384,   0.00047
25021~2022D ,      1656,   0.15607
25021~2022D ,      1657,   0.00055
25017~1608B ,      1272,   0.76819
25017~1608B ,      1271,   0.01284
25017~1600C ,      1273,   0.00379
25017~1600C ,      1274,   0.02383
25017~1600A ,      1272,   0.22427
25017~1600A ,      1274,   0.00035
25017~1602B ,      1275,   0.00045
25017~1602B ,      1273,   0.00253
25017~1602B ,      1274,   0.97406
25009~0713A ,      1202,   0.00129
25009~0713A ,      1229,   0.00043
25009~0713A ,      1203,   0.87000
25009~0713A ,      1200,   0.00109
25009~0713A ,      1201,   0.00053
25009~0715C ,      1226,   0.00044
25009~0715C ,      1203,   0.00272
25009~0715C ,      1200,   0.12289
25009~0715C ,      1201,   0.92514
25009~0715C ,      1199,   0.03383
25009~0783B ,      1215,   0.00329
25009~0783B ,      1207,   0.05947
25009~0783B ,      1214,   0.98291
25009~0789B ,      1205,   0.03908
25009~0789B ,      1208,   0.97318
25009~0789B ,      1152,   0.00168
25009~0789B ,      1216,   0.00689
25009~0788A ,      1206,   0.14645
25009~0788A ,      1205,   0.00046
25009~0787B ,      1206,   0.00092
25009~0787B ,      1207,   0.17311
25009~0788B ,      1205,   0.95678
25009~0788B ,      1208,   0.00908
25009~0797C ,      1224,   0.55915
25009~0797C ,      1222,   0.00054
25009~0797C ,      1223,   0.00229
25009~0806B ,      1947,   0.00077
25009~0806B ,      1950,   0.00120
25009~0806B ,      1949,   0.98723
25009~0806C ,      1948,   0.09647
25009~0806C ,      1949,   0.00840
25009~0806D ,      1947,   0.99807
25009~0806D ,      1950,   0.00301
25009~0806D ,      1949,   0.00370
25009~0805B ,      1960,   0.00032
25009~0805B ,      1948,   0.78474
25009~0805B ,      1959,   0.00162
25009~0805B ,      1950,   0.00301
25009~0805C ,      1948,   0.00144
25009~0805C ,      1951,   0.00072
25009~0805C ,      1959,   0.00379
25009~0805C ,      1950,   0.62048
25009~00757 ,      1957,   0.00325
25009~00757 ,      1958,   0.03177
25009~00757 ,      1948,   0.00072
25009~00757 ,      1959,   0.98972
25009~0765B ,      1963,   0.38030
25009~0765B ,      1964,   0.16582
25009~0765B ,      1965,   0.00044
25009~0765B ,      1966,   0.00119
25009~0548A ,      1987,   0.00100
25009~0548A ,      1990,   0.39362
25009~0549A ,      1991,   0.11430
25009~0549A ,      1987,   0.00199
25009~0549A ,      1990,   0.00372
25009~0824B ,      1982,   0.16194
25009~0824B ,      1986,   0.00082
25009~0824B ,      1983,   0.03668
25009~0824B ,      1981,   0.79781
25009~0824B ,      1980,   0.00069
25009~0543B ,      1988,   0.00041
25009~0543B ,      1989,   0.06217
25009~0548B ,      1987,   0.39880
25009~0548B ,      1990,   0.00160
25009~0548C ,      1987,   0.05384
25009~0548C ,      1985,   0.25979
25009~0550B ,      1986,   0.19657
25009~0728B ,      1993,   0.62329
25009~0728B ,      1995,   0.00327
25009~0728C ,      1996,   0.00077
25009~0728C ,      1993,   0.00196
25009~0728C ,      1995,   0.43128
25009~0727B ,      1995,   0.32461
25009~0634A ,      2038,   0.98088
25009~0729D ,      1994,   0.00063
25009~0729D ,      1995,   0.24084
25009~0634B ,      2040,   0.00077
25009~0634B ,      2039,   0.99872
25009~0634B ,      1994,   0.00316
25009~0634B ,      2038,   0.00344
25009~0853A ,      1976,   0.99936
25009~0853A ,      1957,   0.00041
25009~0634C ,      2039,   0.00128
25009~0634C ,      2037,   0.57106
25009~0853B ,      1976,   0.00064
25009~0853B ,      1974,   0.03325
25009~0636D ,      2048,   0.00036
25009~0636D ,      2036,   0.51135
25009~0636D ,      2037,   0.00043
25009~0636D ,      2046,   0.00987
25009~0637A ,      2048,   0.00109
25009~0637A ,      2036,   0.47007
25009~0637A ,      2033,   0.00121
25009~0637A ,      2035,   0.00238
25009~0637A ,      2037,   0.00043
25009~0637C ,      2035,   0.00238
25009~0637C ,      2037,   0.05250
25009~0644B ,      2053,   0.96835
25009~0644B ,      2042,   0.05886
25009~0644B ,      2054,   0.01102
25009~0644B ,      2052,   0.00117
25009~0675B ,      1998,   0.67051
25009~0675B ,      1999,   0.00776
25009~0669B ,      2001,   0.24242
25009~0669B ,      2000,   0.00933
25009~0668B ,      1997,   0.28789
25009~0668B ,      1998,   0.00036
25009~0683B ,      2009,   0.00734
25009~0683B ,      2018,   0.00201
25009~0683B ,      2003,   0.78000
25009~0683B ,      2001,   0.00823
25009~0683B ,      2000,   0.00162
25009~0683B ,      2004,   0.11106
25009~0686A ,      2002,   0.00597
25009~0686A ,      2001,   0.74802
25009~0686B ,      2002,   0.32703
25009~0686B ,      2001,   0.00099
25009~0664B ,      2019,   0.00049
25009~0664B ,      2018,   0.00268
25009~0664B ,      2026,   0.66644
25009~0664B ,      1316,   0.00120
25009~0664B ,      1310,   0.00096
25009~0667A ,      2008,   0.00165
25009~0667A ,      2009,   0.15710
25009~0667A ,      2010,   0.00548
25009~0667C ,      2008,   0.00041
25009~0667C ,      2009,   0.00086
25009~0667C ,      2010,   0.32729
25009~0663B ,      2010,   0.42893
25009~0557B ,      1337,   0.00949
25009~0557B ,      1338,   0.00396
25009~0557B ,      1342,   0.99134
25009~0557B ,      1341,   0.00044
25017~1675A ,      1356,   0.00559
25017~1675A ,      1353,   0.31742
25017~1675A ,      1352,   0.00109
25017~1675B ,      1353,   0.00169
25017~1675B ,      1352,   0.41554
25017~1675B ,      1349,   0.11294
25017~1675C ,      1356,   0.06606
25017~1675C ,      1357,   0.60504
25017~1675C ,      1358,   0.00234
25017~1675E ,      1357,   0.00373
25017~1675E ,      1352,   0.00163
25017~1675E ,      1360,   0.00158
25017~1675E ,      1358,   0.98947
25017~1677A ,      2095,   0.00038
25017~1677A ,      2098,   0.00110
25017~1677A ,      1362,   0.00974
25017~1677A ,      1341,   0.00088
25017~1677A ,      1363,   0.86104
25017~1677A ,      1356,   0.00051
25017~1677A ,      1360,   0.00315
25017~1678B ,      1363,   0.00035
25017~1678B ,      1357,   0.00047
25017~1678B ,      1360,   0.10615
25017~1678B ,      1361,   0.99179
25017~1677B ,      2098,   0.00074
25017~1677B ,      1362,   0.99026
25017~1677B ,      1363,   0.00106
25017~1677B ,      1356,   0.02896
25017~1678C ,      1363,   0.00142
25017~1678C ,      1356,   0.00254
25017~1678C ,      1357,   0.38749
25017~1678C ,      1361,   0.00219
25017~1678D ,      1356,   0.89177
25017~1678D ,      1353,   0.00112
25017~1678D ,      1357,   0.00280
25017~1678D ,      1355,   0.00043
25017~1441B ,      2118,   0.69009
25017~1441B ,      2102,   0.00198
25017~1441B ,      2117,   0.00433
25017~1441B ,      2116,   0.00120
25017~1441B ,      2105,   0.00195
25017~1441B ,      2106,   0.02136
25017~1444B ,      2094,   0.00371
25017~1444B ,      2115,   0.00212
25017~1444B ,      2107,   0.84905
25017~1444B ,      2116,   0.00080
25017~1444B ,      2108,   0.00938
25017~1453A ,      2118,   0.30926
25017~1453A ,      2102,   0.01030
25017~1453A ,      2117,   0.00108
25017~1443C ,      2107,   0.00227
25017~1443C ,      2105,   0.00454
25017~1443C ,      2104,   0.72788
25017~1435A ,      2119,   0.00083
25017~1435A ,      2120,   0.08054
25017~1435A ,      2121,   0.99328
25017~1453C ,      2122,   0.00063
25017~1453C ,      2117,   0.29113
25017~1435B ,      2119,   0.99459
25017~1435B ,      2102,   0.07525
25017~1435B ,      2120,   0.00192
25017~1435B ,      2121,   0.00493
25017~1150B ,      2211,   0.00037
25017~1150B ,      2213,   0.00040
25017~1150B ,      2214,   0.79381
25017~1150B ,      2215,   0.00079
25017~1150B ,      2218,   0.11739
25017~1150B ,      2217,   0.00907
25017~1152A ,      2214,   0.07938
25017~1152A ,      2217,   0.00086
25017~1613A ,      2236,   0.00037
25017~1613A ,      2235,   0.91241
25017~1613A ,      2234,   0.00504
25017~1152D ,      2214,   0.00066
25017~1152D ,      2217,   0.26825
25017~1152D ,      2216,   0.00207
25017~1149A ,      2218,   0.63292
25017~1149A ,      2217,   0.00130
25017~1149C ,      2214,   0.00165
25017~1149C ,      2218,   0.00248
25017~1149C ,      2217,   0.71490
25017~1613B ,      2235,   0.00091
25017~1613B ,      2234,   0.39441
25017~1612A ,      2219,   0.00054
25017~1612A ,      2235,   0.00319
25017~1612A ,      2234,   0.23546
25017~1612B ,      2235,   0.07984
25027~2769B ,      3157,   0.00031
25027~2769B ,      3158,   0.99853
25027~2769B ,      3054,   0.00750
25027~2758A ,      3134,   0.01672
25027~2758A ,      3135,   0.00038
25027~2758A ,      3125,   0.98863
25027~2758B ,      3134,   0.98328
25027~2758B ,      3125,   0.00531
25027~2758B ,      3150,   0.00054
25027~2756A ,      3133,   0.95509
25027~2756A ,      3161,   0.00504
25027~2761B ,      3115,   0.95410
25027~2761B ,      3114,   0.00623
25027~2757C ,      3150,   0.96618
25027~2757C ,      3160,   0.00036
25027~2756B ,      3125,   0.00531
25027~2756B ,      3133,   0.00200
25027~2756B ,      3150,   0.00805
25027~2756B ,      3161,   0.99496
25027~2818B ,      3163,   0.99284
25027~2818B ,      3124,   0.01455
25027~2818B ,      3118,   0.00053
25027~2820B ,      3142,   0.99284
25027~2830A ,      3127,   0.98374
25027~2830C ,      3127,   0.00185
25027~2830C ,      3129,   0.00093
25027~2830C ,      3130,   0.99553
25027~3035D ,      2867,   0.00035
25027~3035D ,      2872,   0.98983
25027~3015A ,      2895,   0.00378
25027~3015A ,      2891,   0.00632
25027~3015A ,      2896,   0.98200
25027~3015B ,      2870,   0.01404
25027~3015B ,      2869,   0.04104
25027~3015B ,      2891,   0.98009
25027~3015B ,      2896,   0.00741
25027~3013D ,      2868,   0.00231
25027~3013D ,      2869,   0.95109
25027~3013D ,      2979,   0.01182
25027~3013A ,      2868,   0.99692
25027~3013A ,      2870,   0.00180
25027~3013A ,      2866,   0.00132
25027~3013A ,      2869,   0.00787
25027~3013A ,      2979,   0.02009
25027~3013B ,      2868,   0.00039
25027~3013B ,      2866,   0.99824
25027~3015C ,      2897,   0.00283
25027~3015C ,      2892,   0.98920
25027~3015C ,      2870,   0.03564
25027~3015C ,      2891,   0.00379
25027~3015D ,      2963,   0.00365
25027~3015D ,      2897,   0.98994
25027~3015D ,      2892,   0.00586
25027~3015D ,      2968,   0.00520
25027~3015D ,      2896,   0.00282
25027~3015E ,      2963,   0.00401
25027~3015E ,      2897,   0.00157
25027~3015E ,      2961,   0.00079
25027~3015E ,      2968,   0.99240
25027~3015F ,      2964,   0.00150
25027~3015F ,      2940,   0.00036
25027~3015F ,      2961,   0.98349
25027~3035B ,      2903,   0.00083
25027~3035B ,      2906,   0.00292
25027~3035B ,      2867,   0.00388
25027~3035B ,      2904,   0.91014
25027~3015G ,      2964,   0.00901
25027~3015G ,      2965,   0.99079
25027~3015G ,      2966,   0.00028
25027~3015G ,      2940,   0.00036
25027~3015G ,      2894,   0.00113
25027~3035A ,      2898,   0.94894
25027~3035A ,      2858,   0.00802
25027~3003C ,      2941,   0.00042
25027~3003C ,      2932,   0.00057
25027~3003C ,      2933,   0.99154
25027~3003C ,      2931,   0.00216
25027~2998A ,      2937,   0.00136
25027~2998A ,      2928,   0.98987
25027~2998B ,      2937,   0.99819
25027~2998B ,      2928,   0.00276
25027~3052D ,      2564,   0.94523
25027~3052D ,      2548,   0.00101
25027~3052D ,      2547,   0.00525
25027~2999A ,      2964,   0.00113
25027~2999A ,      2941,   0.00042
25027~2999A ,      2940,   0.99892
25027~2999A ,      2961,   0.00314
25027~2999A ,      2962,   0.00819
25027~2999A ,      2945,   0.00032
25027~3021A ,      2986,   0.00073
25027~3021A ,      2992,   0.00044
25027~3021A ,      2995,   0.00226
25027~3021A ,      2871,   0.98523
25027~3021A ,      2872,   0.00036
25027~3021A ,      2994,   0.00852
25027~3015H ,      2963,   0.98249
25027~3015H ,      2961,   0.00157
25027~3015H ,      2962,   0.00102
25027~3015H ,      2926,   0.00584
25027~3015I ,      2963,   0.00438
25027~3015I ,      2897,   0.00566
25027~3015I ,      2892,   0.00494
25027~3015I ,      2865,   0.00513
25027~3015I ,      2926,   0.99416
25027~3015I ,      2870,   0.00936
25027~3009A ,      2910,   0.99505
25027~3009A ,      2911,   0.00169
25027~3009B ,      2910,   0.00419
25027~3009B ,      2911,   0.92939
25027~3009B ,      2913,   0.00070
25027~3003D ,      2925,   0.00108
25027~3003D ,      2949,   0.99674
25027~3003D ,      2933,   0.00451
25027~2998C ,      2941,   0.00169
25027~2998C ,      2960,   0.99948
25027~2998D ,      2928,   0.00737
25027~2998D ,      2941,   0.99747
25027~2998D ,      2962,   0.00102
25027~3046A ,      2929,   0.00435
25027~3046A ,      2930,   0.99464
25027~3046A ,      2948,   0.00041
25027~3046B ,      2929,   0.99407
25027~3046B ,      2955,   0.00406
25027~3046B ,      2930,   0.00536
25027~3036A ,      2943,   0.00030
25027~3036A ,      2946,   0.99144
25027~3036A ,      2947,   0.00057
25027~3036A ,      2950,   0.00321
25027~3000A ,      2945,   0.00192
25027~3000A ,      2948,   0.99461
25027~3000A ,      2950,   0.00240
25027~3010A ,      2911,   0.00042
25027~3010A ,      2913,   0.99826
25027~3010A ,      2974,   0.00190
25027~3010B ,      2913,   0.00035
25027~3010B ,      2974,   0.99772
25027~3056A ,      2956,   0.10665
25027~3056A ,      2942,   0.99847
25027~3056A ,      2943,   0.00030
25027~3012C ,      2880,   0.00056
25027~3012C ,      2975,   0.99401
25027~3012C ,      2976,   0.00076
25027~3012D ,      2880,   0.98383
25027~3012D ,      2975,   0.00100
25027~2999B ,      2960,   0.00052
25027~2999B ,      2963,   0.00547
25027~2999B ,      2961,   0.00354
25027~2999B ,      2962,   0.98976
25027~3002B ,      2966,   0.01022
25027~3002B ,      2894,   0.00085
25027~3002B ,      2888,   0.50532
25027~3002C ,      2965,   0.00108
25027~3002C ,      2966,   0.98808
25027~3002C ,      2882,   0.00388
25021~1907C ,      2351,   0.00084
25021~1907C ,      2308,   0.00229
25021~1907C ,      2311,   0.00082
25021~1907C ,      2310,   0.99588
25021~1907C ,      2320,   0.41309
25021~1907C ,      2322,   0.01714
25021~1907C ,      2317,   0.00045
25027~2956A ,      2691,   0.65098
25027~2956A ,      2694,   0.00120
25027~2956A ,      2696,   0.00158
25027~2956A ,      2695,   0.00628
25027~2956B ,      2696,   0.00632
25027~2956B ,      2695,   0.98493
25027~2956C ,      2555,   0.00081
25027~2956C ,      2694,   0.00201
25027~2956C ,      2696,   0.99000
25027~2956C ,      2695,   0.00502
25027~2955A ,      2555,   0.99879
25027~2955A ,      2529,   0.00889
25027~2956D ,      2554,   0.00086
25027~2956D ,      2691,   0.00061
25027~2956D ,      2694,   0.72340
25027~2956D ,      2696,   0.00211
25027~2958C ,      2682,   0.00184
25027~2958C ,      2689,   0.00078
25027~2958C ,      2691,   0.33680
25027~2842A ,      2347,   0.03318
25027~2842A ,      2345,   0.00119
25027~2842A ,      2349,   0.00115
25027~2842A ,      2346,   0.99385
25027~02853 ,      2343,   0.04610
25027~02853 ,      2344,   0.93138
25027~02853 ,      2338,   0.00237
25027~02853 ,      2345,   0.00030
25027~2842B ,      2343,   0.03429
25027~2842B ,      2345,   0.80537
25027~2842B ,      2349,   0.00038
25027~2842B ,      2346,   0.00547
25027~2965B ,      2773,   0.03445
25027~2965B ,      2772,   0.74636
25027~2965B ,      2775,   0.00206
25027~2964A ,      2773,   0.31750
25027~2964A ,      2771,   0.00181
25027~2964A ,      2772,   0.24987
25027~2964B ,      3014,   0.98492
25027~2964B ,      3013,   0.00038
25027~2912A ,      2292,   0.00629
25027~2912A ,      2771,   0.00181
25027~2912A ,      2293,   0.99732
25027~2912A ,      2294,   0.00778
25027~2964E ,      3014,   0.00854
25027~2964E ,      3038,   0.98521
25027~2912B ,      2292,   0.98232
25027~2912B ,      2294,   0.00973
25017~1494B ,      2261,   0.00383
25017~1494B ,      2265,   0.76444
25017~1485B ,      2266,   0.00107
25017~1485B ,      2265,   0.22546
25017~1498B ,      2275,   0.00240
25017~1498B ,      2264,   0.02460
25017~1498B ,      2266,   0.05156
25017~1498B ,      2267,   0.99699
25017~1498B ,      2268,   0.00504
25017~1490B ,      2263,   0.00590
25017~1490B ,      2262,   0.99733
25017~1490B ,      2261,   0.00870
25017~1490B ,      2264,   0.00227
25017~1490C ,      2263,   0.98196
25017~1490C ,      2262,   0.00038
25017~1490C ,      2275,   0.00120
25017~1490C ,      2264,   0.00162
25027~2724B ,      2225,   0.00833
25027~2724B ,      2224,   0.00044
25027~2724B ,      2227,   0.99919
25027~2724B ,      2249,   0.00183
25027~2724B ,      2203,   0.00174
25027~2724B ,      2248,   0.00104
25027~2794B ,      2221,   0.00086
25027~2794B ,      2223,   0.00357
25027~2794B ,      2224,   0.99512
25027~2794B ,      2222,   0.00252
25027~2794B ,      2200,   0.00068
25027~2794B ,      2201,   0.00105
25027~2794C ,      2221,   0.00043
25027~2794C ,      2224,   0.00133
25027~2794C ,      2222,   0.35442
25027~2795A ,      2221,   0.37511
25027~2795A ,      2222,   0.00283
25027~2794D ,      2223,   0.90159
25027~2794D ,      2224,   0.00133
25027~2794D ,      2222,   0.00189
25027~2795B ,      2221,   0.00215
25027~2795B ,      2223,   0.00079
25027~2795B ,      2222,   0.63362
25027~2795C ,      2223,   0.09167
25027~2795C ,      2222,   0.00220
25017~1126A ,      1446,   0.08354
25017~1126A ,      1447,   0.79128
25017~1126A ,      1448,   0.00318
25017~1126B ,      1446,   0.00035
25017~1126B ,      1447,   0.00134
25017~1126B ,      1450,   0.00104
25017~1126B ,      1448,   0.93057
25017~1126B ,      1453,   0.00105
25017~1308B ,      1434,   0.99796
25017~1308B ,      1435,   0.00181
25017~1309A ,      1439,   0.00134
25017~1309A ,      1438,   0.00079
25017~1309A ,      1433,   0.00058
25017~1309A ,      1441,   0.00651
25017~1309A ,      1437,   0.99102
25017~1309A ,      1435,   0.00497
25017~1304B ,      1440,   0.01146
25017~1304B ,      1442,   0.00034
25017~1304B ,      1439,   0.00067
25017~1304B ,      1433,   0.00580
25017~1304B ,      1441,   0.98185
25017~1304B ,      1437,   0.00163
25017~1730B ,       986,   0.01826
25017~1730B ,       987,   0.97245
25017~1730B ,       995,   0.00113
25017~1730B ,       988,   0.00144
25017~1729B ,       993,   0.00032
25017~1729B ,       987,   0.02667
25017~1729B ,       995,   0.00415
25017~1729B ,       989,   0.99293
25017~1719B ,       994,   0.99492
25017~1719B ,       992,   0.00136
25017~1719B ,      1003,   0.00042
25017~1552B ,       994,   0.00092
25017~1552B ,       996,   0.00688
25017~1552B ,      1003,   0.03428
25017~1552B ,      1007,   0.01081
25017~1552B ,      1006,   0.99523
25027~2789C ,      2877,   0.00114
25027~2789C ,      2846,   0.02190
25027~2789C ,      2847,   0.91935
25027~3027B ,      2542,   0.00524
25027~3027B ,      2546,   0.99887
25027~2980A ,      2593,   0.00061
25027~2980A ,      2595,   0.00046
25027~2980A ,      2598,   0.06483
25027~2980A ,      2553,   0.00707
25027~2980A ,      2600,   0.03481
25027~2980A ,      2599,   0.99125
25027~2980A ,      2601,   1.00000
25027~2980A ,      2752,   0.00412
25027~3057A ,      2590,   0.00051
25027~3057A ,      2591,   0.00070
25027~3057A ,      2748,   0.99158
25027~3057A ,      2749,   0.00044
25027~3057A ,      2757,   0.00544
25027~3050A ,      2590,   0.99697
25027~3050A ,      2592,   0.00044
25027~3050A ,      2562,   0.00696
25027~3050B ,      2590,   0.00101
25027~3050B ,      2562,   0.99260
25027~3028A ,      2563,   0.00668
25027~3028A ,      2565,   0.00051
25027~3028A ,      2561,   0.99294
25027~3028A ,      2566,   0.00238
25027~3052A ,      2565,   0.99287
25027~3052A ,      2547,   0.00437
25027~3052A ,      2561,   0.00050
25027~3046C ,      2929,   0.00040
25027~3046C ,      2955,   0.00284
25027~3046C ,      2939,   0.98938
25027~3025A ,      2937,   0.00045
25027~3025A ,      2938,   0.99760
25027~3025A ,      2934,   0.00147
25027~2996B ,      2921,   0.00508
25027~2996B ,      2932,   0.01144
25027~2996B ,      2552,   0.99624
25027~2996B ,      2953,   0.00371
25027~3017A ,      2590,   0.00051
25027~3017A ,      2593,   0.00304
25027~3017A ,      2592,   0.98778
25027~3017A ,      2589,   0.00561
25027~3025B ,      2934,   0.02409
25027~3025B ,      2936,   0.99880
25027~3028B ,      2563,   0.96621
25027~3028B ,      2935,   0.00051
25027~3028B ,      2561,   0.00555
25027~3028C ,      2563,   0.00793
25027~3028C ,      2935,   0.00102
25027~3028C ,      2561,   0.00101
25027~3028C ,      2939,   0.00039
25027~3028C ,      2566,   0.99325
25027~3046D ,      2929,   0.00119
25027~3046D ,      2955,   0.99187
25027~3046D ,      2939,   0.01022
25027~3028D ,      2563,   0.01919
25027~3028D ,      2935,   0.99847
25027~3028D ,      2955,   0.00122
25027~3028D ,      2566,   0.00437
25027~3048B ,      2951,   0.99606
25027~3048B ,      2553,   0.00177
25027~3048B ,      2954,   0.03348
25027~3057C ,      2591,   0.00139
25027~3057C ,      2748,   0.00135
25027~3057C ,      2749,   0.99605
25027~3057C ,      2757,   0.00878
25027~3048C ,      2553,   0.00530
25027~3048C ,      2952,   1.00000
25027~3048C ,      2953,   0.00074
25027~3048C ,      2954,   0.01116
25027~3048D ,      2553,   0.00044
25027~3048D ,      2954,   0.93547
25027~2996A ,      2932,   0.00114
25027~2996A ,      2552,   0.00376
25027~2996A ,      2953,   0.98220
25027~2997C ,      2959,   0.00825
25027~2997C ,      2957,   0.00431
25027~2997C ,      2958,   0.03979
25027~2997C ,      2917,   0.95803
25027~2997C ,      2915,   0.00655
25027~2997D ,      2957,   0.00554
25027~2997D ,      2958,   0.96021
25027~2997D ,      2917,   0.00166
25027~2997E ,      2957,   0.95844
25027~2997F ,      2959,   0.91205
25027~2997F ,      2957,   0.01570
25027~2997F ,      2917,   0.01104
25027~3057D ,      2590,   0.00051
25027~3057D ,      2591,   0.99791
25027~3057D ,      2748,   0.00573
25027~3057D ,      2749,   0.00307
25027~3057D ,      2564,   0.04252
25027~3057D ,      2548,   0.00604
25027~2995A ,      2924,   0.99913
25027~2995A ,      2861,   0.00278
25027~2995A ,      2922,   0.00042
25027~3011A ,      2923,   0.00414
25027~3011A ,      2969,   0.99344
25027~3011A ,      2972,   0.00876
25027~3011C ,      2923,   0.00028
25027~3011C ,      2969,   0.00164
25027~3011C ,      2974,   0.00038
25027~3011C ,      2972,   0.98970
25027~3008A ,      2861,   0.00445
25027~3008A ,      2914,   0.98133
25027~3008A ,      2922,   0.00421
25027~3008B ,      2922,   0.99537
25027~3008B ,      2957,   0.00031
25027~3005B ,      2558,   0.99643
25027~3005B ,      2559,   1.00000
25027~3005B ,      2919,   0.00762
25027~2713A ,      2528,   0.99918
25027~2713A ,      2526,   0.97450
25027~2713A ,      2603,   0.00249
25027~2713A ,      2602,   0.00044
25027~2705A ,      2633,   0.00068
25027~2705A ,      2604,   0.97724
25027~2705A ,      2605,   0.00078
25027~2705A ,      2594,   0.00031
25027~2713B ,      2528,   0.00082
25027~2713B ,      2603,   0.99601
25027~2713B ,      2602,   0.00663
25027~2705B ,      2595,   0.00046
25027~2705B ,      2596,   0.00119
25027~2705B ,      2594,   0.99379
25027~2980B ,      2595,   0.98940
25027~2980B ,      2598,   0.03268
25027~2980B ,      2599,   0.00750
25027~2980B ,      2752,   0.00453
25027~2980C ,      2595,   0.00968
25027~2980C ,      2752,   0.99135
25027~2990A ,      2598,   0.90249
25027~2990A ,      2600,   0.01138
25027~2990B ,      2600,   0.94244
25027~2990B ,      2927,   0.00103
25027~2990C ,      2600,   0.01138
25027~2990C ,      2927,   0.99863
25027~3042A ,      2918,   0.00033
25027~3042A ,      2920,   0.97465
25027~3042A ,      2921,   0.00046
25027~3042B ,      2557,   0.00611
25027~3042B ,      2602,   0.00044
25027~3042B ,      2918,   0.99870
25027~3042B ,      2920,   0.02535
25027~3005C ,      2558,   0.00119
25027~3005C ,      2919,   0.98116
25027~3042C ,      2557,   0.99389
25027~3042C ,      2918,   0.00098
25027~2713C ,      2603,   0.00150
25027~2713C ,      2602,   0.99248
25027~3031B ,      2572,   0.00111
25027~3031B ,      2587,   0.01475
25027~3031B ,      2739,   0.95863
25027~3031B ,      2738,   0.01118
25027~3031B ,      2588,   0.00768
25027~3000B ,      2965,   0.00054
25027~3000B ,      2945,   0.99744
25027~3000B ,      2950,   0.01015
25027~3031C ,      2739,   0.01547
25027~3031C ,      2738,   0.97519
25027~3041C ,      2858,   0.98954
25027~3041C ,      2899,   0.00040
25027~03040 ,      2857,   0.14702
25027~03040 ,      2884,   0.69857
25027~2992D ,      2879,   0.99587
25027~2992D ,      2970,   0.00261
25027~3041D ,      2884,   0.30143
25027~3041D ,      2890,   0.00054
25027~3041D ,      2899,   0.00040
25027~3037A ,      2549,   0.00201
25027~3037A ,      2542,   0.00044
25027~3037A ,      2543,   0.99826
25027~3037A ,      2544,   0.00050
25027~3030C ,      2571,   0.00040
25027~3030C ,      2578,   0.00037
25027~3030C ,      2580,   0.98731
25027~3030C ,      2572,   0.00221
25027~3030C ,      2587,   0.00040
25027~3014A ,      2888,   0.00250
25027~3014A ,      3003,   0.99807
25027~3055B ,      2881,   0.99906
25027~3055B ,      2883,   0.01027
25027~3055B ,      3003,   0.00064
25027~3031E ,      2739,   0.00252
25027~3031E ,      2551,   0.00045
25027~3031E ,      2588,   0.98493
25027~3051A ,      2739,   0.00036
25027~3051A ,      2738,   0.00035
25027~3051A ,      2544,   0.99849
25027~3051A ,      2551,   0.99866
25027~3051A ,      2588,   0.00059
25027~3051C ,      2550,   0.99184
25027~3051C ,      2734,   0.00118
25027~3051C ,      2551,   0.00089
25027~3000C ,      2943,   0.00030
25027~3000C ,      2948,   0.00497
25027~3000C ,      2950,   0.98424
25027~3014B ,      2894,   0.00028
25027~3014B ,      2888,   0.49155
25027~3014B ,      2889,   0.00121
25027~3014B ,      3003,   0.00129
25027~3015J ,      2967,   0.00379
25027~3015J ,      2968,   0.00040
25027~3015J ,      2895,   0.97902
25027~3015J ,      2894,   0.00198
25027~3015J ,      2896,   0.00741
25027~3015K ,      2965,   0.00758
25027~3015K ,      2966,   0.00028
25027~3015K ,      2895,   0.00069
25027~3015K ,      2894,   0.99065
25027~3015K ,      2888,   0.00063
25027~3015L ,      2964,   0.00038
25027~3015L ,      2967,   0.98864
25027~3015L ,      2961,   0.00550
25027~3015L ,      2968,   0.00200
25027~3015M ,      2964,   0.98799
25027~3015M ,      2967,   0.00757
25027~3015M ,      2940,   0.00036
25027~3015M ,      2961,   0.00197
25027~3015M ,      2894,   0.00425
25027~3047C ,      2895,   0.01651
25027~3047C ,      2894,   0.00085
25027~3047C ,      2889,   0.00040
25027~3047C ,      2871,   0.01319
25027~3047C ,      2893,   0.98687
25027~3047C ,      2891,   0.00980
25027~3047C ,      2896,   0.00035
25027~3021B ,      2995,   0.00161
25027~3021B ,      2994,   0.98773
25027~3021C ,      2992,   0.00088
25027~3021C ,      2995,   0.98678
25027~3021C ,      2871,   0.00053
25027~3021C ,      2994,   0.00375
25027~3021D ,      2992,   0.98642
25027~3021D ,      2995,   0.00935
25027~3021D ,      2980,   0.00610
25027~3021E ,      2992,   0.01183
25027~3021E ,      2871,   0.00053
25027~3021E ,      2980,   0.97490
25027~2908B ,      2849,   0.00117
25027~2908B ,      2848,   0.00195
25027~2908B ,      2845,   0.99590
25027~2908C ,      2850,   1.00000
25027~2908C ,      2841,   0.99438
25027~2908C ,      2849,   0.99223
25027~2908C ,      2848,   0.00586
25027~2908C ,      2845,   0.00359
25027~2908C ,      3017,   0.00143
25027~2788C ,      2778,   0.00418
25027~2788C ,      2783,   0.00036
25027~2788C ,      2788,   0.00111
25027~2788C ,      2779,   0.99905
25027~2788B ,      2778,   0.00104
25027~2788B ,      2788,   0.99889
25027~2788B ,      2779,   0.00032
25027~2967A ,      3029,   0.00284
25027~2967A ,      3018,   0.00998
25027~2967A ,      3035,   0.99907
25027~2967A ,      3032,   0.00043
25027~2967A ,      3033,   0.98921
25027~2788A ,      2778,   0.99478
25027~2788A ,      2779,   0.00064
25027~2966C ,      3015,   0.98716
25027~2966C ,      2774,   0.00046
25027~2966C ,      3037,   0.00093
25027~2966D ,      3011,   0.01160
25027~2966D ,      3015,   0.00575
25027~2966D ,      3037,   0.99813
25027~2967C ,      2775,   0.00206
25027~2967C ,      2844,   0.94981
25027~2967C ,      3017,   0.00143
25027~2967D ,      2774,   0.00139
25027~2967D ,      2844,   0.00478
25027~2967D ,      3016,   0.01173
25027~2967D ,      3017,   0.99714
25027~2967D ,      3019,   0.00595
25027~2967E ,      3029,   0.00324
25027~2967E ,      3016,   0.98301
25027~2967F ,      3029,   0.01419
25027~2967F ,      3018,   0.98965
25027~2967F ,      3019,   0.01622
25027~2967F ,      3033,   0.00463
25027~2967G ,      2774,   0.00139
25027~2967G ,      3018,   0.00037
25027~2967G ,      3016,   0.00040
25027~2967G ,      3019,   0.97729
25017~1145B ,      1592,   0.00091
25017~1145B ,      1586,   0.00048
25017~1145B ,      1593,   0.98174
25017~1145B ,      1595,   0.00074
25017~1342B ,      1589,   0.99183
25017~1342B ,      1576,   0.00462
25017~1342B ,      1588,   0.00339
25017~1341B ,      1576,   0.00727
25017~1341B ,      1578,   0.99258
25017~1341B ,      1577,   0.00146
25017~1356B ,      1573,   0.00051
25017~1356B ,      1572,   0.99714
25017~1356B ,      1570,   0.00157
25017~1356C ,      1572,   0.00048
25017~1356C ,      1571,   0.15687
25017~1544B ,      1522,   0.07950
25017~1544B ,      1569,   0.00482
25017~1544B ,      1521,   0.00170
25017~1541B ,      1531,   0.00086
25017~1541B ,      1522,   0.00066
25017~1541B ,      1523,   0.80603
25017~1541B ,      1524,   0.66448
25017~1541B ,      1517,   0.00562
25017~1541B ,      1526,   0.00034
25017~1545B ,      1528,   0.00061
25017~1545B ,      1522,   0.91524
25017~1545B ,      1523,   0.00186
25017~1545B ,      1519,   0.01166
25017~1545B ,      1569,   0.00096
25021~2057B ,      1480,   0.00046
25021~2057B ,      1482,   0.97360
25021~2057B ,      1484,   0.00779
25021~1947B ,      1496,   0.00052
25021~1947B ,      1494,   0.00032
25021~1947B ,      1498,   0.97795
25021~1944B ,      1494,   0.00935
25021~1944B ,      1493,   0.00359
25021~1944B ,      1492,   0.97430
25021~1944B ,      1491,   0.00045
25021~2007B ,      1107,   0.88651
25021~2007B ,      1110,   0.00293
25021~2007B ,      1105,   0.00076
25021~1980A ,      1096,   0.99366
25021~1980A ,      1098,   0.00033
25021~1980A ,      1095,   0.00146
25021~1977A ,      1108,   0.00179
25021~1977A ,      1096,   0.00439
25021~1977A ,      1106,   0.99958
25021~01978 ,      1111,   0.20094
25021~01978 ,      1108,   0.00060
25021~01978 ,      1109,   1.00000
25021~01978 ,      1110,   0.15249
25021~1977B ,      1108,   0.99642
25021~1977B ,      1096,   0.00146
25021~1977B ,      1106,   0.00042
25021~1977B ,      1095,   0.01215
25021~1980B ,      1094,   0.00081
25021~1980B ,      1108,   0.00060
25021~1980B ,      1096,   0.00049
25021~1980B ,      1095,   0.98494
25021~1983B ,      1093,   0.99537
25021~1983B ,      1095,   0.00049
25021~1996A ,      1116,   0.00045
25021~1996A ,      1115,   0.89441
25021~1996A ,      1114,   0.00099
25021~1996C ,      1116,   0.99370
25021~1996C ,      1115,   0.00284
25021~1996C ,      1121,   0.00037
25021~1996C ,      1122,   0.00174
25021~2009B ,      1090,   0.83855
25021~2009B ,      1112,   0.02934
25021~2009B ,      1091,   0.00038
25021~2009B ,      1115,   0.06723
25021~2009B ,      1114,   0.00789
25021~2009B ,      1089,   0.00041
25021~1999B ,      1090,   0.15921
25021~1999B ,      1088,   0.29780
25021~1999B ,      1091,   0.00038
25021~1999B ,      1089,   0.00041
25021~1988B ,      1121,   0.00037
25021~1988B ,      1128,   0.00424
25021~1988B ,      1123,   0.01992
25021~1988B ,      1122,   0.99436
25021~1988B ,      1117,   0.00107
25023~2223A ,      1861,   0.99288
25023~2223A ,      1857,   0.00044
25023~2224B ,      1861,   0.00277
25023~2224B ,      1858,   0.00111
25023~2224B ,      1857,   0.99300
25023~2224B ,      1855,   0.00039
25023~2223B ,      1868,   0.00119
25023~2223B ,      1860,   0.99946
25023~2223B ,      1861,   0.00277
25023~2223B ,      1858,   0.00334
25023~2218A ,      1872,   0.00041
25023~2218A ,      1868,   0.99841
25023~2218A ,      1867,   0.00050
25021~2080B ,      1831,   0.00041
25021~2080B ,      1826,   0.00508
25021~2080B ,      1821,   0.00098
25021~2080B ,      1825,   0.96956
25021~2082A ,      1822,   0.99642
25021~2082A ,      1826,   0.00117
25021~2082A ,      1821,   0.09482
25021~2082B ,      1822,   0.00033
25021~2082B ,      1831,   0.00122
25021~2082B ,      1826,   0.92885
25021~2082B ,      1825,   0.02862
25021~1837B ,      1809,   0.00483
25021~1837B ,      1798,   0.02549
25021~1837B ,      1810,   0.98521
25021~1837B ,      1811,   0.00559
25021~1834B ,      1807,   0.99879
25021~1834B ,      1806,   0.00067
25021~1834B ,      1810,   0.00759
25021~1834B ,      1808,   0.00265
25009~0803C ,      1935,   0.00182
25009~0803C ,      1936,   0.00052
25009~0803C ,      1937,   0.91557
25009~0613B ,      1923,   0.00082
25009~0613B ,      1924,   0.97910
25009~0613B ,      1925,   0.05830
25009~0613B ,      1933,   0.03782
25009~0613C ,      1923,   0.99425
25009~0613C ,      1924,   0.00310
25009~0614A ,      1925,   0.00507
25009~0614A ,      1926,   0.99450
25009~0614A ,      1927,   0.00066
25009~0614A ,      1928,   0.00221
25009~0614B ,      1933,   0.00047
25009~0614B ,      1928,   0.00055
25009~0614B ,      1930,   0.97587
25009~0610B ,      1926,   0.00039
25009~0610B ,      1927,   0.00033
25009~0610B ,      1928,   0.99502
25009~0610B ,      1929,   0.00055
25009~0612C ,      1919,   0.00048
25009~0612C ,      1921,   0.00107
25009~0612C ,      1920,   0.99751
25009~0605B ,      1939,   0.00326
25009~0605B ,      1940,   0.98293
25009~0605C ,      1939,   0.76482
25009~0605C ,      1940,   0.00109
25009~0605C ,      1922,   0.00151
25017~1780A ,       858,   0.01787
25017~1780A ,       855,   0.00148
25017~1780A ,       853,   0.99613
25017~1780B ,       856,   0.00037
25017~1780B ,       855,   0.96492
25017~1780B ,       854,   0.00372
25017~1780B ,       853,   0.00070
25017~1569C ,      1035,   0.30551
25017~1569C ,      1034,   0.00034
25017~1569C ,      1036,   0.01573
25021~2017B ,      1698,   0.00055
25021~2017B ,      1700,   0.17312
25021~2017B ,      1703,   0.00242
25021~2017B ,      1701,   0.99387
25021~2017B ,      1699,   0.52586
25023~2313B ,      1884,   0.02443
25023~2313B ,      1885,   0.99355
25021~2071B ,      1847,   0.00219
25021~2071B ,      1844,   0.97259
25021~2071B ,      1838,   0.00207
25021~2071B ,      1837,   0.05155
25023~2094D ,      1873,   0.00102
25023~2094D ,      1877,   0.93472
25023~2094D ,      1772,   0.00108
25023~2094D ,      1879,   0.00071
25023~2094D ,      1876,   0.00058
25021~2076C ,      1846,   0.00048
25021~2076C ,      1845,   0.99504
25021~2076C ,      1839,   0.00049
25021~2076C ,      1842,   0.00138
25023~2098A ,      1882,   0.00175
25023~2098A ,      1874,   0.40813
25023~2093B ,      1873,   0.20458
25023~2093B ,      1874,   0.00183
25023~2353A ,      1790,   0.00077
25023~2353A ,      1788,   0.70153
25023~2353B ,      1790,   0.07464
25023~2096B ,      1886,   0.00139
25023~2096B ,      1880,   0.63258
25023~2095B ,      1880,   0.36431
25023~2095B ,      1881,   0.00045
25023~2094B ,      1877,   0.00038
25023~2094B ,      1879,   0.10942
25023~2094B ,      1876,   0.00058
25023~2098B ,      1882,   0.00175
25023~2098B ,      1874,   0.00031
25023~2098B ,      1875,   0.17371
25023~2098C ,      1883,   0.00044
25023~2098C ,      1881,   0.00045
25023~2098C ,      1882,   0.68898
25023~2098C ,      1874,   0.00214
25023~2098C ,      1875,   0.00042
25023~2097B ,      1879,   0.00956
25023~2097B ,      1881,   0.99507
25023~2097B ,      1884,   0.00038
25023~2097B ,      1875,   0.00628
25023~2097B ,      1885,   0.00072
25023~2308B ,      1886,   0.00232
25023~2308B ,      1887,   0.99732
25023~2308B ,      1888,   0.21058
25023~2352B ,      1788,   0.07562
25023~2344A ,      1791,   0.40865
25023~2350B ,      1789,   0.04752
25023~2352C ,      1789,   0.13068
25023~2352C ,      1788,   0.00241
25023~2350C ,      1789,   0.00052
25023~2350C ,      1790,   0.00346
25023~2350C ,      1788,   0.22003
25023~2344B ,      1791,   0.00516
25023~2344B ,      1790,   0.21316
25023~2168B ,      1748,   0.12879
25023~2168B ,      1749,   0.00096
25023~2111A ,      1763,   0.50172
25023~2111A ,      1749,   0.00032
25023~2111B ,      1763,   0.00086
25023~2111B ,      1746,   0.24251
25023~2111B ,      1749,   0.00032
25023~2112A ,      1743,   0.00036
25023~2112A ,      1742,   0.12454
25023~2112B ,      1743,   0.44792
25023~2112B ,      1742,   0.00404
25017~1424B ,      2113,   0.54476
25017~1424B ,      2087,   0.00382
25017~1424B ,      2112,   0.00468
33015~00603 ,      4618,   0.99967
33015~00603 ,      4620,   0.00049
33015~00603 ,      1983,   0.00772
33015~00605 ,      1982,   0.00884
33015~00605 ,      4619,   0.69971
33015~00605 ,      4638,   0.55405
33015~00606 ,      4617,   0.89776
33015~00606 ,      1982,   0.00698
33015~00606 ,      4632,   0.57231
33015~00606 ,      4638,   0.44595
33015~00604 ,      4619,   0.30029
33015~00604 ,      4632,   0.42769
33015~00608 ,      4620,   0.23084
33015~00609 ,      4618,   0.00033
33015~00609 ,      4620,   0.76867
33015~00610 ,      4624,   0.72033
33015~00610 ,      4629,   0.00389
33015~00611 ,      4624,   0.27915
33015~00611 ,      4629,   0.86371
33015~00619 ,      4553,   0.80082
33015~00619 ,      4558,   0.31502
33015~00579 ,      4554,   0.32466
33015~00607 ,      4621,   0.00382
33015~00607 ,      4636,   0.26881
33015~00607 ,      4637,   0.98682
33015~00617 ,      4621,   0.72783
33015~00617 ,      4633,   0.53859
33015~00617 ,      4641,   0.00044
33015~00612 ,      4621,   0.26835
33015~00612 ,      4635,   0.99960
33015~00612 ,      4636,   0.72969
33015~00612 ,      4633,   0.46141
33015~00615 ,      4624,   0.00052
33015~00615 ,      4629,   0.04089
33015~00615 ,      4631,   0.92981
33015~00616 ,      4629,   0.09151
33015~00616 ,      4631,   0.07019
33015~00616 ,      4630,   0.99961
33015~00616 ,      4642,   1.00000
33015~00620 ,      4553,   0.10698
33015~00620 ,      4558,   0.20922
33015~00614 ,      4634,   0.10273
33015~00614 ,      4639,   0.78272
33015~00614 ,      4641,   0.94405
33015~00618 ,      4634,   0.89687
33015~00618 ,      4641,   0.05551
33015~00613 ,      4634,   0.00040
33015~00613 ,      4639,   0.21728
33015~00613 ,      4640,   0.99962
33015~00621 ,      4553,   0.09221
33015~00621 ,      4558,   0.30205
33015~00621 ,      4640,   0.00038
33015~00621 ,      4552,   1.00000
33015~00621 ,      4630,   0.00039
33011~00408 ,      4667,   0.74284
33011~00408 ,      2149,   0.00285
33011~00408 ,      2153,   0.02885
33011~00406 ,      4667,   0.02136
33011~00406 ,      4671,   0.39284
33011~00406 ,      2149,   0.00285
33015~00653 ,      4586,   0.70231
33015~00653 ,      4585,   0.00043
33015~00655 ,      2060,   0.00281
33015~00655 ,      4583,   0.81906
33015~00657 ,      2061,   0.00042
33015~00657 ,      4584,   1.00000
33015~00657 ,      4602,   0.71764
33015~00648 ,      4587,   0.35123
33015~00648 ,      4592,   0.00055
33015~00481 ,      4507,   0.04895
33015~00481 ,      4508,   0.99427
33015~00485 ,      4503,   0.00041
33015~00485 ,      4526,   0.23543
33015~00485 ,      4510,   0.10377
33015~00485 ,      4507,   0.32599
33015~00485 ,      4525,   0.27788
33015~00517 ,      4508,   0.00466
33015~00517 ,      4505,   0.29467
33015~00517 ,      4511,   0.00044
33015~00517 ,      4509,   0.35268
33015~00473 ,      4505,   0.36599
33015~00479 ,      4589,   0.00032
33015~00479 ,      4505,   0.33934
33015~00480 ,      4526,   0.27073
33015~00480 ,      4507,   0.50269
33015~00480 ,      4508,   0.00108
33015~00520 ,      4594,   0.29608
33015~00492 ,      4589,   0.99968
33015~00494 ,      4562,   0.25881
33015~00494 ,      4504,   0.54783
33015~00495 ,      4504,   0.38209
33015~00490 ,      4526,   0.20725
33015~00490 ,      4597,   0.68931
33015~00491 ,      4597,   0.30932
33015~00491 ,      4594,   0.70392
33015~00592 ,      4597,   0.00138
33015~00592 ,      4592,   0.67489
33015~00592 ,      4590,   0.25981
33015~00591 ,      4592,   0.00164
33015~00591 ,      4590,   0.74019
33015~00591 ,      4588,   0.32200
33015~00591 ,      4591,   0.00033
33015~00559 ,      4591,   0.00262
33015~00559 ,      4595,   0.93080
33015~00493 ,      4562,   0.24945
33015~00493 ,      4591,   0.00033
33015~00558 ,      4591,   0.99673
33015~00558 ,      4593,   0.07843
33015~00496 ,      4562,   0.30176
33015~00496 ,      4504,   0.07008
33015~00561 ,      4593,   0.43092
33015~00497 ,      4562,   0.18998
33015~00650 ,      2059,   0.00835
33015~00650 ,      4587,   0.19762
33015~00650 ,      4613,   0.54887
33015~00682 ,      4559,   0.01194
33015~00510 ,      4517,   0.11423
33015~00510 ,      4521,   0.34758
33015~00509 ,      4517,   0.10071
33015~00509 ,      4521,   0.36082
33015~00500 ,      4560,   0.23678
33015~00500 ,      4522,   0.10632
33015~00501 ,      4522,   0.56446
33015~00499 ,      4560,   0.48161
33015~00499 ,      4522,   0.00668
33015~00502 ,      4560,   0.00345
33015~00502 ,      4522,   0.06369
33015~00502 ,      4655,   0.65965
33015~00506 ,      4566,   0.32225
33015~00507 ,      4522,   0.25886
33015~00507 ,      4566,   0.18099
33015~00498 ,      4560,   0.23716
33015~00503 ,      4560,   0.04100
33015~00503 ,      4566,   0.05702
33015~00504 ,      4566,   0.06652
33015~00504 ,      4655,   0.34035
33015~00460 ,      4502,   0.71938
33015~00669 ,      4501,   0.95317
33015~00669 ,      4499,   0.74573
33015~00669 ,      4498,   0.01057
33015~00487 ,      4503,   0.31848
33015~00487 ,      4536,   0.02445
33015~00667 ,      4498,   0.80718
33015~00469 ,      4534,   1.00000
33015~00469 ,      4533,   0.00035
33015~00525 ,      4530,   0.25302
33015~00458 ,      4530,   0.56374
33015~00458 ,      4514,   0.00963
33015~00458 ,      4531,   0.00030
33015~00458 ,      4542,   0.19005
33015~00523 ,      4533,   0.99930
33015~00531 ,      4532,   0.00042
33015~00531 ,      4535,   1.00000
33015~00529 ,      4533,   0.00035
33015~00529 ,      4532,   0.53370
33015~00526 ,      4530,   0.18285
33015~00527 ,      4514,   0.00335
33015~00527 ,      4542,   0.80995
33011~00122 ,      4777,   0.22550
33011~00122 ,      4783,   0.02155
33011~00122 ,      4804,   0.64472
33011~00154 ,      4777,   0.71931
33011~00154 ,      4804,   0.31771
33011~00154 ,      4805,   0.00065
33011~00123 ,      4804,   0.01190
33011~00123 ,      4805,   0.00065
33011~00123 ,      4796,   0.00058
33011~00123 ,      4795,   1.00000
33011~00186 ,      4812,   0.32910
33011~00119 ,      4804,   0.00446
33011~00119 ,      4805,   0.92377
33011~00119 ,      4803,   0.00114
33011~00119 ,      4797,   1.00000
33011~00119 ,      4801,   0.00035
33011~00118 ,      4796,   0.99942
33011~00118 ,      4798,   1.00000
33011~00108 ,      4803,   0.96306
33011~00108 ,      4801,   0.99965
33011~00121 ,      4806,   0.91797
33011~00121 ,      4777,   0.05519
33011~00121 ,      4668,   0.10417
33011~00121 ,      4804,   0.02046
33011~00121 ,      4805,   0.07494
33011~00120 ,      4806,   0.08203
33011~00120 ,      4668,   0.89583
33011~00120 ,      4703,   0.00036
33015~00459 ,      4529,   0.59377
33015~00467 ,      4532,   0.46589
33015~00467 ,      4514,   0.00796
33015~00528 ,      4502,   0.00119
33015~00528 ,      4529,   0.27572
33015~00461 ,      4502,   0.18391
33015~00461 ,      4529,   0.12992
33015~00461 ,      4514,   0.19724
33015~00462 ,      4514,   0.46441
33015~00521 ,      4503,   0.00041
33015~00521 ,      4510,   0.22087
33015~00483 ,      4536,   0.97555
33015~00518 ,      4537,   0.88922
33015~00476 ,      4537,   0.00060
33015~00476 ,      4512,   0.00041
33015~00476 ,      4513,   0.00044
33015~00476 ,      4543,   0.71095
33015~00482 ,      4537,   0.11018
33015~00482 ,      4512,   0.07842
33015~00482 ,      4543,   0.28905
33015~00477 ,      4509,   0.16429
33015~00477 ,      4512,   0.92117
33015~00505 ,      4566,   0.37322
33015~00556 ,      4547,   0.00048
33015~00556 ,      4544,   0.99746
33015~00555 ,      4561,   0.98273
33015~00555 ,      4548,   0.36412
33015~00553 ,      4561,   0.01604
33015~00553 ,      4654,   1.00000
33015~00486 ,      4510,   0.35905
33015~00486 ,      4525,   0.00038
33015~00519 ,      4510,   0.31632
33015~00519 ,      4525,   0.72135
33015~00519 ,      4511,   0.00044
33015~00484 ,      4525,   0.00038
33015~00484 ,      4511,   0.99913
33015~00475 ,      4509,   0.00045
33015~00475 ,      4513,   0.36645
33015~00478 ,      4509,   0.48259
33015~00474 ,      4513,   0.62397
33015~00524 ,      4514,   0.31742
33015~00463 ,      4520,   1.00000
33015~00463 ,      4519,   0.51389
33015~00472 ,      4506,   1.00000
33015~00472 ,      4513,   0.00915
33015~00472 ,      4515,   1.00000
33011~00106 ,      4803,   0.03580
33011~00106 ,      4694,   0.98912
33011~00073 ,      4916,   1.00000
33011~00073 ,      4699,   0.02195
33011~00073 ,      4694,   0.00030
33011~00073 ,      4702,   0.94230
33011~00073 ,      4701,   1.00000
33011~00073 ,      4700,   0.00055
33011~00107 ,      4699,   0.97805
33011~00107 ,      4694,   0.01027
33011~00107 ,      4703,   0.99964
33011~00107 ,      4702,   0.05770
33013~00422 ,      4924,   1.00000
33013~00422 ,      4923,   1.00000
33015~00465 ,      4519,   0.33916
33013~00455 ,      4921,   1.00000
33013~00455 ,      4920,   1.00000
33013~00455 ,      4927,   1.00000
33015~00466 ,      4519,   0.14695
33015~00466 ,      4518,   0.49075
33015~00511 ,      4517,   0.45160
33015~00464 ,      4518,   0.50925
33015~00508 ,      4517,   0.33345
33015~00508 ,      4521,   0.29160
33011~00404 ,      4670,   0.24885
33011~00404 ,      4671,   0.23047
33015~00672 ,      4523,   0.86428
33015~00672 ,      4516,   0.41673
33015~00671 ,      4523,   0.13572
33015~00671 ,      4516,   0.43499
33011~00405 ,      4671,   0.35530
33011~00405 ,      2149,   0.00081
33015~00674 ,      4574,   0.99408
33015~00674 ,      4607,   0.16619
33015~00674 ,      4606,   0.05697
33015~00674 ,      2080,   0.00257
33015~00673 ,      4527,   0.87982
33015~00661 ,      4604,   0.53119
33015~00661 ,      4527,   0.12018
33015~00661 ,      4516,   0.00037
33015~00661 ,      4606,   0.23347
33015~00670 ,      4516,   0.14755
33015~00670 ,      4499,   0.25427
33015~00670 ,      4498,   0.18225
33015~00488 ,      4503,   0.68029
33015~00488 ,      4507,   0.12237
33015~00668 ,      4516,   0.00037
33015~00668 ,      4500,   0.65496
33015~00668 ,      4503,   0.00041
33015~00665 ,      4500,   0.34504
33015~00665 ,      4586,   0.00048
33015~00489 ,      4526,   0.28659
33015~00676 ,      4607,   0.80682
33015~00676 ,      4573,   0.33238
33015~00676 ,      2063,   0.00050
33015~00676 ,      4609,   0.99950
33015~00676 ,      4608,   0.49715
33015~00664 ,      4606,   0.70717
33015~00664 ,      4608,   0.01759
33015~00664 ,      4605,   0.01468
33015~00659 ,      4604,   0.27495
33015~00659 ,      4606,   0.00239
33015~00659 ,      4603,   0.39395
33015~00675 ,      4607,   0.00142
33015~00675 ,      4608,   0.48526
33015~00675 ,      4605,   0.31182
33015~00662 ,      4605,   0.67349
33015~00658 ,      4601,   1.00000
33015~00663 ,      4573,   0.66762
33015~00663 ,      4611,   1.00000
33015~00663 ,      4609,   0.00050
33015~00663 ,      4610,   1.00000
33015~00663 ,      2061,   0.00042
33015~00660 ,      4604,   0.19387
33015~00660 ,      4586,   0.00048
33015~00660 ,      4603,   0.60605
33015~00656 ,      4586,   0.29624
33015~00656 ,      4602,   0.28236
33015~00654 ,      4586,   0.00048
33015~00654 ,      4585,   0.99957
33015~00654 ,      4583,   0.17993
33011~00308 ,      4717,   0.16612
33011~00308 ,      4718,   0.07325
33011~00309 ,      4717,   0.04452
33011~00309 ,      4716,   0.00082
33011~00309 ,      4718,   0.44131
33011~00306 ,      4720,   1.00000
33011~00306 ,      4774,   0.99920
33011~00306 ,      4772,   0.00045
33011~00310 ,      4717,   0.13355
33011~00310 ,      4718,   0.48499
33011~00307 ,      4758,   0.04313
33011~00307 ,      4717,   0.64387
33011~00307 ,      4739,   0.06187
33011~00307 ,      4718,   0.00045
33011~00334 ,      4774,   0.00080
33011~00334 ,      4772,   0.38388
33011~00332 ,      4739,   0.04988
33011~00332 ,      4772,   0.11951
33011~00336 ,      4772,   0.08782
33011~00335 ,      4772,   0.05840
33011~00333 ,      4739,   0.00048
33011~00333 ,      4772,   0.20914
33011~00331 ,      4739,   0.65947
33011~00331 ,      4759,   0.00442
33011~00390 ,      4734,   0.53850
33011~00390 ,      4739,   0.02302
33011~00390 ,      4772,   0.14079
33011~00390 ,      4738,   0.11904
33011~00388 ,      4734,   0.36479
33011~00388 ,      2163,   0.00133
33011~00389 ,      4733,   0.01430
33011~00389 ,      4734,   0.09671
33011~00389 ,      4738,   0.31811
33011~00387 ,      4733,   0.26787
33011~00387 ,      4738,   0.02976
33011~00117 ,      4881,   0.00131
33011~00117 ,      4880,   1.00000
33011~00117 ,      4799,   1.00000
33011~00184 ,      4800,   0.09996
33011~00184 ,      4889,   0.99975
33011~00104 ,      4802,   0.99910
33011~00185 ,      4884,   1.00000
33011~00185 ,      4885,   0.00424
33011~00109 ,      4800,   0.90004
33011~00109 ,      4802,   0.00060
33011~00109 ,      4889,   0.00025
33011~00391 ,      4735,   0.03164
33011~00391 ,      4739,   0.00288
33011~00391 ,      4738,   0.22524
33011~00391 ,      4759,   0.14286
33011~00392 ,      4738,   0.25346
33011~00394 ,      4735,   0.60923
33011~00393 ,      4735,   0.27405
33011~00393 ,      4782,   0.64927
33011~00385 ,      4733,   0.19256
33011~00385 ,      4738,   0.05439
33011~00373 ,      4782,   0.00043
33011~00373 ,      4809,   0.32013
33011~00373 ,      4811,   0.01464
33011~00373 ,      4816,   0.70767
33011~00372 ,      4787,   0.42852
33011~00372 ,      4810,   0.15701
33011~00384 ,      4732,   0.31265
33011~00377 ,      4810,   0.44932
33011~00377 ,      4809,   0.17335
33011~00386 ,      4733,   0.52526
33011~00386 ,      4732,   0.32722
33011~00383 ,      4732,   0.17113
33011~00381 ,      4810,   0.39321
33011~00381 ,      4890,   0.18370
33011~00382 ,      4732,   0.18900
33011~00378 ,      4787,   0.04925
33011~00378 ,      4810,   0.00045
33011~00378 ,      4891,   0.65804
33015~00468 ,      4541,   1.00000
33015~00468 ,      4528,   0.03020
33011~00379 ,      4890,   0.72879
33011~00379 ,      4891,   0.06580
33011~00380 ,      4890,   0.08751
33011~00380 ,      4891,   0.27616
33015~00470 ,      4538,   1.00000
33015~00470 ,      4502,   0.00079
33015~00470 ,      4539,   0.00079
33015~00522 ,      4528,   0.96980
33015~00522 ,      4529,   0.00059
33011~00401 ,      4775,   0.01783
33011~00401 ,      4672,   0.69500
33011~00397 ,      4670,   0.06320
33011~00397 ,      4672,   0.07708
33011~00396 ,      4672,   0.22792
33011~00403 ,      4670,   0.15339
33011~00403 ,      4667,   0.03930
33011~00403 ,      4671,   0.01921
33011~00402 ,      4670,   0.17907
33015~00666 ,      4524,   1.00000
33015~00666 ,      4501,   0.04683
33015~00471 ,      4540,   0.68742
33015~00471 ,      4539,   0.99921
33015~00530 ,      4540,   0.31258
33015~00530 ,      4502,   0.09473
33011~00400 ,      4775,   0.98217
33011~00400 ,      2163,   0.00100
33011~00400 ,      2161,   0.00251
33011~00399 ,      4669,   0.38752
33011~00399 ,      4670,   0.12772
33011~00407 ,      4669,   0.61248
33011~00407 ,      4670,   0.01119
33011~00407 ,      4667,   0.19650
33011~00407 ,      2154,   0.00579
33011~00407 ,      2159,   0.00910
33011~00398 ,      4670,   0.21659
33005~00031 ,      4710,   0.00083
33005~00031 ,      4917,   1.00000
33005~00031 ,      4919,   1.00000
33005~00031 ,      4918,   1.00000
33011~00420 ,      4713,   0.00029
33011~00420 ,      4714,   1.00000
33011~00420 ,      4710,   0.99917
33011~00418 ,      4711,   1.00000
33011~00147 ,      4859,   0.53432
33011~00147 ,      4871,   0.00076
33011~00084 ,      4871,   0.99924
33011~00084 ,      4870,   0.68134
33011~00084 ,      4872,   0.99900
33011~00084 ,      4873,   0.00038
33011~00083 ,      4707,   0.47617
33011~00083 ,      4869,   1.00000
33011~00083 ,      4870,   0.31866
33011~00083 ,      4872,   0.00050
33011~00083 ,      4873,   0.99962
33011~00188 ,      4698,   0.93342
33011~00188 ,      4707,   0.52332
33011~00188 ,      4875,   0.00032
33011~00085 ,      4867,   0.97282
33011~00125 ,      4813,   0.22499
33011~00125 ,      4866,   0.15833
33011~00082 ,      4698,   0.06590
33011~00082 ,      4680,   0.39534
33011~00082 ,      4705,   1.00000
33011~00082 ,      4708,   0.48560
33011~00082 ,      4908,   0.38265
33011~00082 ,      4706,   1.00000
33011~00082 ,      4707,   0.00051
33011~00082 ,      4874,   1.00000
33011~00082 ,      4875,   0.00063
33011~00082 ,      4909,   1.00000
33011~00086 ,      4680,   0.03662
33011~00086 ,      4867,   0.02718
33011~00086 ,      4868,   0.99964
33011~00086 ,      4875,   0.99905
33011~00087 ,      4680,   0.56762
33011~00126 ,      4862,   1.00000
33011~00126 ,      4778,   0.00236
33011~00126 ,      4866,   0.69490
33011~00126 ,      4863,   1.00000
33011~00126 ,      4864,   1.00000
33011~00126 ,      4865,   0.99974
33011~00126 ,      4812,   0.00070
33011~00191 ,      4783,   0.93848
33011~00191 ,      4804,   0.00037
33011~00155 ,      4778,   0.72813
33011~00141 ,      4794,   1.00000
33011~00141 ,      4860,   0.00712
33011~00141 ,      4858,   0.00210
33011~00128 ,      4778,   0.25946
33011~00128 ,      4783,   0.03997
33011~00128 ,      4804,   0.00037
33011~00187 ,      4866,   0.14678
33011~00187 ,      4865,   0.00026
33011~00187 ,      4812,   0.05285
33011~00187 ,      4876,   0.00107
33011~00187 ,      4887,   1.00000
33011~00113 ,      4679,   0.27606
33011~00113 ,      4813,   0.40295
33011~00113 ,      4868,   0.00036
33011~00114 ,      4813,   0.16367
33011~00114 ,      4877,   0.00169
33011~00181 ,      4679,   0.11984
33011~00100 ,      4679,   0.08621
33011~00112 ,      4679,   0.04677
33011~00112 ,      4678,   1.00000
33011~00112 ,      4888,   0.00157
33011~00179 ,      4679,   0.07582
33011~00101 ,      4673,   0.47114
33011~00115 ,      4813,   0.20839
33011~00115 ,      4877,   0.32343
33011~00115 ,      4879,   0.08947
33011~00182 ,      4877,   0.30452
33011~00111 ,      4886,   0.93924
33011~00111 ,      4888,   0.99843
33011~00102 ,      4886,   0.05897
33011~00102 ,      4675,   1.00000
33011~00127 ,      4778,   0.00414
33011~00127 ,      4812,   0.61240
33011~00183 ,      4877,   0.03545
33011~00183 ,      4881,   0.41533
33011~00183 ,      4879,   0.91021
33011~00124 ,      4878,   1.00000
33011~00124 ,      4879,   0.00032
33011~00124 ,      4812,   0.00493
33011~00124 ,      4876,   0.99893
33011~00116 ,      4877,   0.33491
33011~00116 ,      4881,   0.58336
33011~00110 ,      4882,   1.00000
33011~00110 ,      4886,   0.00179
33011~00110 ,      4883,   1.00000
33011~00103 ,      4685,   1.00000
33011~00103 ,      4885,   0.99576
33011~00133 ,      4689,   0.00029
33011~00133 ,      4687,   0.88649
33011~00133 ,      4893,   0.00039
33011~00134 ,      4695,   1.00000
33011~00190 ,      4894,   0.15663
33011~00190 ,      4892,   0.12024
33011~00190 ,      4696,   0.48292
33011~00190 ,      4893,   0.01167
33011~00150 ,      4894,   0.00732
33011~00150 ,      4696,   0.50177
33011~00150 ,      4681,   0.17348
33011~00135 ,      4698,   0.00068
33011~00135 ,      4682,   0.79422
33011~00135 ,      4681,   0.37107
33011~00135 ,      4691,   1.00000
33011~00130 ,      4894,   0.21400
33011~00148 ,      4894,   0.36452
33011~00148 ,      4892,   0.00232
33011~00081 ,      4708,   0.51440
33011~00081 ,      4904,   0.00227
33011~00081 ,      4704,   0.63155
33011~00081 ,      4908,   0.61735
33011~00081 ,      4910,   1.00000
33011~00080 ,      4904,   0.14924
33011~00080 ,      4704,   0.36845
33011~00080 ,      4897,   0.98506
33011~00080 ,      4899,   0.00134
33011~00088 ,      4680,   0.00042
33011~00088 ,      4901,   0.00090
33011~00088 ,      4900,   0.00157
33011~00088 ,      4902,   0.49057
33011~00088 ,      4679,   0.25099
33011~00189 ,      4901,   0.10171
33011~00189 ,      4900,   0.07753
33011~00079 ,      4903,   0.05452
33011~00079 ,      4897,   0.01494
33011~00079 ,      4898,   1.00000
33011~00079 ,      4899,   0.99866
33011~00078 ,      4904,   0.84848
33011~00078 ,      4903,   0.94548
33011~00153 ,      4900,   0.92013
33011~00180 ,      4679,   0.05870
33011~00093 ,      4902,   0.25079
33011~00099 ,      4906,   0.00029
33011~00099 ,      4673,   0.52886
33011~00099 ,      4679,   0.08560
33011~00094 ,      4906,   0.99856
33011~00092 ,      4905,   0.01168
33011~00092 ,      4902,   0.25864
33011~00089 ,      4905,   0.64679
33011~00091 ,      4905,   0.34153
33011~00091 ,      4906,   0.00029
33011~00098 ,      4683,   0.00052
33011~00098 ,      4674,   0.99972
33011~00098 ,      4684,   0.15162
33011~00095 ,      4906,   0.00087
33011~00095 ,      4915,   0.39223
33011~00095 ,      4913,   0.22304
33011~00095 ,      4674,   0.00028
33011~00095 ,      4684,   0.48327
33011~00095 ,      4911,   0.00031
33011~00090 ,      4913,   0.77597
33011~00090 ,      4911,   0.99938
33011~00077 ,      4901,   0.23312
33011~00076 ,      4895,   0.36599
33011~00076 ,      4907,   0.00039
33011~00076 ,      4901,   0.66427
33011~00075 ,      4914,   0.36647
33011~00075 ,      4912,   1.00000
33011~00075 ,      4911,   0.00031
33011~00152 ,      4896,   0.00373
33011~00152 ,      4895,   0.63401
33011~00152 ,      4907,   0.99961
33011~00097 ,      4677,   1.00000
33011~00097 ,      4683,   0.99948
33011~00096 ,      4915,   0.60777
33011~00096 ,      4913,   0.00098
33011~00096 ,      4684,   0.36511
33011~00096 ,      4676,   0.99975
33011~00105 ,      4694,   0.00030
33011~00105 ,      4692,   1.00000
33011~00105 ,      4802,   0.00030
33011~00151 ,      4700,   0.99945
33011~00151 ,      4693,   0.87941
33011~00151 ,      4676,   0.00025
33011~00074 ,      4693,   0.12059
33011~00074 ,      4896,   0.99627
33011~00074 ,      4914,   0.63354
33013~00421 ,      4922,   1.00000
33013~00421 ,      4926,   1.00000
33013~00421 ,      4925,   1.00000
33013~00421 ,      4900,   0.00078
33011~00218 ,      4740,   0.31882
33011~00206 ,      4771,   0.72092
33011~00209 ,      4764,   0.26896
33011~00204 ,      4744,   0.09432
33011~00204 ,      4766,   0.00973
33011~00204 ,      4767,   0.04475
33011~00204 ,      4771,   0.04503
33011~00208 ,      4764,   0.01192
33011~00208 ,      4769,   1.00000
33011~00235 ,      4756,   0.15631
33011~00235 ,      4743,   0.56324
33011~00235 ,      4741,   0.00030
33011~00238 ,      4753,   0.59114
33011~00238 ,      4755,   0.00405
33011~00239 ,      4755,   0.15291
33011~00239 ,      4756,   0.16121
33011~00241 ,      4756,   0.26893
33011~00241 ,      4757,   0.33883
33011~00241 ,      4743,   0.01516
33011~00234 ,      4757,   0.00038
33011~00234 ,      4743,   0.42113
33011~00217 ,      4740,   0.41886
33011~00205 ,      4740,   0.00420
33011~00205 ,      4744,   0.90568
33011~00205 ,      4771,   0.23358
33011~00233 ,      4741,   0.40154
33011~00233 ,      4742,   0.05821
33011~00226 ,      4748,   0.00037
33011~00226 ,      4745,   0.26567
33011~00226 ,      4768,   0.07395
33011~00230 ,      4742,   0.35166
33011~00230 ,      4748,   0.10883
33011~00230 ,      4745,   0.09833
33011~00232 ,      4741,   0.44639
33011~00231 ,      4741,   0.15177
33011~00231 ,      4742,   0.15885
33011~00229 ,      4742,   0.27971
33011~00229 ,      4748,   0.26420
33011~00228 ,      4742,   0.15158
33011~00228 ,      4748,   0.62660
33011~00221 ,      4763,   0.28181
33011~00225 ,      4745,   0.59540
33011~00225 ,      4768,   0.19625
33011~00219 ,      4763,   0.36888
33011~00159 ,      4723,   0.00034
33011~00159 ,      4686,   0.56802
33011~00224 ,      4745,   0.04060
33011~00224 ,      4768,   0.17122
33011~00223 ,      4768,   0.55859
33011~00223 ,      4737,   0.37634
33011~00222 ,      4737,   0.62366
33011~00227 ,      4721,   1.00000
33011~00353 ,      4749,   0.11804
33011~00174 ,      4690,   0.26800
33011~00174 ,      4723,   0.35513
33011~00175 ,      4690,   0.19546
33011~00237 ,      2229,   0.00213
33011~00237 ,      4753,   0.39934
33011~00291 ,      4726,   0.03375
33011~00291 ,      4725,   0.49605
33011~00290 ,      4726,   0.00607
33011~00290 ,      4752,   0.79049
33011~00290 ,      4725,   0.00172
33011~00289 ,      4726,   0.89192
33011~00289 ,      4725,   0.00034
33011~00292 ,      2174,   0.00066
33011~00292 ,      4719,   0.00885
33011~00292 ,      4725,   0.50086
33011~00293 ,      4727,   0.94721
33011~00293 ,      4725,   0.00103
33011~00303 ,      4715,   0.42152
33011~00303 ,      4773,   1.00000
33011~00300 ,      4729,   0.56036
33011~00305 ,      4719,   0.78247
33011~00304 ,      4719,   0.20869
33011~00302 ,      4716,   0.30420
33011~00302 ,      4715,   0.57848
33011~00198 ,      4724,   0.35247
33011~00202 ,      4730,   0.40824
33011~00201 ,      4746,   0.21512
33011~00236 ,      2229,   0.00128
33011~00236 ,      4755,   0.63843
33011~00236 ,      4756,   0.10508
33011~00236 ,      4743,   0.00047
33011~00240 ,      2229,   0.00170
33011~00240 ,      4753,   0.00911
33011~00240 ,      4755,   0.20461
33011~00419 ,      4713,   0.99942
33011~00419 ,      4736,   1.00000
33011~00196 ,      4712,   0.57211
33011~00196 ,      4713,   0.00029
33011~00195 ,      4712,   0.32107
33011~00195 ,      4770,   0.66207
33011~00197 ,      4731,   0.00042
33011~00197 ,      4724,   0.64753
33011~00194 ,      4712,   0.10681
33011~00194 ,      4770,   0.33793
33011~00215 ,      4731,   0.46390
33011~00214 ,      4731,   0.37028
33011~00211 ,      4731,   0.03442
33011~00211 ,      4764,   0.29185
33011~00192 ,      4709,   0.44464
33011~00193 ,      4709,   0.55536
33011~00220 ,      4763,   0.34931
33011~00158 ,      4686,   0.37647
33011~00158 ,      4688,   0.10825
33011~00203 ,      4730,   0.59176
33011~00200 ,      4746,   0.24282
33011~00199 ,      4746,   0.54207
33011~00216 ,      4740,   0.25811
33011~00216 ,      4731,   0.10034
33011~00210 ,      4731,   0.03065
33011~00210 ,      4764,   0.42728
33011~00213 ,      4766,   0.04864
33011~00213 ,      4765,   0.82754
33011~00212 ,      4766,   0.84225
33011~00207 ,      4766,   0.09937
33011~00207 ,      4765,   0.17246
33011~00207 ,      4767,   0.95525
33011~00207 ,      4771,   0.00047
33011~00315 ,      4760,   0.35370
33011~00264 ,      4843,   0.04677
33011~00264 ,      4760,   0.00809
33011~00264 ,      4833,   0.39251
33011~00314 ,      4842,   0.00038
33011~00314 ,      4760,   0.48685
33011~00263 ,      4843,   0.28738
33011~00263 ,      4761,   0.01251
33011~00263 ,      4760,   0.00486
33011~00313 ,      4842,   0.66692
33011~00313 ,      4855,   0.34041
33011~00329 ,      4758,   0.56794
33011~00329 ,      4739,   0.20240
33011~00329 ,      4759,   0.00049
33011~00328 ,      4758,   0.01582
33011~00328 ,      4759,   0.76436
33011~00328 ,      4854,   0.16338
33011~00330 ,      4758,   0.15313
33011~00330 ,      4759,   0.06136
33011~00312 ,      4761,   0.47039
33011~00312 ,      4842,   0.17736
33011~00312 ,      4759,   0.01718
33011~00312 ,      4855,   0.65959
33011~00311 ,      4761,   0.45204
33011~00311 ,      4782,   0.00043
33011~00311 ,      4842,   0.15534
33011~00395 ,      4735,   0.08508
33011~00395 ,      4782,   0.13374
33011~00374 ,      4782,   0.21613
33011~00374 ,      4811,   0.00468
33011~00374 ,      4816,   0.29233
33011~00266 ,      4856,   0.13219
33011~00266 ,      4844,   0.09267
33011~00265 ,      4843,   0.16431
33011~00265 ,      4833,   0.10004
33011~00261 ,      4856,   0.11891
33011~00261 ,      4844,   0.25083
33011~00261 ,      4846,   0.00029
33011~00260 ,      4848,   0.45929
33011~00260 ,      4846,   0.64616
33011~00258 ,      4789,   0.56558
33011~00258 ,      4848,   0.00070
33011~00258 ,      4847,   0.25457
33011~00258 ,      4835,   0.00038
33011~00262 ,      4843,   0.50154
33011~00262 ,      4789,   0.05974
33011~00262 ,      4761,   0.06505
33011~00262 ,      4856,   0.18912
33011~00259 ,      4789,   0.37468
33011~00259 ,      4856,   0.55977
33011~00259 ,      4848,   0.54001
33011~00254 ,      4786,   0.99950
33011~00254 ,      4822,   0.00042
33011~00254 ,      4835,   0.99923
33011~00370 ,      4787,   0.24624
33011~00370 ,      4811,   0.00410
33011~00376 ,      4787,   0.00034
33011~00376 ,      4811,   0.88232
33011~00375 ,      4809,   0.50653
33011~00375 ,      4811,   0.02400
33011~00371 ,      4787,   0.27565
33011~00371 ,      4811,   0.07026
33011~00338 ,      4781,   0.29774
33011~00337 ,      4781,   0.19500
33011~00339 ,      4781,   0.41700
33011~00364 ,      4781,   0.09025
33011~00364 ,      4791,   0.14277
33011~00363 ,      4791,   0.85723
33011~00369 ,      4786,   0.00050
33011~00369 ,      4788,   1.00000
33011~00368 ,      4780,   1.00000
33011~00368 ,      4790,   0.17619
33011~00367 ,      4790,   0.82338
33011~00242 ,      4756,   0.30847
33011~00242 ,      4757,   0.66078
33011~00244 ,      4818,   0.50729
33011~00288 ,      4751,   0.36776
33011~00288 ,      4752,   0.20951
33011~00288 ,      4753,   0.00041
33011~00285 ,      4754,   0.33753
33011~00285 ,      4825,   0.03979
33011~00282 ,      4754,   0.45206
33011~00283 ,      4754,   0.21041
33011~00283 ,      4826,   0.24320
33011~00283 ,      4825,   0.00059
33011~00296 ,      4726,   0.06826
33011~00296 ,      4728,   0.17465
33011~00296 ,      4817,   0.02829
33011~00294 ,      4817,   0.92298
33011~00287 ,      4751,   0.62770
33011~00287 ,      4830,   0.00043
33011~00286 ,      4826,   0.10801
33011~00286 ,      4825,   0.25475
33011~00284 ,      4825,   0.70487
33011~00279 ,      4818,   0.27368
33011~00247 ,      4818,   0.05419
33011~00281 ,      4827,   0.00038
33011~00281 ,      4826,   0.64843
33011~00280 ,      4827,   0.99962
33011~00280 ,      4826,   0.00036
33011~00246 ,      4820,   0.00216
33011~00246 ,      4824,   0.74272
33011~00248 ,      4818,   0.05829
33011~00249 ,      4818,   0.00091
33011~00249 ,      4820,   0.36175
33011~00342 ,      4815,   0.07574
33011~00342 ,      4818,   0.00046
33011~00342 ,      4819,   1.00000
33011~00344 ,      4784,   0.38333
33011~00344 ,      4747,   0.21546
33011~00343 ,      4784,   0.61667
33011~00243 ,      4818,   0.10519
33011~00341 ,      4815,   0.71694
33011~00341 ,      4823,   0.35786
33011~00245 ,      4820,   0.63609
33011~00245 ,      4824,   0.25728
33011~00345 ,      4823,   0.59375
33011~00340 ,      4815,   0.19833
33011~00340 ,      4823,   0.04839
33011~00347 ,      4785,   0.60556
33011~00346 ,      4815,   0.00899
33011~00346 ,      4785,   0.39444
33011~00299 ,      4830,   0.01283
33011~00299 ,      4727,   0.05279
33011~00299 ,      4728,   0.74201
33011~00299 ,      4817,   0.00044
33011~00299 ,      4729,   0.00042
33011~00295 ,      4830,   0.66210
33011~00295 ,      4817,   0.04830
33011~00301 ,      4716,   0.12861
33011~00301 ,      4729,   0.43922
33011~00297 ,      4830,   0.31523
33011~00297 ,      4728,   0.08333
33011~00352 ,      4747,   0.78454
33011~00354 ,      4749,   0.34936
33011~00176 ,      4762,   0.36005
33011~00139 ,      4722,   1.00000
33011~00355 ,      4749,   0.53260
33011~00355 ,      4808,   0.01034
33011~00348 ,      4807,   0.07068
33011~00348 ,      4808,   0.16212
33011~00351 ,      4808,   0.47395
33011~00350 ,      4807,   0.00475
33011~00350 ,      4808,   0.35360
33011~00349 ,      4807,   0.85338
33011~00177 ,      4750,   0.99954
33011~00144 ,      4860,   0.00031
33011~00144 ,      4857,   0.74708
33011~00138 ,      4750,   0.00046
33011~00138 ,      4762,   0.63995
33011~00143 ,      4723,   0.64453
33011~00137 ,      4857,   0.25292
33011~00137 ,      4858,   0.39441
33011~00137 ,      4690,   0.10410
33011~00142 ,      4858,   0.00035
33011~00142 ,      4690,   0.43245
33011~00136 ,      4859,   0.00118
33011~00136 ,      4697,   1.00000
33011~00136 ,      4681,   0.00052
33011~00136 ,      4872,   0.00050
33011~00172 ,      4682,   0.20578
33011~00172 ,      4681,   0.45493
33011~00362 ,      4792,   0.37553
33011~00362 ,      4807,   0.00422
33011~00361 ,      4792,   0.62447
33011~00361 ,      4814,   0.01215
33011~00356 ,      4807,   0.06698
33011~00356 ,      4814,   0.39626
33011~00357 ,      4814,   0.59159
33011~00365 ,      4779,   0.37128
33011~00358 ,      4861,   0.58480
33011~00145 ,      4860,   0.99257
33011~00359 ,      4861,   0.41520
33011~00366 ,      4779,   0.62872
33011~00366 ,      4790,   0.00043
33011~00360 ,      4793,   1.00000
33011~00129 ,      4776,   1.00000
33011~00129 ,      4530,   0.00039
33011~00129 ,      4778,   0.00591
33015~00457 ,      4531,   0.99970
33011~00146 ,      4858,   0.38112
33011~00178 ,      4858,   0.22203
33011~00140 ,      4859,   0.46450
33011~00324 ,      4852,   0.48793
33011~00273 ,      4832,   0.07772
33011~00273 ,      4751,   0.00454
33011~00319 ,      4840,   0.64443
33011~00319 ,      4851,   0.00199
33011~00319 ,      4830,   0.00941
33011~00274 ,      4832,   0.04858
33011~00274 ,      4851,   0.68344
33011~00271 ,      4832,   0.40997
33011~00267 ,      4832,   0.42422
33011~00267 ,      4844,   0.00055
33011~00298 ,      4717,   0.00941
33011~00298 ,      4716,   0.56636
33011~00326 ,      4831,   0.03778
33011~00326 ,      4837,   0.76452
33011~00325 ,      4852,   0.51207
33011~00325 ,      4853,   0.00073
33011~00323 ,      4837,   0.23468
33011~00323 ,      4836,   0.00033
33011~00323 ,      4853,   0.99927
33011~00318 ,      4839,   0.11171
33011~00318 ,      4841,   0.36951
33011~00318 ,      4840,   0.35557
33011~00318 ,      4838,   0.44300
33011~00272 ,      4834,   0.36836
33011~00272 ,      4851,   0.31457
33011~00320 ,      4838,   0.55664
33011~00316 ,      4839,   0.00054
33011~00316 ,      4841,   0.63049
33011~00316 ,      4834,   0.00118
33011~00269 ,      4834,   0.63046
33011~00269 ,      4832,   0.03886
33011~00268 ,      4832,   0.00065
33011~00268 ,      4833,   0.24773
33011~00278 ,      4828,   0.07620
33011~00278 ,      4829,   0.58513
33011~00250 ,      4821,   0.64665
33011~00277 ,      4828,   0.82219
33011~00252 ,      4821,   0.11310
33011~00252 ,      4850,   1.00000
33011~00276 ,      4828,   0.10160
33011~00276 ,      4845,   0.32531
33011~00275 ,      4844,   0.63707
33011~00275 ,      4845,   0.09851
33011~00257 ,      4847,   0.11235
33011~00257 ,      4844,   0.01887
33011~00257 ,      4845,   0.57560
33011~00257 ,      4846,   0.35355
33011~00255 ,      4847,   0.54213
33011~00255 ,      4849,   0.00031
33011~00255 ,      4829,   0.41487
33011~00255 ,      4845,   0.00057
33011~00256 ,      4847,   0.09095
33011~00256 ,      4849,   0.99782
33011~00251 ,      4822,   0.50876
33011~00251 ,      4821,   0.24026
33011~00253 ,      4849,   0.00187
33011~00253 ,      4822,   0.49082
33011~00253 ,      4835,   0.00038
33011~00327 ,      4831,   0.83073
33011~00327 ,      4758,   0.21999
33011~00327 ,      4717,   0.00253
33011~00327 ,      4854,   0.28816
33011~00317 ,      4839,   0.88776
33011~00317 ,      4760,   0.10239
33011~00317 ,      4838,   0.00036
33011~00317 ,      4836,   0.24131
33011~00321 ,      4837,   0.00081
33011~00321 ,      4836,   0.68650
33011~00322 ,      4831,   0.13149
33011~00322 ,      4759,   0.00933
33011~00322 ,      4836,   0.07186
33011~00322 ,      4854,   0.54846
33011~00270 ,      4760,   0.04411
33011~00270 ,      4833,   0.25973
33015~00622 ,      4559,   0.95224
33015~00622 ,      4570,   1.00000
33015~00622 ,      4567,   0.99965
33015~00634 ,      4568,   0.19875
33015~00634 ,      4569,   0.00345
33015~00634 ,      4646,   0.90868
33015~00634 ,      4666,   0.00051
33015~00635 ,      4568,   0.00078
33015~00635 ,      4646,   0.09132
33015~00635 ,      4647,   0.32766
33015~00636 ,      4568,   0.51286
33015~00636 ,      4652,   0.00059
33015~00636 ,      4661,   0.99908
33015~00623 ,      4559,   0.03582
33015~00623 ,      4568,   0.01637
33015~00623 ,      4569,   0.99655
33015~00623 ,      4660,   1.00000
33015~00633 ,      4645,   0.14891
33015~00633 ,      4647,   0.03568
33015~00633 ,      4665,   0.99844
33015~00633 ,      4666,   0.00101
33015~00630 ,      4666,   0.99848
33015~00626 ,      4664,   0.64460
33015~00585 ,      4643,   0.58341
33015~00585 ,      4645,   0.82935
33015~00585 ,      4651,   0.34137
33015~00585 ,      4653,   0.98749
33015~00678 ,      4645,   0.01630
33015~00678 ,      4664,   0.35540
33015~00628 ,      4658,   0.02090
33015~00628 ,      4659,   0.24723
33015~00628 ,      4663,   0.74720
33015~00629 ,      4568,   0.00935
33015~00629 ,      4658,   0.97714
33015~00629 ,      4663,   0.00040
33015~00679 ,      4662,   0.40915
33015~00679 ,      4643,   0.05852
33015~00624 ,      4659,   0.00117
33015~00624 ,      4662,   0.39170
33015~00625 ,      4659,   0.00175
33015~00625 ,      4662,   0.19916
33015~00625 ,      4643,   0.00786
33015~00627 ,      4659,   0.74869
33015~00627 ,      4663,   0.25240
33015~00586 ,      4657,   0.99953
33015~00576 ,      4554,   0.09327
33015~00576 ,      4555,   1.00000
33015~00576 ,      4556,   0.99797
33015~00581 ,      4656,   0.93956
33015~00581 ,      4557,   0.21860
33015~00581 ,      4649,   0.03754
33015~00580 ,      4656,   0.06044
33015~00580 ,      4557,   0.77623
33015~00677 ,      4558,   0.17372
33015~00587 ,      4568,   0.26189
33015~00587 ,      4648,   0.12770
33015~00587 ,      4652,   0.42840
33015~00588 ,      4652,   0.57101
33015~00588 ,      4661,   0.00092
33015~00589 ,      4557,   0.00517
33015~00589 ,      4645,   0.00489
33015~00589 ,      4647,   0.63666
33015~00589 ,      4648,   0.87230
33015~00589 ,      4649,   0.03890
33015~00589 ,      4665,   0.00156
33015~00582 ,      4644,   0.38726
33015~00582 ,      4649,   0.92356
33015~00582 ,      4651,   0.05937
33015~00583 ,      4644,   0.45097
33015~00631 ,      4650,   0.00123
33015~00631 ,      4651,   0.58627
33015~00681 ,      4644,   0.04579
33015~00560 ,      4595,   0.06920
33015~00560 ,      4593,   0.49065
33015~00557 ,      4547,   0.99952
33015~00557 ,      4544,   0.00254
33015~00563 ,      4596,   0.53050
33015~00565 ,      4578,   0.50866
33015~00596 ,      4580,   0.02178
33015~00596 ,      4616,   0.56500
33015~00598 ,      4580,   0.58978
33015~00598 ,      4579,   0.41897
33015~00640 ,      4580,   0.38844
33015~00597 ,      4579,   0.58103
33015~00597 ,      4575,   0.01770
33015~00597 ,      4616,   0.43500
33015~00562 ,      4578,   0.49106
33015~00595 ,      4578,   0.00028
33015~00595 ,      4575,   0.53355
33015~00566 ,      4546,   0.52462
33015~00566 ,      4545,   0.41400
33015~00554 ,      4561,   0.00123
33015~00554 ,      4548,   0.63588
33015~00572 ,      4549,   0.53039
33015~00572 ,      4551,   0.61075
33015~00573 ,      4549,   0.42808
33015~00573 ,      4551,   0.36661
33015~00573 ,      4565,   0.37122
33015~00568 ,      4550,   1.00000
33015~00578 ,      4564,   0.00046
33015~00578 ,      4551,   0.00647
33015~00578 ,      4554,   0.58161
33015~00578 ,      4563,   0.24663
33015~00577 ,      4563,   0.75337
33015~00577 ,      4556,   0.00203
33015~00600 ,      4581,   0.74464
33015~00600 ,      4571,   0.39893
33015~00600 ,      1993,   0.00147
33015~00600 ,      1992,   0.00042
33015~00601 ,      4581,   0.05714
33015~00601 ,      4571,   0.53407
33015~00638 ,      4577,   1.00000
33015~00639 ,      4575,   0.44874
33015~00567 ,      4546,   0.47538
33015~00567 ,      4545,   0.58600
33015~00574 ,      4576,   1.00000
33015~00602 ,      1992,   0.00338
33015~00602 ,      4582,   0.99929
33015~00602 ,      1988,   0.00082
33015~00602 ,      1989,   0.00145
33015~00637 ,      4622,   1.00000
33015~00590 ,      4549,   0.04152
33015~00590 ,      4627,   0.56512
33015~00590 ,      4551,   0.01617
33015~00575 ,      4626,   1.00000
33015~00575 ,      4628,   0.98634
33015~00569 ,      4627,   0.43488
33015~00569 ,      4565,   0.61092
33015~00571 ,      4564,   0.99954
33015~00571 ,      4565,   0.00347
33015~00571 ,      4623,   0.40000
33015~00570 ,      4625,   1.00000
33015~00570 ,      4565,   0.01439
33015~00570 ,      4623,   0.60000
33015~00570 ,      4554,   0.00045
33015~00570 ,      4628,   0.01366
33015~00649 ,      4583,   0.00101
33015~00649 ,      4587,   0.45114
33015~00649 ,      4613,   0.23103
33015~00649 ,      4598,   0.00057
33015~00652 ,      4598,   0.61691
33015~00651 ,      4613,   0.22010
33015~00651 ,      4598,   0.38252
33015~00643 ,      4600,   0.40067
33015~00643 ,      4615,   0.00050
33015~00645 ,      2041,   0.00261
33015~00645 ,      4614,   0.83918
33015~00645 ,      4615,   0.08454
33015~00647 ,      2041,   0.00835
33015~00647 ,      4614,   0.16082
33015~00647 ,      4612,   0.48096
33015~00647 ,      2040,   0.00346
33015~00644 ,      4615,   0.46892
33015~00680 ,      4600,   0.17976
33015~00680 ,      4615,   0.10045
33015~00646 ,      4612,   0.51904
33015~00646 ,      2040,   0.00346
33015~00646 ,      4615,   0.32969
33015~00599 ,      4572,   0.73717
33015~00599 ,      1996,   0.00309
33015~00641 ,      4572,   0.26283
33015~00641 ,      1996,   0.00386
33015~00641 ,      4581,   0.19821
33015~00641 ,      4571,   0.06700
33015~00593 ,      4592,   0.32292
33015~00593 ,      4599,   0.44644
33015~00594 ,      4599,   0.55356
33015~00594 ,      4588,   0.67800
33015~00642 ,      4600,   0.41957
33015~00642 ,      4615,   0.01591
33015~00564 ,      4596,   0.46950
33015~00584 ,      4644,   0.11598
33015~00632 ,      4643,   0.34672
33015~00632 ,      4650,   0.99877
33015~00632 ,      4651,   0.01299
33015~00632 ,      4653,   0.01251
44007~00132 ,      5398,   0.99961
44007~00132 ,      5399,   0.99964
44007~00132 ,      5404,   0.99928
44007~00133 ,      5401,   0.00037
44007~00133 ,      5405,   0.00047
44007~00133 ,      5403,   1.00000
44007~00133 ,      5393,   1.00000
44007~00133 ,      5402,   1.00000
44007~00133 ,      5404,   0.00036
44007~00136 ,      5007,   1.00000
44007~00136 ,      5391,   1.00000
44007~00136 ,      5392,   1.00000
44007~00136 ,      5400,   1.00000
44007~00136 ,      5390,   0.00034
44007~00136 ,      5401,   0.99963
44007~00136 ,      3263,   0.00036
44007~00194 ,      5303,   0.99947
44007~00194 ,      5406,   0.00034
44007~00194 ,      5408,   1.00000
44007~00194 ,      5300,   0.00029
44007~00194 ,      5301,   1.00000
44007~00194 ,      5310,   0.00049
44007~00194 ,      5430,   0.00048
44007~00194 ,      5329,   0.00037
44007~00187 ,      5307,   1.00000
44007~00187 ,      5303,   0.00053
44007~00187 ,      5406,   0.99933
44007~00187 ,      5407,   0.00044
44007~00188 ,      5406,   0.00034
44007~00188 ,      5308,   0.00037
44007~00188 ,      5310,   0.99902
44007~00188 ,      5407,   0.99956
44007~00138 ,      5010,   0.99959
44007~00138 ,      5008,   1.00000
44007~00138 ,      5390,   0.99966
44007~00127 ,      5144,   0.99961
44007~00127 ,      5071,   0.99937
44007~00127 ,      5089,   0.99905
44007~00125 ,      5016,   1.00000
44007~00125 ,      5306,   0.00094
44007~00125 ,      5410,   1.00000
44007~00125 ,      5015,   1.00000
44007~00125 ,      5414,   1.00000
44007~00124 ,      5411,   1.00000
44007~00124 ,      5409,   1.00000
44007~00124 ,      5305,   0.99904
44007~00124 ,      5306,   0.99766
44007~00203 ,      5320,   1.00000
44007~00203 ,      5415,   0.99977
44007~00203 ,      5416,   0.99954
44007~00203 ,      5412,   0.99970
44007~00201 ,      5312,   0.99976
44007~00201 ,      5304,   1.00000
44007~00201 ,      5415,   0.00023
44007~00201 ,      5416,   0.00023
44007~00201 ,      5430,   0.00048
44007~00201 ,      5417,   1.00000
44007~00202 ,      5332,   1.00000
44007~00202 ,      5412,   0.00030
44007~00202 ,      5316,   0.00029
44007~00202 ,      5317,   0.99941
44007~00202 ,      5413,   1.00000
44007~00189 ,      5335,   1.00000
44007~00189 ,      3259,   0.00052
44007~00189 ,      5421,   0.00029
44007~00189 ,      5419,   1.00000
44007~00189 ,      5308,   0.99963
44007~00189 ,      5310,   0.00049
44007~00189 ,      5425,   0.99956
44007~00193 ,      5309,   0.00038
44007~00193 ,      5430,   0.99903
44007~00193 ,      5428,   0.99950
44007~00193 ,      5431,   1.00000
44007~00193 ,      5432,   1.00000
44007~00190 ,      5309,   0.99962
44007~00190 ,      5420,   1.00000
44007~00190 ,      5424,   1.00000
44007~00190 ,      5425,   0.00044
44007~00192 ,      5315,   1.00000
44007~00192 ,      5428,   0.00050
44007~00192 ,      5316,   0.99971
44007~00192 ,      5317,   0.00059
44007~00192 ,      5426,   1.00000
44007~00192 ,      5429,   1.00000
44007~00192 ,      5427,   1.00000
44007~00191 ,      5418,   1.00000
44007~00191 ,      5422,   1.00000
44007~00191 ,      5421,   0.99884
44007~00191 ,      5423,   1.00000
44007~00218 ,      4996,   0.39208
44007~00218 ,      5009,   0.99961
44007~00218 ,      4994,   1.00000
44003~00043 ,      5614,   1.00000
44003~00043 ,      5613,   1.00000
44003~00043 ,      5579,   1.00000
44003~00043 ,      5588,   1.00000
44003~00043 ,      5547,   0.00041
44003~00043 ,      5576,   0.00036
44003~00047 ,      5616,   1.00000
44003~00047 ,      5589,   1.00000
44003~00047 ,      5615,   0.99922
44003~00047 ,      5598,   1.00000
44003~00047 ,      5547,   0.00041
44003~00016 ,      5612,   1.00000
44003~00016 ,      5597,   1.00000
44007~00176 ,      5162,   1.00000
44007~00176 ,      5148,   1.00000
44007~00176 ,      5151,   1.00000
44007~00178 ,      5149,   0.00051
44007~00178 ,      5152,   0.00038
44007~00178 ,      5153,   1.00000
44007~00178 ,      5154,   0.99902
44007~00178 ,      5160,   0.00041
44007~00178 ,      5161,   0.99942
44007~00180 ,      5150,   0.99904
44007~00180 ,      5154,   0.00098
44007~00180 ,      5157,   1.00000
44007~00180 ,      5159,   1.00000
44007~00183 ,      5156,   1.00000
44007~00183 ,      5158,   1.00000
44007~00183 ,      5178,   1.00000
44007~00173 ,      5149,   0.99949
44007~00173 ,      5174,   1.00000
44007~00173 ,      5179,   1.00000
44007~00177 ,      5168,   1.00000
44007~00177 ,      5169,   0.99945
44007~00177 ,      5160,   0.99959
44007~00177 ,      5173,   1.00000
44007~00172 ,      5092,   1.00000
44007~00172 ,      5131,   1.00000
44007~00172 ,      5117,   1.00000
44007~00172 ,      5182,   1.00000
44007~00172 ,      5176,   1.00000
44007~00172 ,      5181,   0.00032
44007~00171 ,      5109,   0.99959
44007~00171 ,      5181,   0.99903
44007~00171 ,      5177,   0.00043
44007~00171 ,      5180,   0.99952
44007~00182 ,      5163,   0.99968
44007~00182 ,      5165,   1.00000
44007~00182 ,      5164,   0.99956
44007~00182 ,      5166,   0.99949
44007~00182 ,      5167,   0.99966
44007~00182 ,      5172,   1.00000
44007~00182 ,      5184,   0.00036
44007~00107 ,      5110,   0.99965
44007~00107 ,      5186,   0.00067
44007~00107 ,      5188,   0.99952
44007~00107 ,      5171,   1.00000
44007~00220 ,      5067,   0.00047
44007~00220 ,      5068,   1.00000
44007~00220 ,      5069,   0.99912
44007~00220 ,      5083,   0.00059
44007~00220 ,      5084,   1.00000
44007~00220 ,      5186,   0.99933
44007~00220 ,      5185,   0.00036
44007~00220 ,      5188,   0.00048
44007~00174 ,      5041,   0.00041
44007~00174 ,      5109,   0.00041
44007~00174 ,      5075,   0.99960
44007~00174 ,      5169,   0.00055
44007~00174 ,      5163,   0.00032
44007~00174 ,      5183,   1.00000
44007~00174 ,      5177,   0.99957
44007~00174 ,      5175,   1.00000
44007~00174 ,      5187,   0.99921
44007~00174 ,      5167,   0.00034
44007~00175 ,      5074,   1.00000
44007~00175 ,      5076,   0.99939
44007~00175 ,      5185,   0.99964
44007~00175 ,      5187,   0.00079
44007~00175 ,      5166,   0.00051
44007~00175 ,      5184,   0.99964
44007~00219 ,      5098,   1.00000
44007~00219 ,      5080,   0.00032
44007~00219 ,      5076,   0.00061
44007~00219 ,      5081,   1.00000
44007~00153 ,      5120,   1.00000
44007~00153 ,      5122,   1.00000
44007~00150 ,      5020,   1.00000
44007~00150 ,      5024,   0.99966
44007~00150 ,      5021,   1.00000
44007~00150 ,      5112,   1.00000
44007~00150 ,      5113,   0.00034
44007~00157 ,      5025,   1.00000
44007~00157 ,      5023,   1.00000
44007~00157 ,      5194,   1.00000
44007~00151 ,      5189,   1.00000
44007~00151 ,      5190,   1.00000
44007~00151 ,      5196,   1.00000
44007~00156 ,      5004,   0.99965
44007~00156 ,      5011,   1.00000
44007~00156 ,      5032,   1.00000
44007~00155 ,      5004,   0.00035
44007~00155 ,      5006,   1.00000
44007~00155 ,      5195,   1.00000
44007~00152 ,      5191,   1.00000
44007~00152 ,      5232,   1.00000
44007~00152 ,      5207,   1.00000
44007~00152 ,      5205,   1.00000
44007~00152 ,      5206,   1.00000
44007~00152 ,      5201,   1.00000
44007~00085 ,      5203,   0.99771
44007~00085 ,      5224,   0.00054
44007~00147 ,      5230,   1.00000
44007~00147 ,      5231,   1.00000
44007~00147 ,      5197,   1.00000
44007~00147 ,      5203,   0.00038
44007~00147 ,      5224,   0.00161
44007~00147 ,      5236,   1.00000
44007~00149 ,      5235,   0.99914
44007~00149 ,      5234,   1.00000
44007~00149 ,      5233,   1.00000
44007~00148 ,      5209,   0.99961
44007~00148 ,      5210,   1.00000
44007~00148 ,      5235,   0.00043
44007~00221 ,      5110,   0.00035
44007~00221 ,      5111,   0.00035
44007~00221 ,      5127,   1.00000
44007~00221 ,      5128,   1.00000
44007~00221 ,      5129,   0.99914
44007~00087 ,      5220,   0.00071
44007~00087 ,      5111,   0.99965
44007~00087 ,      5222,   0.99918
44007~00087 ,      5238,   1.00000
44007~00087 ,      5069,   0.00059
44007~00087 ,      5237,   0.00038
44007~00087 ,      5129,   0.00086
44007~00222 ,      5241,   0.00028
44007~00222 ,      5123,   1.00000
44007~00222 ,      5214,   1.00000
44007~00222 ,      5218,   0.00055
44007~00222 ,      5204,   1.00000
44007~00222 ,      5223,   0.00035
44007~00086 ,      5240,   1.00000
44007~00086 ,      5241,   0.99972
44007~00086 ,      5247,   0.00055
44007~00086 ,      5218,   0.99945
44007~00113 ,      5353,   1.00000
44007~00113 ,      5133,   0.99911
44007~00113 ,      5351,   0.99957
44007~00113 ,      5126,   0.00035
44007~00113 ,      5352,   0.00080
44007~00114 ,      5378,   0.00039
44007~00114 ,      5135,   0.00046
44007~00114 ,      5141,   1.00000
44007~00114 ,      5352,   0.99920
44007~00114 ,      5350,   1.00000
44007~00114 ,      5137,   0.99907
44007~00100 ,      5107,   0.99755
44007~00100 ,      5114,   0.00046
44007~00100 ,      5124,   0.99953
44007~00100 ,      5134,   1.00000
44007~00099 ,      5115,   1.00000
44007~00099 ,      5114,   0.99954
44007~00099 ,      5119,   1.00000
44007~00099 ,      5085,   0.00030
44007~00122 ,      5107,   0.00041
44007~00122 ,      5365,   0.00033
44007~00122 ,      5341,   0.99940
44007~00122 ,      5342,   1.00000
44007~00122 ,      5383,   0.00043
44007~00122 ,      5370,   1.00000
44007~00116 ,      5367,   0.99921
44007~00116 ,      5133,   0.00045
44007~00116 ,      5341,   0.00030
44007~00116 ,      5355,   1.00000
44007~00116 ,      5356,   1.00000
44007~00116 ,      5354,   0.00034
44007~00116 ,      5372,   1.00000
44007~00116 ,      5373,   1.00000
44007~00083 ,      5378,   0.99961
44007~00083 ,      5054,   1.00000
44007~00115 ,      5374,   1.00000
44007~00115 ,      5375,   1.00000
44007~00115 ,      5351,   0.00043
44007~00115 ,      5349,   0.99943
44007~00115 ,      5359,   1.00000
44007~00115 ,      5102,   1.00000
44007~00230 ,      5052,   1.00000
44007~00230 ,      5331,   1.00000
44007~00230 ,      5053,   1.00000
44007~00082 ,      5330,   1.00000
44007~00082 ,      5055,   1.00000
44007~00118 ,      5340,   1.00000
44007~00118 ,      5349,   0.00057
44007~00118 ,      5344,   1.00000
44007~00118 ,      5345,   0.99962
44007~00118 ,      5338,   1.00000
44007~00196 ,      5376,   1.00000
44007~00196 ,      5377,   1.00000
44007~00196 ,      5324,   1.00000
44007~00196 ,      5346,   0.00035
44007~00184 ,      5323,   1.00000
44007~00184 ,      5322,   0.99940
44007~00123 ,      5364,   1.00000
44007~00123 ,      5369,   0.99796
44007~00123 ,      5365,   0.99967
44007~00123 ,      5366,   1.00000
44007~00121 ,      5386,   0.00032
44007~00121 ,      5341,   0.00030
44007~00121 ,      5385,   0.99962
44007~00121 ,      5383,   0.99957
44007~00117 ,      5367,   0.00039
44007~00117 ,      5337,   0.99926
44007~00117 ,      5357,   0.99963
44007~00117 ,      5339,   1.00000
44007~00117 ,      5358,   1.00000
44007~00120 ,      5384,   1.00000
44007~00120 ,      5386,   0.99968
44007~00120 ,      5381,   0.99964
44007~00120 ,      5380,   0.99939
44007~00120 ,      5363,   0.00075
44007~00120 ,      5385,   0.00038
44007~00120 ,      5382,   0.00032
44007~00119 ,      5367,   0.00039
44007~00119 ,      5337,   0.00074
44007~00119 ,      5381,   0.00036
44007~00119 ,      5363,   0.99925
44007~00119 ,      5336,   0.99909
44007~00119 ,      5357,   0.00037
44007~00119 ,      5345,   0.00038
44007~00119 ,      5354,   0.99966
44007~00119 ,      5382,   0.99968
44007~00126 ,      5299,   0.99949
44007~00126 ,      5070,   1.00000
44007~00126 ,      5144,   0.00039
44007~00126 ,      5072,   1.00000
44007~00126 ,      5326,   1.00000
44007~00126 ,      5313,   1.00000
44007~00126 ,      5314,   0.99954
44007~00126 ,      5325,   1.00000
44007~00126 ,      5089,   0.00095
44007~00198 ,      5362,   0.99962
44007~00198 ,      5368,   0.00053
44007~00198 ,      5387,   0.99965
44007~00198 ,      5388,   1.00000
44007~00198 ,      5389,   0.00042
44007~00197 ,      5360,   0.00051
44007~00197 ,      5361,   1.00000
44007~00197 ,      5362,   0.00038
44007~00197 ,      5387,   0.00035
44007~00197 ,      5389,   0.99958
44007~00197 ,      5343,   1.00000
44007~00195 ,      5348,   1.00000
44007~00195 ,      5360,   0.99949
44007~00195 ,      5327,   1.00000
44007~00195 ,      5347,   0.00047
44007~00195 ,      5328,   0.99907
44007~00199 ,      5368,   0.99894
44007~00200 ,      5302,   1.00000
44007~00200 ,      5311,   1.00000
44007~00204 ,      5312,   0.00024
44007~00204 ,      5300,   0.99971
44007~00204 ,      5319,   1.00000
44007~00204 ,      5318,   1.00000
44007~00204 ,      5333,   1.00000
44007~00204 ,      5305,   0.00048
44007~00204 ,      5416,   0.00023
44007~00143 ,      5095,   1.00000
44007~00143 ,      5096,   1.00000
44007~00143 ,      5097,   0.99965
44007~00135 ,      5394,   0.99961
44007~00135 ,      5395,   0.00041
44007~00135 ,      5397,   0.99958
44007~00142 ,      5078,   1.00000
44007~00142 ,      5116,   1.00000
44007~00142 ,      5143,   1.00000
44007~00137 ,      4991,   1.00000
44007~00137 ,      5012,   1.00000
44007~00137 ,      5013,   1.00000
44007~00137 ,      5010,   0.00041
44007~00185 ,      5347,   0.99953
44007~00185 ,      5321,   0.99968
44007~00185 ,      5334,   0.00040
44007~00185 ,      5397,   0.00042
44007~00185 ,      5322,   0.00060
44007~00185 ,      5346,   0.99965
44007~00134 ,      5394,   0.00039
44007~00134 ,      5395,   0.99959
44007~00134 ,      5396,   1.00000
44007~00134 ,      5405,   0.99953
44007~00134 ,      5398,   0.00039
44007~00186 ,      5328,   0.00093
44007~00186 ,      5321,   0.00032
44007~00186 ,      5329,   0.99963
44007~00186 ,      5334,   0.99960
44007~00186 ,      5399,   0.00036
44007~00186 ,      5404,   0.00036
44001~00004 ,      5494,   0.99928
44001~00004 ,      5493,   0.99898
44001~00004 ,      5497,   0.99939
44007~00162 ,      5001,   0.99968
44007~00162 ,      5439,   0.99413
44007~00162 ,      5436,   1.00000
44007~00162 ,      2530,   0.00623
44007~00161 ,      5441,   1.00000
44007~00161 ,      5438,   1.00000
44007~00161 ,      4999,   1.00000
44007~00161 ,      5437,   1.00000
44007~00232 ,      5000,   1.00000
44007~00232 ,      4998,   1.00000
44007~00079 ,      5003,   0.99800
44007~00079 ,      5440,   1.00000
44007~00079 ,      5439,   0.00053
44007~00079 ,      5435,   0.00044
44007~00158 ,      5433,   0.99899
44007~00158 ,      5435,   0.99956
44007~00158 ,      2374,   0.00181
44007~00158 ,      2372,   0.00035
44007~00158 ,      5452,   0.99848
44007~00228 ,      4996,   0.60792
44007~00228 ,      4992,   1.00000
44007~00228 ,      4995,   1.00000
44007~00139 ,      4993,   1.00000
44007~00139 ,      5442,   0.99908
44007~00139 ,      2396,   0.00041
44007~00139 ,      5444,   0.00050
44007~00160 ,      5002,   1.00000
44007~00160 ,      5434,   1.00000
44007~00159 ,      5461,   1.00000
44007~00159 ,      5473,   0.00048
44007~00159 ,      5472,   1.00000
44007~00207 ,      5480,   0.00081
44007~00207 ,      5473,   0.99904
44007~00207 ,      5478,   1.00000
44007~00207 ,      5474,   1.00000
44007~00206 ,      5480,   0.00040
44007~00206 ,      5458,   1.00000
44007~00206 ,      5456,   1.00000
44007~00206 ,      5454,   1.00000
44007~00208 ,      5480,   0.99879
44007~00208 ,      5477,   0.99905
44007~00208 ,      5473,   0.00048
44007~00209 ,      5449,   1.00000
44007~00209 ,      5477,   0.00095
44007~00209 ,      5475,   1.00000
44007~00209 ,      5450,   0.00066
44007~00209 ,      5464,   1.00000
44007~00212 ,      5451,   0.00038
44007~00212 ,      5468,   1.00000
44007~00212 ,      5481,   0.00043
44007~00212 ,      5470,   0.99935
44007~00212 ,      5479,   1.00000
44007~00210 ,      5463,   1.00000
44007~00210 ,      5476,   1.00000
44007~00210 ,      5481,   0.99957
44007~00211 ,      5457,   0.00067
44007~00211 ,      5450,   0.99934
44007~00211 ,      5451,   0.99923
44007~00211 ,      5482,   1.00000
44007~00205 ,      5469,   0.00029
44007~00205 ,      5455,   1.00000
44007~00205 ,      5483,   0.94730
44007~00205 ,      5453,   0.99095
44007~00213 ,      5460,   0.96640
44007~00213 ,      2370,   0.00120
44007~00213 ,      5469,   0.99398
44007~00213 ,      5470,   0.00065
44007~00213 ,      5471,   0.00067
44007~00140 ,      4989,   1.00000
44007~00140 ,      5486,   1.00000
44007~00140 ,      5484,   1.00000
44007~00140 ,      5485,   1.00000
44007~00215 ,      5457,   0.99867
44007~00215 ,      5451,   0.00038
44007~00217 ,      5444,   0.99950
44007~00217 ,      5462,   1.00000
44007~00217 ,      5448,   1.00000
44007~00080 ,      5446,   1.00000
44007~00080 ,      5443,   1.00000
44007~00229 ,      4990,   1.00000
44007~00229 ,      5445,   1.00000
44007~00214 ,      5457,   0.00067
44007~00214 ,      5460,   0.00114
44007~00214 ,      5467,   0.99895
44007~00214 ,      5471,   0.99933
44007~00216 ,      5442,   0.00031
44007~00216 ,      5487,   0.99271
44007~00216 ,      5447,   1.00000
44007~00216 ,      5465,   1.00000
44007~00216 ,      5459,   0.99957
44007~00216 ,      5466,   1.00000
44007~00216 ,      5467,   0.00105
44005~00066 ,      4960,   0.00041
44005~00066 ,      4933,   1.00000
44005~00066 ,      4963,   0.99960
44005~00066 ,      4934,   0.99915
44005~00060 ,      4935,   0.99954
44005~00060 ,      4936,   1.00000
44005~00061 ,      4943,   1.00000
44005~00061 ,      4947,   1.00000
44005~00062 ,      4979,   1.00000
44005~00062 ,      4981,   1.00000
44005~00063 ,      4946,   1.00000
44005~00063 ,      4980,   1.00000
44005~00063 ,      4951,   1.00000
44005~00058 ,      4945,   1.00000
44005~00058 ,      4986,   0.00041
44005~00058 ,      4983,   1.00000
44005~00058 ,      4975,   1.00000
44005~00058 ,      4974,   0.99938
44005~00058 ,      4987,   1.00000
44005~00058 ,      4988,   0.97818
44005~00057 ,      4977,   0.99959
44005~00057 ,      4976,   1.00000
44005~00057 ,      4986,   0.99959
44005~00057 ,      4974,   0.00062
44001~00009 ,      5496,   0.99961
44001~00009 ,      5513,   0.99881
44001~00009 ,      5515,   1.00000
44001~00009 ,      5511,   1.00000
44001~00009 ,      5512,   0.00063
44001~00010 ,      5510,   1.00000
44001~00010 ,      5509,   1.00000
44001~00010 ,      5513,   0.00119
44001~00010 ,      5514,   1.00000
44001~00010 ,      5512,   0.99906
44005~00077 ,      4968,   0.99951
44005~00077 ,      4972,   1.00000
44005~00077 ,      4973,   1.00000
44005~00056 ,      4985,   1.00000
44005~00056 ,      4982,   0.98250
44005~00056 ,      4984,   1.00000
44005~00075 ,      4970,   0.99962
44005~00075 ,      4966,   0.00041
44005~00075 ,      4971,   1.00000
44005~00074 ,      4966,   0.99959
44005~00074 ,      4965,   0.99966
44005~00073 ,      4967,   1.00000
44005~00073 ,      4978,   1.00000
44005~00076 ,      4969,   1.00000
44005~00076 ,      4970,   0.00038
44005~00076 ,      4965,   0.00034
44005~00076 ,      3306,   0.00046
44001~00011 ,      5495,   1.00000
44001~00011 ,      5505,   1.00000
44001~00011 ,      5506,   1.00000
44001~00011 ,      5525,   1.00000
44001~00011 ,      5512,   0.00031
44001~00008 ,      5518,   1.00000
44001~00008 ,      5520,   1.00000
44001~00008 ,      5523,   1.00000
44001~00008 ,      5524,   1.00000
44001~00008 ,      5519,   0.00038
44001~00006 ,      5519,   0.99962
44001~00006 ,      5521,   1.00000
44001~00006 ,      5522,   1.00000
44001~00001 ,      5517,   1.00000
44001~00012 ,      5507,   1.00000
44001~00012 ,      5508,   1.00000
44001~00007 ,      5498,   1.00000
44001~00007 ,      5499,   1.00000
44001~00007 ,      5516,   0.99951
44009~00241 ,      5696,   0.99913
44009~00241 ,      5725,   1.00000
44009~00245 ,      5717,   0.00040
44009~00245 ,      5719,   0.00033
44009~00245 ,      5715,   0.99949
44009~00245 ,      5739,   0.99798
44009~00245 ,      5718,   1.00000
44009~00242 ,      5696,   0.00043
44009~00242 ,      5735,   1.00000
44009~00242 ,      5726,   1.00000
44009~00242 ,      5712,   0.00049
44009~00242 ,      5736,   1.00000
44009~00242 ,      5737,   1.00000
44009~00242 ,      5738,   1.00000
44003~00030 ,      5568,   1.00000
44003~00030 ,      5563,   0.00042
44003~00030 ,      5567,   1.00000
44003~00028 ,      5570,   1.00000
44003~00028 ,      5571,   1.00000
44003~00028 ,      5563,   0.99958
44003~00028 ,      5569,   1.00000
44003~00048 ,      5548,   1.00000
44003~00048 ,      5557,   1.00000
44003~00048 ,      5558,   0.99966
44003~00048 ,      5549,   0.99933
44003~00048 ,      5556,   1.00000
44003~00050 ,      5564,   1.00000
44003~00050 ,      5562,   1.00000
44009~00267 ,      5714,   0.00043
44009~00267 ,      5721,   1.00000
44009~00267 ,      5722,   1.00000
44009~00267 ,      5723,   0.99970
44005~00072 ,      4952,   1.00000
44005~00072 ,      4953,   1.00000
44005~00072 ,      4955,   1.00000
44005~00072 ,      4956,   1.00000
44005~00072 ,      4954,   0.99882
44005~00068 ,      4958,   1.00000
44005~00068 ,      4959,   0.00062
44005~00068 ,      4950,   1.00000
44005~00068 ,      4948,   0.99938
44005~00068 ,      4949,   1.00000
44005~00069 ,      4960,   0.99876
44005~00069 ,      4957,   0.00064
44005~00069 ,      4959,   0.99876
44005~00067 ,      4928,   0.99932
44005~00067 ,      4929,   1.00000
44005~00067 ,      4957,   0.99936
44005~00071 ,      4939,   1.00000
44005~00070 ,      4962,   0.99968
44005~00070 ,      4932,   0.00045
44005~00070 ,      4930,   0.99958
44005~00070 ,      4961,   1.00000
44005~00065 ,      4942,   1.00000
44005~00065 ,      4962,   0.00032
44005~00065 ,      4964,   0.99883
44005~00065 ,      4963,   0.00040
44005~00065 ,      4934,   0.00085
44005~00065 ,      4940,   0.99966
44005~00065 ,      4941,   1.00000
44005~00064 ,      4932,   0.99955
44005~00064 ,      4964,   0.00117
44005~00064 ,      4930,   0.00042
44005~00064 ,      4931,   1.00000
44005~00064 ,      4935,   0.00046
44005~00064 ,      4937,   1.00000
44005~00064 ,      4940,   0.00034
44005~00059 ,      4938,   0.99902
44005~00059 ,      4944,   1.00000
44009~00243 ,      5713,   1.00000
44009~00243 ,      5712,   0.99951
44003~00024 ,      5559,   0.99966
44003~00024 ,      5604,   1.00000
44003~00024 ,      5611,   0.99973
44003~00053 ,      5526,   0.99967
44003~00053 ,      5605,   0.99965
44003~00014 ,      5590,   0.99972
44003~00014 ,      5600,   0.00073
44003~00014 ,      5601,   1.00000
44003~00014 ,      5611,   0.00027
44003~00015 ,      5560,   0.99952
44003~00015 ,      5603,   1.00000
44003~00015 ,      5608,   1.00000
44003~00015 ,      5602,   0.00034
44003~00019 ,      5595,   0.00110
44003~00019 ,      5599,   0.99902
44003~00019 ,      5606,   1.00000
44003~00019 ,      5560,   0.00048
44003~00019 ,      5533,   1.00000
44003~00018 ,      5530,   0.99973
44003~00018 ,      5534,   0.99972
44003~00018 ,      5532,   0.99938
44003~00055 ,      5594,   1.00000
44003~00055 ,      5599,   0.00049
44003~00055 ,      5592,   1.00000
44003~00055 ,      5530,   0.00027
44003~00052 ,      5600,   0.99782
44003~00052 ,      5602,   0.99966
44003~00020 ,      5591,   0.00036
44003~00020 ,      5599,   0.00049
44003~00020 ,      5610,   0.99964
44003~00020 ,      5600,   0.00146
44003~00020 ,      5607,   1.00000
44003~00020 ,      5609,   0.99965
44003~00021 ,      5595,   0.99890
44003~00021 ,      5591,   0.99964
44003~00021 ,      5596,   1.00000
44007~00181 ,      5152,   0.99962
44007~00181 ,      5033,   1.00000
44007~00181 ,      5155,   1.00000
44007~00181 ,      5610,   0.00036
44007~00181 ,      5113,   0.00069
44007~00181 ,      5609,   0.00035
44007~00181 ,      5161,   0.00058
44007~00179 ,      5145,   1.00000
44007~00179 ,      5150,   0.00096
44007~00179 ,      5146,   1.00000
44007~00179 ,      5147,   1.00000
44007~00154 ,      5113,   0.99897
44007~00154 ,      5121,   1.00000
44007~00154 ,      5164,   0.00044
44007~00154 ,      5170,   1.00000
44003~00049 ,      5528,   0.00025
44003~00049 ,      5531,   0.00028
44003~00049 ,      5535,   0.99974
44003~00049 ,      5561,   1.00000
44003~00049 ,      5593,   1.00000
44003~00049 ,      5558,   0.00034
44003~00034 ,      5586,   1.00000
44003~00034 ,      5621,   1.00000
44003~00034 ,      5573,   0.00086
44003~00034 ,      5619,   0.00035
44003~00034 ,      5620,   0.99911
44003~00034 ,      5622,   0.00045
44003~00031 ,      5624,   1.00000
44003~00031 ,      5619,   0.99965
44003~00031 ,      5620,   0.00030
44007~00106 ,      5043,   0.00028
44007~00106 ,      5100,   0.99908
44007~00106 ,      5101,   1.00000
44007~00106 ,      5073,   1.00000
44007~00094 ,      5100,   0.00092
44007~00094 ,      5273,   0.99940
44007~00094 ,      5282,   1.00000
44007~00094 ,      5280,   1.00000
44007~00094 ,      5274,   0.00040
44007~00094 ,      5279,   1.00000
44007~00094 ,      5283,   1.00000
44007~00094 ,      5287,   0.00042
44007~00089 ,      5045,   1.00000
44007~00089 ,      5104,   0.00039
44007~00089 ,      5046,   0.99916
44007~00089 ,      5105,   0.99955
44007~00095 ,      5099,   1.00000
44007~00095 ,      5044,   1.00000
44007~00095 ,      5288,   1.00000
44007~00095 ,      5046,   0.00084
44007~00095 ,      5086,   0.00036
44007~00095 ,      5087,   0.99962
44007~00095 ,      5286,   1.00000
44007~00095 ,      5287,   0.99958
44007~00093 ,      5043,   0.00028
44007~00093 ,      5273,   0.00060
44007~00093 ,      5040,   1.00000
44007~00093 ,      5274,   0.00040
44007~00093 ,      5266,   0.99866
44007~00093 ,      5041,   0.00041
44007~00093 ,      5262,   0.99960
44007~00093 ,      5265,   1.00000
44007~00093 ,      5267,   0.00037
44007~00097 ,      5284,   0.99965
44007~00097 ,      5278,   0.99962
44007~00097 ,      5274,   0.99919
44007~00097 ,      5266,   0.00067
44007~00097 ,      5281,   0.00036
44007~00096 ,      5284,   0.00035
44007~00096 ,      5278,   0.00038
44007~00096 ,      5285,   1.00000
44007~00096 ,      5276,   1.00000
44007~00096 ,      5281,   0.99964
44007~00096 ,      5277,   1.00000
44007~00096 ,      5087,   0.00038
44007~00098 ,      5275,   1.00000
44007~00098 ,      5106,   1.00000
44007~00098 ,      5124,   0.00047
44003~00032 ,      5268,   0.00041
44003~00032 ,      5646,   1.00000
44003~00032 ,      5620,   0.00059
44003~00032 ,      5625,   1.00000
44003~00032 ,      5623,   1.00000
44003~00032 ,      5622,   0.00045
44003~00032 ,      5618,   0.99966
44007~00167 ,      5270,   1.00000
44007~00167 ,      5257,   0.99964
44007~00167 ,      5269,   0.99947
44007~00167 ,      5264,   0.00039
44007~00167 ,      5268,   0.99959
44007~00168 ,      5260,   1.00000
44007~00168 ,      5261,   1.00000
44007~00168 ,      5271,   1.00000
44007~00168 ,      5258,   1.00000
44007~00168 ,      5257,   0.00036
44007~00168 ,      5263,   1.00000
44007~00168 ,      5262,   0.00040
44007~00168 ,      5267,   0.00037
44007~00092 ,      5259,   1.00000
44007~00092 ,      5266,   0.00067
44007~00092 ,      5272,   1.00000
44007~00092 ,      5138,   0.00048
44007~00092 ,      5267,   0.99926
44007~00092 ,      5289,   1.00000
44007~00090 ,      5056,   0.92829
44007~00090 ,      5379,   1.00000
44007~00090 ,      5059,   0.00033
44007~00226 ,      5057,   0.99963
44007~00226 ,      5314,   0.00046
44007~00226 ,      5082,   1.00000
44007~00226 ,      5058,   0.00080
44007~00226 ,      5059,   0.99967
44001~00005 ,      5488,   0.00130
44001~00005 ,      5492,   1.00000
44001~00005 ,      5491,   1.00000
44001~00005 ,      5490,   1.00000
44007~00227 ,      5256,   0.99957
44007~00227 ,      5252,   0.99917
44007~00227 ,      5255,   1.00000
44007~00227 ,      5298,   1.00000
44007~00091 ,      5253,   1.00000
44007~00091 ,      5254,   0.99938
44007~00091 ,      5256,   0.00043
44007~00091 ,      5291,   0.00034
44001~00002 ,      5489,   0.00037
44001~00002 ,      5504,   1.00000
44001~00002 ,      5500,   1.00000
44001~00002 ,      5502,   1.00000
44001~00002 ,      5503,   1.00000
44007~00131 ,      5294,   0.99959
44007~00131 ,      5291,   0.99966
44007~00131 ,      5290,   1.00000
44007~00131 ,      5296,   1.00000
44007~00131 ,      5297,   1.00000
44007~00130 ,      5293,   1.00000
44007~00130 ,      5295,   1.00000
44007~00129 ,      5138,   0.96206
44007~00129 ,      5017,   1.00000
44007~00129 ,      5091,   1.00000
44007~00129 ,      5292,   1.00000
44007~00128 ,      5057,   0.00037
44007~00128 ,      5018,   1.00000
44007~00128 ,      5058,   0.99920
44007~00128 ,      5090,   1.00000
44001~00003 ,      5489,   0.99925
44001~00003 ,      5488,   0.99870
44001~00003 ,      5501,   1.00000
44007~00101 ,      5118,   1.00000
44007~00101 ,      5066,   1.00000
44007~00101 ,      5047,   0.00040
44007~00104 ,      5088,   1.00000
44007~00104 ,      5085,   0.99970
44007~00104 ,      5086,   0.99964
44007~00103 ,      5062,   1.00000
44007~00103 ,      5064,   1.00000
44007~00103 ,      5371,   1.00000
44007~00112 ,      5133,   0.00045
44007~00112 ,      5060,   0.00057
44007~00112 ,      5047,   0.99960
44007~00112 ,      5048,   0.00037
44007~00112 ,      5049,   0.99948
44009~00250 ,      5692,   1.00000
44009~00250 ,      5665,   1.00000
44009~00250 ,      5669,   1.00000
44009~00250 ,      5668,   1.00000
44009~00250 ,      5667,   1.00000
44009~00266 ,      5671,   1.00000
44009~00266 ,      5666,   1.00000
44009~00249 ,      5651,   0.99968
44009~00249 ,      5670,   1.00000
44009~00249 ,      5652,   0.00045
44009~00248 ,      5673,   1.00000
44009~00248 ,      5694,   0.99963
44009~00248 ,      5675,   0.00042
44009~00248 ,      5653,   1.00000
44009~00248 ,      5652,   0.99955
44009~00248 ,      5674,   0.99962
44009~00265 ,      5650,   1.00000
44009~00265 ,      5694,   0.00037
44009~00265 ,      5675,   0.99917
44009~00265 ,      5674,   0.00038
44009~00236 ,      5651,   0.00032
44009~00236 ,      5654,   1.00000
44009~00236 ,      5675,   0.00042
44009~00237 ,      5685,   1.00000
44009~00237 ,      5693,   1.00000
44009~00240 ,      5686,   0.95000
44009~00240 ,      5691,   0.79428
44009~00251 ,      5662,   1.00000
44009~00251 ,      5664,   1.00000
44009~00251 ,      5660,   0.99920
44009~00251 ,      5663,   0.99945
44009~00251 ,      5656,   0.00037
44009~00252 ,      5656,   0.99889
44009~00252 ,      5659,   0.99953
44009~00252 ,      5658,   1.00000
44009~00256 ,      5655,   1.00000
44009~00256 ,      5656,   0.00074
44009~00255 ,      5682,   1.00000
44009~00255 ,      5657,   0.99939
44009~00255 ,      5690,   1.00000
44009~00255 ,      5689,   1.00000
44009~00255 ,      5688,   1.00000
44009~00255 ,      5687,   1.00000
44009~00261 ,      5679,   0.99915
44009~00261 ,      5680,   1.00000
44009~00261 ,      5681,   1.00000
44009~00261 ,      5683,   0.99798
44009~00264 ,      5684,   1.00000
44009~00264 ,      5648,   1.00000
44009~00264 ,      5706,   1.00000
44009~00264 ,      5649,   1.00000
44009~00234 ,      5704,   1.00000
44009~00234 ,      5705,   1.00000
44009~00235 ,      5708,   1.00000
44009~00235 ,      5709,   1.00000
44009~00263 ,      5697,   1.00000
44009~00263 ,      5707,   1.00000
44009~00258 ,      5661,   1.00000
44009~00258 ,      5703,   1.00000
44009~00258 ,      5734,   1.00000
44009~00262 ,      5695,   1.00000
44009~00262 ,      5698,   1.00000
44003~00027 ,      5540,   1.00000
44003~00027 ,      5539,   1.00000
44003~00027 ,      5553,   0.00039
44003~00027 ,      5550,   1.00000
44003~00027 ,      5565,   0.00026
44003~00054 ,      5545,   1.00000
44003~00054 ,      5527,   0.00029
44003~00054 ,      5538,   1.00000
44003~00025 ,      5541,   1.00000
44007~00166 ,      5036,   1.00000
44007~00166 ,      5035,   1.00000
44007~00166 ,      5037,   1.00000
44007~00166 ,      5038,   1.00000
44007~00163 ,      5014,   1.00000
44007~00163 ,      5034,   1.00000
44007~00163 ,      5001,   0.00032
44007~00163 ,      4997,   1.00000
44003~00026 ,      5537,   1.00000
44003~00026 ,      5536,   1.00000
44007~00078 ,      5030,   1.00000
44003~00013 ,      5527,   0.99971
44003~00013 ,      5029,   0.00037
44003~00022 ,      5542,   1.00000
44003~00022 ,      5544,   1.00000
44003~00022 ,      5553,   0.00039
44003~00022 ,      5526,   0.00033
44007~00165 ,      5019,   1.00000
44007~00165 ,      5031,   0.99970
44007~00165 ,      5029,   0.99963
44007~00165 ,      5026,   1.00000
44007~00165 ,      5024,   0.00034
44007~00165 ,      5590,   0.00028
44007~00165 ,      5605,   0.00035
44007~00233 ,      5027,   1.00000
44007~00233 ,      5028,   1.00000
44007~00164 ,      5031,   0.00030
44007~00164 ,      5039,   1.00000
44007~00164 ,      5022,   1.00000
44007~00164 ,      5005,   1.00000
44009~00253 ,      5733,   0.00041
44009~00253 ,      5732,   1.00000
44009~00253 ,      5702,   0.00029
44009~00253 ,      5729,   0.99967
44009~00238 ,      5699,   1.00000
44009~00259 ,      5728,   1.00000
44009~00254 ,      5733,   0.99959
44009~00254 ,      5730,   1.00000
44009~00254 ,      5672,   1.00000
44009~00254 ,      5731,   1.00000
44009~00254 ,      5729,   0.00033
44009~00257 ,      5727,   1.00000
44009~00257 ,      5702,   0.99971
44009~00260 ,      5677,   1.00000
44009~00260 ,      5679,   0.00043
44009~00260 ,      5678,   1.00000
44009~00260 ,      5676,   1.00000
44009~00239 ,      5720,   0.99914
44009~00239 ,      5723,   0.00030
44009~00239 ,      5724,   0.99967
44009~00246 ,      5701,   1.00000
44009~00246 ,      5700,   1.00000
44009~00247 ,      5714,   0.99957
44009~00247 ,      5710,   0.99966
44009~00247 ,      5711,   1.00000
44003~00023 ,      5543,   0.99965
44003~00023 ,      5559,   0.00034
44003~00023 ,      5553,   0.99922
44003~00023 ,      5552,   1.00000
44003~00029 ,      5543,   0.00035
44003~00029 ,      5551,   1.00000
44003~00029 ,      5565,   0.99974
44003~00029 ,      5566,   1.00000
44003~00017 ,      5528,   0.99975
44003~00017 ,      5529,   1.00000
44003~00017 ,      5531,   0.99972
44003~00017 ,      5534,   0.00028
44003~00017 ,      5535,   0.00026
44003~00017 ,      5532,   0.00062
44009~00244 ,      5696,   0.00043
44009~00244 ,      5717,   0.99960
44009~00244 ,      5719,   0.99967
44009~00244 ,      5716,   1.00000
44007~00084 ,      5212,   0.00043
44007~00084 ,      5227,   0.00033
44007~00084 ,      5226,   0.00034
44007~00084 ,      5225,   0.99961
44007~00084 ,      5203,   0.00076
44007~00084 ,      5223,   0.99930
44007~00088 ,      5067,   0.99953
44007~00088 ,      5220,   0.00071
44007~00088 ,      5222,   0.00041
44007~00088 ,      5069,   0.00029
44007~00088 ,      5237,   0.99962
44007~00088 ,      5083,   0.99941
44007~00108 ,      5065,   0.00050
44007~00108 ,      5050,   1.00000
44007~00108 ,      5139,   1.00000
44007~00108 ,      5051,   0.99964
44007~00108 ,      5244,   0.99962
44007~00108 ,      5220,   0.99857
44007~00108 ,      5219,   1.00000
44007~00108 ,      5222,   0.00041
44007~00105 ,      5104,   0.99922
44007~00105 ,      5079,   1.00000
44007~00105 ,      5080,   0.99968
44007~00105 ,      5103,   1.00000
44007~00105 ,      5105,   0.00045
44007~00102 ,      5104,   0.00039
44007~00102 ,      5065,   0.99950
44007~00102 ,      5063,   1.00000
44007~00223 ,      5244,   0.00038
44007~00223 ,      5247,   0.99890
44007~00223 ,      5239,   1.00000
44007~00223 ,      5243,   0.00027
44007~00223 ,      5242,   0.00037
44007~00109 ,      5247,   0.00027
44007~00109 ,      5246,   1.00000
44007~00109 ,      5227,   0.99967
44007~00109 ,      5226,   0.99931
44007~00110 ,      5060,   0.99943
44007~00110 ,      5051,   0.00036
44007~00110 ,      5247,   0.00027
44007~00110 ,      5048,   0.99963
44007~00110 ,      5243,   0.99945
44007~00110 ,      5242,   0.99963
44007~00110 ,      5049,   0.00052
44007~00111 ,      5248,   1.00000
44007~00111 ,      5125,   1.00000
44007~00111 ,      5126,   0.99965
44007~00111 ,      5245,   1.00000
44007~00111 ,      5212,   0.99914
44007~00111 ,      5135,   0.99907
44007~00111 ,      5226,   0.00034
44007~00111 ,      5243,   0.00027
44007~00146 ,      5213,   0.00076
44007~00146 ,      5229,   1.00000
44007~00146 ,      5216,   1.00000
44007~00146 ,      5203,   0.00115
44007~00146 ,      5215,   1.00000
44007~00146 ,      5223,   0.00035
44007~00146 ,      5224,   0.99785
44007~00146 ,      5228,   1.00000
44007~00145 ,      5208,   1.00000
44007~00145 ,      5209,   0.00039
44007~00145 ,      5235,   0.00043
44007~00145 ,      5250,   1.00000
44007~00145 ,      5251,   0.99963
44007~00144 ,      5217,   1.00000
44007~00144 ,      5249,   1.00000
44007~00224 ,      5212,   0.00043
44007~00224 ,      5135,   0.00046
44007~00224 ,      5136,   1.00000
44007~00224 ,      5142,   0.00042
44007~00224 ,      5137,   0.00093
44007~00224 ,      5225,   0.00039
44007~00224 ,      5213,   0.99924
44007~00224 ,      5221,   1.00000
44007~00224 ,      5211,   0.99960
44007~00225 ,      5140,   1.00000
44007~00225 ,      5142,   0.99958
44007~00225 ,      5211,   0.00040
44007~00081 ,      5199,   1.00000
44007~00081 ,      5202,   0.99954
44007~00231 ,      5192,   1.00000
44007~00231 ,      5193,   1.00000
44007~00231 ,      5198,   1.00000
44007~00231 ,      5200,   1.00000
44007~00231 ,      5202,   0.00046
44007~00141 ,      5097,   0.00035
44007~00141 ,      5061,   1.00000
44007~00141 ,      5077,   1.00000
44007~00141 ,      5132,   1.00000
44007~00141 ,      5130,   1.00000
44007~00141 ,      5251,   0.00037
44003~00046 ,      5615,   0.00078
44003~00046 ,      5547,   0.99917
44003~00046 ,      5578,   1.00000
44003~00046 ,      5577,   0.00078
44003~00046 ,      5546,   1.00000
44003~00046 ,      5549,   0.00067
44003~00045 ,      5576,   0.99964
44003~00045 ,      5575,   1.00000
44003~00045 ,      5577,   0.99922
44003~00044 ,      5580,   1.00000
44003~00044 ,      5581,   0.99910
44003~00044 ,      5583,   1.00000
44003~00051 ,      5573,   0.00043
44003~00051 ,      5587,   0.00064
44003~00051 ,      5582,   1.00000
44003~00051 ,      5581,   0.00090
44003~00033 ,      5572,   1.00000
44003~00033 ,      5573,   0.99871
44003~00033 ,      5574,   1.00000
44003~00033 ,      5647,   1.00000
44003~00036 ,      5587,   0.99936
44003~00036 ,      5635,   0.00040
44003~00036 ,      5638,   0.00049
44003~00036 ,      5637,   1.00000
44003~00036 ,      5640,   1.00000
44003~00041 ,      5638,   0.00049
44003~00041 ,      5639,   1.00000
44003~00041 ,      5634,   0.99937
44003~00041 ,      5632,   0.99911
44003~00041 ,      5633,   0.99959
44003~00041 ,      5643,   1.00000
44003~00042 ,      5635,   0.99920
44003~00042 ,      5638,   0.99903
44003~00042 ,      5636,   0.00059
44003~00042 ,      5634,   0.00032
44003~00042 ,      5627,   0.00071
44003~00040 ,      5644,   0.99952
44003~00040 ,      5554,   1.00000
44003~00039 ,      5635,   0.00040
44003~00039 ,      5636,   0.99231
44003~00039 ,      5555,   0.99965
44003~00039 ,      5626,   0.99962
44003~00039 ,      5645,   1.00000
44003~00037 ,      5630,   1.00000
44003~00037 ,      5642,   1.00000
44003~00037 ,      5641,   1.00000
44003~00035 ,      5584,   1.00000
44003~00035 ,      5585,   1.00000
44003~00035 ,      5622,   0.99910
44003~00035 ,      5617,   0.99887
44003~00035 ,      5618,   0.00034
44003~00038 ,      5629,   1.00000
44003~00038 ,      5631,   1.00000
44003~00038 ,      5627,   0.99859
44003~00038 ,      5628,   1.00000
44007~00170 ,      5043,   0.99945
44007~00170 ,      5094,   1.00000
44007~00170 ,      5041,   0.99918
44007~00170 ,      5108,   1.00000
44007~00170 ,      5075,   0.00040
44007~00170 ,      5181,   0.00065
44007~00170 ,      5180,   0.00048
44007~00169 ,      5042,   1.00000
44007~00169 ,      5264,   0.99961
44007~00169 ,      5093,   1.00000
